sample_id,parent_sample_id,label,language_type,source_dataset,generator,split,augmentation_condition,duration,codec,sha256,group_id,path
rob_cv_hi_00030__mp3,cv_hi_00030,real,Hindi,CommonVoice_Hindi_26.0,,test,mp3,6.876,WAV/PCM_16,e5b28948dda320bba65a23810412649466bf7d385aab3a8af9d081a54680e99c,0ff4e6d67f0b7d02,data/evaluation/robustness_v1/rob_cv_hi_00030__mp3.wav
rob_cv_hi_00030__opus,cv_hi_00030,real,Hindi,CommonVoice_Hindi_26.0,,test,opus,6.876,WAV/PCM_16,e61061cc4109b3f1f867de3f185ca74c609ad92cc76c28745a4d51e059e1a913,0ff4e6d67f0b7d02,data/evaluation/robustness_v1/rob_cv_hi_00030__opus.wav
rob_cv_hi_00030__telephone,cv_hi_00030,real,Hindi,CommonVoice_Hindi_26.0,,test,telephone,6.876,WAV/PCM_16,c34eb021ae09c1d7c5d0673787fb100ab85e2ad4ea389cb8f0de2fb4195ece02,0ff4e6d67f0b7d02,data/evaluation/robustness_v1/rob_cv_hi_00030__telephone.wav
rob_cv_hi_00030__lowpass,cv_hi_00030,real,Hindi,CommonVoice_Hindi_26.0,,test,lowpass,6.876,WAV/PCM_16,834d9435101ca8792290b552d27150c2058fa5ac96c8cb7b982741881a8c8709,0ff4e6d67f0b7d02,data/evaluation/robustness_v1/rob_cv_hi_00030__lowpass.wav
rob_cv_hi_00030__multi_codec,cv_hi_00030,real,Hindi,CommonVoice_Hindi_26.0,,test,multi_codec,6.876,WAV/PCM_16,723b91ce99c90ce868bc03e784151bd69858b02133e758483635f22e15d288cd,0ff4e6d67f0b7d02,data/evaluation/robustness_v1/rob_cv_hi_00030__multi_codec.wav
rob_cv_hi_00102__mp3,cv_hi_00102,real,Hindi,CommonVoice_Hindi_26.0,,test,mp3,5.796,WAV/PCM_16,e1fe58cf953921f00a8fa8c72861d8d3b5b561c43311deb0159f621ff662a6d4,ed385c5b04af05d9,data/evaluation/robustness_v1/rob_cv_hi_00102__mp3.wav
rob_cv_hi_00102__opus,cv_hi_00102,real,Hindi,CommonVoice_Hindi_26.0,,test,opus,5.796,WAV/PCM_16,5805aad883d47c368b743031d55bb5312e7c7186b46abdccb20818af466ae30c,ed385c5b04af05d9,data/evaluation/robustness_v1/rob_cv_hi_00102__opus.wav
rob_cv_hi_00102__telephone,cv_hi_00102,real,Hindi,CommonVoice_Hindi_26.0,,test,telephone,5.796,WAV/PCM_16,b54cb7450fedeaaca0e6b3d12451ea0e80366e5d8903d69a23f9ad36b2dee0b0,ed385c5b04af05d9,data/evaluation/robustness_v1/rob_cv_hi_00102__telephone.wav
rob_cv_hi_00102__lowpass,cv_hi_00102,real,Hindi,CommonVoice_Hindi_26.0,,test,lowpass,5.796,WAV/PCM_16,dd8e2027be2b95c4452383cc79508325ecbf28b01869c8bd113c7362266cdcb9,ed385c5b04af05d9,data/evaluation/robustness_v1/rob_cv_hi_00102__lowpass.wav
rob_cv_hi_00102__multi_codec,cv_hi_00102,real,Hindi,CommonVoice_Hindi_26.0,,test,multi_codec,5.796,WAV/PCM_16,09a7450c86622c2c5dc9ddbb99eed108688daf33df0d20d09def2b75c1e7a93f,ed385c5b04af05d9,data/evaluation/robustness_v1/rob_cv_hi_00102__multi_codec.wav
rob_cv_hi_00139__mp3,cv_hi_00139,real,Hindi,CommonVoice_Hindi_26.0,,test,mp3,7.416,WAV/PCM_16,a23f36105b35f8cb5f2b15f3f25da5dc6513ef5ebefa7a996e543e8bcbb64e66,83f9bc48273bfa83,data/evaluation/robustness_v1/rob_cv_hi_00139__mp3.wav
rob_cv_hi_00139__opus,cv_hi_00139,real,Hindi,CommonVoice_Hindi_26.0,,test,opus,7.416,WAV/PCM_16,8f58085f4af66557038e98b367cbe996a36c3281e72a7d8dbdc2039f0532d341,83f9bc48273bfa83,data/evaluation/robustness_v1/rob_cv_hi_00139__opus.wav
rob_cv_hi_00139__telephone,cv_hi_00139,real,Hindi,CommonVoice_Hindi_26.0,,test,telephone,7.416,WAV/PCM_16,203f8d3f9799fe69710305ec08b8594cb337206e7c3cb352e75adaf70cfd00e3,83f9bc48273bfa83,data/evaluation/robustness_v1/rob_cv_hi_00139__telephone.wav
rob_cv_hi_00139__lowpass,cv_hi_00139,real,Hindi,CommonVoice_Hindi_26.0,,test,lowpass,7.416,WAV/PCM_16,06e7f473f8a0f36379f2572b1a1c7756cce058b22c7ca6da0fe936c7ac028a5b,83f9bc48273bfa83,data/evaluation/robustness_v1/rob_cv_hi_00139__lowpass.wav
rob_cv_hi_00139__multi_codec,cv_hi_00139,real,Hindi,CommonVoice_Hindi_26.0,,test,multi_codec,7.416,WAV/PCM_16,db8acb370e9728da7039ae1222aad2d1e6c458a107f5210f6fbf4be2e05597eb,83f9bc48273bfa83,data/evaluation/robustness_v1/rob_cv_hi_00139__multi_codec.wav
rob_cv_hi_00155__mp3,cv_hi_00155,real,Hindi,CommonVoice_Hindi_26.0,,test,mp3,4.896,WAV/PCM_16,00c14cf3a869a1072e1269c7700ac3f1502a9ee5a8341ac01d5ba050a14dd33f,0ff4e6d67f0b7d02,data/evaluation/robustness_v1/rob_cv_hi_00155__mp3.wav
rob_cv_hi_00155__opus,cv_hi_00155,real,Hindi,CommonVoice_Hindi_26.0,,test,opus,4.896,WAV/PCM_16,6a549464632acbfc57af137e62b842d74176daf508f2a7a90b0c9983471d0d11,0ff4e6d67f0b7d02,data/evaluation/robustness_v1/rob_cv_hi_00155__opus.wav
rob_cv_hi_00155__telephone,cv_hi_00155,real,Hindi,CommonVoice_Hindi_26.0,,test,telephone,4.896,WAV/PCM_16,96716ae7899b19e48108bd5724703eb2ecda0faf57b52e274d9cc13b58e9ab60,0ff4e6d67f0b7d02,data/evaluation/robustness_v1/rob_cv_hi_00155__telephone.wav
rob_cv_hi_00155__lowpass,cv_hi_00155,real,Hindi,CommonVoice_Hindi_26.0,,test,lowpass,4.896,WAV/PCM_16,dc21a414cc7957507f234ab4b76e534a3fd589f4681fb7cd3830e5db04ac4ace,0ff4e6d67f0b7d02,data/evaluation/robustness_v1/rob_cv_hi_00155__lowpass.wav
rob_cv_hi_00155__multi_codec,cv_hi_00155,real,Hindi,CommonVoice_Hindi_26.0,,test,multi_codec,4.896,WAV/PCM_16,2c7fceef22607dc3fc9db0ff0f95e0b49e08f0bc8369ed2a688c421d2a45ca8c,0ff4e6d67f0b7d02,data/evaluation/robustness_v1/rob_cv_hi_00155__multi_codec.wav
rob_cv_hi_00162__mp3,cv_hi_00162,real,Hindi,CommonVoice_Hindi_26.0,,test,mp3,3.936,WAV/PCM_16,cfc4c79da009ab70aa09c5a49e899ec09aa6ac5bb052c12f582a063f87177f7f,6f060390556e48b8,data/evaluation/robustness_v1/rob_cv_hi_00162__mp3.wav
rob_cv_hi_00162__opus,cv_hi_00162,real,Hindi,CommonVoice_Hindi_26.0,,test,opus,3.936,WAV/PCM_16,f174c39b8a501667f2b4c1a1b22d7c287bcad75abe794fbe8d7d8d551f7b3cd1,6f060390556e48b8,data/evaluation/robustness_v1/rob_cv_hi_00162__opus.wav
rob_cv_hi_00162__telephone,cv_hi_00162,real,Hindi,CommonVoice_Hindi_26.0,,test,telephone,3.936,WAV/PCM_16,7a4afc41b4fb9f804853972565bf5bf1026047974726868fdd53c251e331b848,6f060390556e48b8,data/evaluation/robustness_v1/rob_cv_hi_00162__telephone.wav
rob_cv_hi_00162__lowpass,cv_hi_00162,real,Hindi,CommonVoice_Hindi_26.0,,test,lowpass,3.936,WAV/PCM_16,006b658f7bef1f413a2ebdddaba098b5f858072e0b511adae9e47946ae41f24a,6f060390556e48b8,data/evaluation/robustness_v1/rob_cv_hi_00162__lowpass.wav
rob_cv_hi_00162__multi_codec,cv_hi_00162,real,Hindi,CommonVoice_Hindi_26.0,,test,multi_codec,3.936,WAV/PCM_16,480539fc5634d808e17164f13705a23a9711e00fd33af41713c1f0050a044b54,6f060390556e48b8,data/evaluation/robustness_v1/rob_cv_hi_00162__multi_codec.wav
rob_cv_hi_00216__mp3,cv_hi_00216,real,Hindi,CommonVoice_Hindi_26.0,,test,mp3,3.312,WAV/PCM_16,8bb6bef6525f1ce268e3fa55fc16d2de85bbfa955a1d5fece9edb88c461ac6f4,7c2dbc9e95b43169,data/evaluation/robustness_v1/rob_cv_hi_00216__mp3.wav
rob_cv_hi_00216__opus,cv_hi_00216,real,Hindi,CommonVoice_Hindi_26.0,,test,opus,3.312,WAV/PCM_16,7c91787ba8fd12f3d6b7ab6d98c1791d15deb02a4e8f509158d3e431d452eb35,7c2dbc9e95b43169,data/evaluation/robustness_v1/rob_cv_hi_00216__opus.wav
rob_cv_hi_00216__telephone,cv_hi_00216,real,Hindi,CommonVoice_Hindi_26.0,,test,telephone,3.312,WAV/PCM_16,124c25cd19f841e422828b10fdc7a81cfeb812dd64775146f046368524089fb1,7c2dbc9e95b43169,data/evaluation/robustness_v1/rob_cv_hi_00216__telephone.wav
rob_cv_hi_00216__lowpass,cv_hi_00216,real,Hindi,CommonVoice_Hindi_26.0,,test,lowpass,3.312,WAV/PCM_16,73b726607fc36e4e543c9bd6590a429a1d32b3271b3a66413febd915569eba6c,7c2dbc9e95b43169,data/evaluation/robustness_v1/rob_cv_hi_00216__lowpass.wav
rob_cv_hi_00216__multi_codec,cv_hi_00216,real,Hindi,CommonVoice_Hindi_26.0,,test,multi_codec,3.312,WAV/PCM_16,08fc70e4ec052f5de2d53992f8ca093388abb9eddde8f25818873e9ee221f6e9,7c2dbc9e95b43169,data/evaluation/robustness_v1/rob_cv_hi_00216__multi_codec.wav
rob_cv_hi_00328__mp3,cv_hi_00328,real,Hindi,CommonVoice_Hindi_26.0,,test,mp3,7.416,WAV/PCM_16,0d9e8fe677bd23c7fc8823dc67c1bd8be1a4ba7d5302c4c63fbe38fbac025a5c,1c212dd884fa644d,data/evaluation/robustness_v1/rob_cv_hi_00328__mp3.wav
rob_cv_hi_00328__opus,cv_hi_00328,real,Hindi,CommonVoice_Hindi_26.0,,test,opus,7.416,WAV/PCM_16,49aca19e257e7c5157a18ee1581ff509ae1444d7fd9b649c1018a1d19ced85c8,1c212dd884fa644d,data/evaluation/robustness_v1/rob_cv_hi_00328__opus.wav
rob_cv_hi_00328__telephone,cv_hi_00328,real,Hindi,CommonVoice_Hindi_26.0,,test,telephone,7.416,WAV/PCM_16,a82184a70a3ef4f4749553909f003672e32873c14e72acf2bcd1b8388a9fb0a7,1c212dd884fa644d,data/evaluation/robustness_v1/rob_cv_hi_00328__telephone.wav
rob_cv_hi_00328__lowpass,cv_hi_00328,real,Hindi,CommonVoice_Hindi_26.0,,test,lowpass,7.416,WAV/PCM_16,2f03060d9cd89069b0c2a92eb4ec68a1539ea0ba2765acb99bc47f954517afc9,1c212dd884fa644d,data/evaluation/robustness_v1/rob_cv_hi_00328__lowpass.wav
rob_cv_hi_00328__multi_codec,cv_hi_00328,real,Hindi,CommonVoice_Hindi_26.0,,test,multi_codec,7.416,WAV/PCM_16,a2dc62033bfed65ec3458989153e519bfe88267d304a094c2f961b01a03ec311,1c212dd884fa644d,data/evaluation/robustness_v1/rob_cv_hi_00328__multi_codec.wav
rob_cv_hi_00339__mp3,cv_hi_00339,real,Hindi,CommonVoice_Hindi_26.0,,test,mp3,3.384,WAV/PCM_16,d0fc62f8bb9d2cada2f6ce7f5689015e6f3679db614714514397c2483a62d98b,d26e503988fdb0d4,data/evaluation/robustness_v1/rob_cv_hi_00339__mp3.wav
rob_cv_hi_00339__opus,cv_hi_00339,real,Hindi,CommonVoice_Hindi_26.0,,test,opus,3.384,WAV/PCM_16,f795838d81c2eb6ab791b2d7c8a75fb028ca70b9b7233a106b37caa90eb8ccf6,d26e503988fdb0d4,data/evaluation/robustness_v1/rob_cv_hi_00339__opus.wav
rob_cv_hi_00339__telephone,cv_hi_00339,real,Hindi,CommonVoice_Hindi_26.0,,test,telephone,3.384,WAV/PCM_16,4670a5a64deaa4ab512bd8d7df65a7aea5b524b83f030d882cd42f8ac38c66c7,d26e503988fdb0d4,data/evaluation/robustness_v1/rob_cv_hi_00339__telephone.wav
rob_cv_hi_00339__lowpass,cv_hi_00339,real,Hindi,CommonVoice_Hindi_26.0,,test,lowpass,3.384,WAV/PCM_16,773bd059d6a8c29ffc47619146f5a33a4314e1c6fc9f4b1321ef567cdcb114ec,d26e503988fdb0d4,data/evaluation/robustness_v1/rob_cv_hi_00339__lowpass.wav
rob_cv_hi_00339__multi_codec,cv_hi_00339,real,Hindi,CommonVoice_Hindi_26.0,,test,multi_codec,3.384,WAV/PCM_16,3b646db9e8a67b2c71495b27ccb9bd1fee195dd5afd111e8747b234f1adec953,d26e503988fdb0d4,data/evaluation/robustness_v1/rob_cv_hi_00339__multi_codec.wav
rob_cv_hi_00478__mp3,cv_hi_00478,real,Hindi,CommonVoice_Hindi_26.0,,test,mp3,2.904,WAV/PCM_16,c01d353e80933589a8fb327533f77586c0ba97ad0712f913a969b6fdf700a591,4790116d688939f0,data/evaluation/robustness_v1/rob_cv_hi_00478__mp3.wav
rob_cv_hi_00478__opus,cv_hi_00478,real,Hindi,CommonVoice_Hindi_26.0,,test,opus,2.904,WAV/PCM_16,9062fe6021ed2e27e5032ba176de75d7a62aeb612470df104669a07abbb68ff0,4790116d688939f0,data/evaluation/robustness_v1/rob_cv_hi_00478__opus.wav
rob_cv_hi_00478__telephone,cv_hi_00478,real,Hindi,CommonVoice_Hindi_26.0,,test,telephone,2.904,WAV/PCM_16,4947a88dc860292359e42301865631356d54f8e3a7d46829039e6b134c469df0,4790116d688939f0,data/evaluation/robustness_v1/rob_cv_hi_00478__telephone.wav
rob_cv_hi_00478__lowpass,cv_hi_00478,real,Hindi,CommonVoice_Hindi_26.0,,test,lowpass,2.904,WAV/PCM_16,1ed5e78753663d7038c3921dcc007cd3b986cb957c163973c0af97161c2439c8,4790116d688939f0,data/evaluation/robustness_v1/rob_cv_hi_00478__lowpass.wav
rob_cv_hi_00478__multi_codec,cv_hi_00478,real,Hindi,CommonVoice_Hindi_26.0,,test,multi_codec,2.904,WAV/PCM_16,9c139325a48ef2d3caad65188d7ab2f521e3717ec73d90d9c11d4ee91b6da57d,4790116d688939f0,data/evaluation/robustness_v1/rob_cv_hi_00478__multi_codec.wav
rob_cv_hi_00524__mp3,cv_hi_00524,real,Hindi,CommonVoice_Hindi_26.0,,test,mp3,2.484,WAV/PCM_16,5f3a3ca58b7b021ce9e8999623685d50c59b35ba942e94e38fe47b1c84e590d7,5cd563f360a78df4,data/evaluation/robustness_v1/rob_cv_hi_00524__mp3.wav
rob_cv_hi_00524__opus,cv_hi_00524,real,Hindi,CommonVoice_Hindi_26.0,,test,opus,2.484,WAV/PCM_16,0814fac1e0ede8a8fd93a1374b5548499764935e0e9137c3af2dd6bf0e9f5c58,5cd563f360a78df4,data/evaluation/robustness_v1/rob_cv_hi_00524__opus.wav
rob_cv_hi_00524__telephone,cv_hi_00524,real,Hindi,CommonVoice_Hindi_26.0,,test,telephone,2.484,WAV/PCM_16,6002120eb7e87a331a0a33ef5af8b2901fe4b74a73ad9ca18d989eefa078abd2,5cd563f360a78df4,data/evaluation/robustness_v1/rob_cv_hi_00524__telephone.wav
rob_cv_hi_00524__lowpass,cv_hi_00524,real,Hindi,CommonVoice_Hindi_26.0,,test,lowpass,2.484,WAV/PCM_16,c66a57a8657798f0e0cd72d8ac165e40f974691336adee5215f45a6366fdf3f7,5cd563f360a78df4,data/evaluation/robustness_v1/rob_cv_hi_00524__lowpass.wav
rob_cv_hi_00524__multi_codec,cv_hi_00524,real,Hindi,CommonVoice_Hindi_26.0,,test,multi_codec,2.484,WAV/PCM_16,524508132a5918f73d63700404c5281c8b2c9c24e4010819c2b1c8ed64d9be29,5cd563f360a78df4,data/evaluation/robustness_v1/rob_cv_hi_00524__multi_codec.wav
rob_cv_hi_00551__mp3,cv_hi_00551,real,Hindi,CommonVoice_Hindi_26.0,,test,mp3,7.02,WAV/PCM_16,76310b2c07962fe4100a05d58405d4cc697cdeec0ad17a6bc17317d9e676bb76,db62d01b45d3987d,data/evaluation/robustness_v1/rob_cv_hi_00551__mp3.wav
rob_cv_hi_00551__opus,cv_hi_00551,real,Hindi,CommonVoice_Hindi_26.0,,test,opus,7.02,WAV/PCM_16,cab888b96a13844145e40b9740795331ce2c1a3a3db16ac8626f51e9cb073ec6,db62d01b45d3987d,data/evaluation/robustness_v1/rob_cv_hi_00551__opus.wav
rob_cv_hi_00551__telephone,cv_hi_00551,real,Hindi,CommonVoice_Hindi_26.0,,test,telephone,7.02,WAV/PCM_16,791e24841ba4f449436a9cdb5a5fad814cd707d686440169b7855d5093e10e35,db62d01b45d3987d,data/evaluation/robustness_v1/rob_cv_hi_00551__telephone.wav
rob_cv_hi_00551__lowpass,cv_hi_00551,real,Hindi,CommonVoice_Hindi_26.0,,test,lowpass,7.02,WAV/PCM_16,541905713491e9577fb9a55ef77efb533d84120450cca040d19d627fa72f9582,db62d01b45d3987d,data/evaluation/robustness_v1/rob_cv_hi_00551__lowpass.wav
rob_cv_hi_00551__multi_codec,cv_hi_00551,real,Hindi,CommonVoice_Hindi_26.0,,test,multi_codec,7.02,WAV/PCM_16,55f29145e54e27b691b8beb71722688aeb5fa8bfab0e52b22952e5c031f660b6,db62d01b45d3987d,data/evaluation/robustness_v1/rob_cv_hi_00551__multi_codec.wav
rob_cv_hi_00567__mp3,cv_hi_00567,real,Hindi,CommonVoice_Hindi_26.0,,test,mp3,6.12,WAV/PCM_16,4da668470f1d3fe523b54a03cfde59591b9faacbf5880840fea2b6302f0bdd84,9f456a1de77a2262,data/evaluation/robustness_v1/rob_cv_hi_00567__mp3.wav
rob_cv_hi_00567__opus,cv_hi_00567,real,Hindi,CommonVoice_Hindi_26.0,,test,opus,6.12,WAV/PCM_16,e869b81d62d48f956c7cc39ff4aaf23ef6179ded3be19f5b04922c3483b99e2f,9f456a1de77a2262,data/evaluation/robustness_v1/rob_cv_hi_00567__opus.wav
rob_cv_hi_00567__telephone,cv_hi_00567,real,Hindi,CommonVoice_Hindi_26.0,,test,telephone,6.12,WAV/PCM_16,b21a0d8a175740a0a2787565d0ba00f5df5a11fb546257bef3d6ab995e1bf0c4,9f456a1de77a2262,data/evaluation/robustness_v1/rob_cv_hi_00567__telephone.wav
rob_cv_hi_00567__lowpass,cv_hi_00567,real,Hindi,CommonVoice_Hindi_26.0,,test,lowpass,6.12,WAV/PCM_16,14189ca109baf0a30a20b634c21a70fa27e61fc1b9577463ccf4daf00a036a9f,9f456a1de77a2262,data/evaluation/robustness_v1/rob_cv_hi_00567__lowpass.wav
rob_cv_hi_00567__multi_codec,cv_hi_00567,real,Hindi,CommonVoice_Hindi_26.0,,test,multi_codec,6.12,WAV/PCM_16,3e65bd275db09f7cb94cbcc5de2081e7a1f870f154cacc8a25c7824a71160e1a,9f456a1de77a2262,data/evaluation/robustness_v1/rob_cv_hi_00567__multi_codec.wav
rob_cv_hi_00595__mp3,cv_hi_00595,real,Hindi,CommonVoice_Hindi_26.0,,test,mp3,4.968,WAV/PCM_16,869917228faa4974dc2f95cccad4349c19d3613528d0372c69aa0a9540fdafff,ed385c5b04af05d9,data/evaluation/robustness_v1/rob_cv_hi_00595__mp3.wav
rob_cv_hi_00595__opus,cv_hi_00595,real,Hindi,CommonVoice_Hindi_26.0,,test,opus,4.968,WAV/PCM_16,e18adff1658892fae62c63dc9eca799b816bcdaed5c246f44692dd3629a68e31,ed385c5b04af05d9,data/evaluation/robustness_v1/rob_cv_hi_00595__opus.wav
rob_cv_hi_00595__telephone,cv_hi_00595,real,Hindi,CommonVoice_Hindi_26.0,,test,telephone,4.968,WAV/PCM_16,d86d0ab61789cc9a69d92185a002b1a3f18debb278b5f7792ca44f842b5af7b7,ed385c5b04af05d9,data/evaluation/robustness_v1/rob_cv_hi_00595__telephone.wav
rob_cv_hi_00595__lowpass,cv_hi_00595,real,Hindi,CommonVoice_Hindi_26.0,,test,lowpass,4.968,WAV/PCM_16,028d31b3da0e8b74636b14001f497ab4cefeead4948e5b247e647a4f336d3a32,ed385c5b04af05d9,data/evaluation/robustness_v1/rob_cv_hi_00595__lowpass.wav
rob_cv_hi_00595__multi_codec,cv_hi_00595,real,Hindi,CommonVoice_Hindi_26.0,,test,multi_codec,4.968,WAV/PCM_16,0805153b46efa2cb75d4ca2933ec9ab9e9de88fb9d07e3a7cf835034c1982a2e,ed385c5b04af05d9,data/evaluation/robustness_v1/rob_cv_hi_00595__multi_codec.wav
rob_cv_hi_00609__mp3,cv_hi_00609,real,Hindi,CommonVoice_Hindi_26.0,,test,mp3,8.208,WAV/PCM_16,a14b9a029ac37775b3287f714e3703ac086339b5e03d24e75978478a2567fb89,5cd563f360a78df4,data/evaluation/robustness_v1/rob_cv_hi_00609__mp3.wav
rob_cv_hi_00609__opus,cv_hi_00609,real,Hindi,CommonVoice_Hindi_26.0,,test,opus,8.208,WAV/PCM_16,3c65bb09538b4d5073b59fdfccd2975dbf543020a1fd2f353efe5275c4b09291,5cd563f360a78df4,data/evaluation/robustness_v1/rob_cv_hi_00609__opus.wav
rob_cv_hi_00609__telephone,cv_hi_00609,real,Hindi,CommonVoice_Hindi_26.0,,test,telephone,8.208,WAV/PCM_16,7497d2befe8f6ac7a1c60d087231aae26d7ecaa1110cd4c56d2cb8f59c697181,5cd563f360a78df4,data/evaluation/robustness_v1/rob_cv_hi_00609__telephone.wav
rob_cv_hi_00609__lowpass,cv_hi_00609,real,Hindi,CommonVoice_Hindi_26.0,,test,lowpass,8.208,WAV/PCM_16,d8d55c9eabbdca5761e296b93088d72303cc0cb1c982de10ba3e21b7cee865ec,5cd563f360a78df4,data/evaluation/robustness_v1/rob_cv_hi_00609__lowpass.wav
rob_cv_hi_00609__multi_codec,cv_hi_00609,real,Hindi,CommonVoice_Hindi_26.0,,test,multi_codec,8.208,WAV/PCM_16,684126e200fc62efe8a24c589e17d4e9d1d2a1266b9d5f0515dde2f4657f27eb,5cd563f360a78df4,data/evaluation/robustness_v1/rob_cv_hi_00609__multi_codec.wav
rob_cv_hi_00613__mp3,cv_hi_00613,real,Hindi,CommonVoice_Hindi_26.0,,test,mp3,3.996,WAV/PCM_16,53db083c6e41395f19c2dabc6a9cc08262f5dc9bf6bdbc9d111f186766e81a92,2287c1a695fbaf97,data/evaluation/robustness_v1/rob_cv_hi_00613__mp3.wav
rob_cv_hi_00613__opus,cv_hi_00613,real,Hindi,CommonVoice_Hindi_26.0,,test,opus,3.996,WAV/PCM_16,afb703616adfff1b5e9ab1c6b41a491b433bef54826bcdfd7a6735c95270bbfb,2287c1a695fbaf97,data/evaluation/robustness_v1/rob_cv_hi_00613__opus.wav
rob_cv_hi_00613__telephone,cv_hi_00613,real,Hindi,CommonVoice_Hindi_26.0,,test,telephone,3.996,WAV/PCM_16,73973713689af498340d31cd24d5684e096ee35ad1e6c45210de6a5f5c8c60ce,2287c1a695fbaf97,data/evaluation/robustness_v1/rob_cv_hi_00613__telephone.wav
rob_cv_hi_00613__lowpass,cv_hi_00613,real,Hindi,CommonVoice_Hindi_26.0,,test,lowpass,3.996,WAV/PCM_16,711409f5000f16fff830032815c10fffb8b1f13d39a2eba8b6f693c9497a444f,2287c1a695fbaf97,data/evaluation/robustness_v1/rob_cv_hi_00613__lowpass.wav
rob_cv_hi_00613__multi_codec,cv_hi_00613,real,Hindi,CommonVoice_Hindi_26.0,,test,multi_codec,3.996,WAV/PCM_16,98361eec98bd89ce2a1a8ad2f9c4781f33b0a9327f689cd6ba8283c7490259e7,2287c1a695fbaf97,data/evaluation/robustness_v1/rob_cv_hi_00613__multi_codec.wav
rob_cv_hi_00667__mp3,cv_hi_00667,real,Hindi,CommonVoice_Hindi_26.0,,test,mp3,5.148,WAV/PCM_16,c697840b580147b274c63c0e0b76ec332cd267b669e12a5f776c2fc041c355f6,ed385c5b04af05d9,data/evaluation/robustness_v1/rob_cv_hi_00667__mp3.wav
rob_cv_hi_00667__opus,cv_hi_00667,real,Hindi,CommonVoice_Hindi_26.0,,test,opus,5.148,WAV/PCM_16,1a123948a104a53fd9c50f589304e17e59015a4683a12b1286e0e88aad659b0b,ed385c5b04af05d9,data/evaluation/robustness_v1/rob_cv_hi_00667__opus.wav
rob_cv_hi_00667__telephone,cv_hi_00667,real,Hindi,CommonVoice_Hindi_26.0,,test,telephone,5.148,WAV/PCM_16,83add78b2ed4311fa1317fb3d78543a7cf13115cdaeeea526d3c2abc88c77efb,ed385c5b04af05d9,data/evaluation/robustness_v1/rob_cv_hi_00667__telephone.wav
rob_cv_hi_00667__lowpass,cv_hi_00667,real,Hindi,CommonVoice_Hindi_26.0,,test,lowpass,5.148,WAV/PCM_16,dbb4b16ca1e2b40e92d9e2d80cff7d4c1942161f2554221d0908c7d6ab34f566,ed385c5b04af05d9,data/evaluation/robustness_v1/rob_cv_hi_00667__lowpass.wav
rob_cv_hi_00667__multi_codec,cv_hi_00667,real,Hindi,CommonVoice_Hindi_26.0,,test,multi_codec,5.148,WAV/PCM_16,3c7e12c9f11614a439e8df62603cd8d6f4eeb759e32a4ecea08e3d54e607dc86,ed385c5b04af05d9,data/evaluation/robustness_v1/rob_cv_hi_00667__multi_codec.wav
rob_cv_hi_00698__mp3,cv_hi_00698,real,Hindi,CommonVoice_Hindi_26.0,,test,mp3,5.76,WAV/PCM_16,fe0399ea9c6b15f261db9e802022257d6e7ca410df9ba77e3f867640061552f6,d27f1820ba21afc9,data/evaluation/robustness_v1/rob_cv_hi_00698__mp3.wav
rob_cv_hi_00698__opus,cv_hi_00698,real,Hindi,CommonVoice_Hindi_26.0,,test,opus,5.76,WAV/PCM_16,59ff95ba328a53d05cbb76d8c437c1f5d4225214c4f4b7f04b9524738dcc374f,d27f1820ba21afc9,data/evaluation/robustness_v1/rob_cv_hi_00698__opus.wav
rob_cv_hi_00698__telephone,cv_hi_00698,real,Hindi,CommonVoice_Hindi_26.0,,test,telephone,5.76,WAV/PCM_16,ca360576b694730ee93cd86821b939610cedb877738772f23e768de0e33d21e7,d27f1820ba21afc9,data/evaluation/robustness_v1/rob_cv_hi_00698__telephone.wav
rob_cv_hi_00698__lowpass,cv_hi_00698,real,Hindi,CommonVoice_Hindi_26.0,,test,lowpass,5.76,WAV/PCM_16,f772eab4f8c9a075f9691e81bcbd28f2706e889cb6439b5118024995b7e5a855,d27f1820ba21afc9,data/evaluation/robustness_v1/rob_cv_hi_00698__lowpass.wav
rob_cv_hi_00698__multi_codec,cv_hi_00698,real,Hindi,CommonVoice_Hindi_26.0,,test,multi_codec,5.76,WAV/PCM_16,6acd9e6ab4e9e132b8e36509e5499ce39ac1041c0ee5de7c3d4e1c6a6c8bf49b,d27f1820ba21afc9,data/evaluation/robustness_v1/rob_cv_hi_00698__multi_codec.wav
rob_cv_hi_00858__mp3,cv_hi_00858,real,Hindi,CommonVoice_Hindi_26.0,,test,mp3,5.652,WAV/PCM_16,a2cdf462d02e73dc9431aaba0495579a31ffde4f945b37c78b8bb6b26122de74,1c33ef98553ef298,data/evaluation/robustness_v1/rob_cv_hi_00858__mp3.wav
rob_cv_hi_00858__opus,cv_hi_00858,real,Hindi,CommonVoice_Hindi_26.0,,test,opus,5.652,WAV/PCM_16,7268ceddb5a2e9428a53a9b3a5c77d6197d877b49194b42e834c6632c7f0b496,1c33ef98553ef298,data/evaluation/robustness_v1/rob_cv_hi_00858__opus.wav
rob_cv_hi_00858__telephone,cv_hi_00858,real,Hindi,CommonVoice_Hindi_26.0,,test,telephone,5.652,WAV/PCM_16,bb47f1bb2ec2112a1239e54f045b0338debeacad9cd51e367378281e1e7a2d1c,1c33ef98553ef298,data/evaluation/robustness_v1/rob_cv_hi_00858__telephone.wav
rob_cv_hi_00858__lowpass,cv_hi_00858,real,Hindi,CommonVoice_Hindi_26.0,,test,lowpass,5.652,WAV/PCM_16,e3a0bdf6f12f5872b1ccffd7651a64fad851fc8ac52298df605809d03ade48ca,1c33ef98553ef298,data/evaluation/robustness_v1/rob_cv_hi_00858__lowpass.wav
rob_cv_hi_00858__multi_codec,cv_hi_00858,real,Hindi,CommonVoice_Hindi_26.0,,test,multi_codec,5.652,WAV/PCM_16,3bafe10683c6588faa2d2938b3fed0d410e37c7a8e5edf11729106b8b412c66f,1c33ef98553ef298,data/evaluation/robustness_v1/rob_cv_hi_00858__multi_codec.wav
rob_cv_hi_00866__mp3,cv_hi_00866,real,Hindi,CommonVoice_Hindi_26.0,,test,mp3,6.048,WAV/PCM_16,0e2985e5414ba538e70507e8b3e4b3e23c250f5574d0eee7b78f1de09273ffee,ed385c5b04af05d9,data/evaluation/robustness_v1/rob_cv_hi_00866__mp3.wav
rob_cv_hi_00866__opus,cv_hi_00866,real,Hindi,CommonVoice_Hindi_26.0,,test,opus,6.048,WAV/PCM_16,67d35d52a95acf28e902780043d9e85e0d40dd98c60ce3fb66f70ec17237f8b7,ed385c5b04af05d9,data/evaluation/robustness_v1/rob_cv_hi_00866__opus.wav
rob_cv_hi_00866__telephone,cv_hi_00866,real,Hindi,CommonVoice_Hindi_26.0,,test,telephone,6.048,WAV/PCM_16,6bb3da3c37c7b29fe70fe9cd780630ccdffd9f28668ca06e1483ff3a8e8a43e1,ed385c5b04af05d9,data/evaluation/robustness_v1/rob_cv_hi_00866__telephone.wav
rob_cv_hi_00866__lowpass,cv_hi_00866,real,Hindi,CommonVoice_Hindi_26.0,,test,lowpass,6.048,WAV/PCM_16,247777675c5d02141e7b9e4bd4ae5f940f7668f595a41368421bd7e6e51f8dae,ed385c5b04af05d9,data/evaluation/robustness_v1/rob_cv_hi_00866__lowpass.wav
rob_cv_hi_00866__multi_codec,cv_hi_00866,real,Hindi,CommonVoice_Hindi_26.0,,test,multi_codec,6.048,WAV/PCM_16,31a7bd7f1edd093e401abed3a86e3e712fef2ba19b14903a3ec73d763f0c6843,ed385c5b04af05d9,data/evaluation/robustness_v1/rob_cv_hi_00866__multi_codec.wav
rob_cv_hi_00941__mp3,cv_hi_00941,real,Hindi,CommonVoice_Hindi_26.0,,test,mp3,5.796,WAV/PCM_16,fcb5187c9c563eed89e6fb3ca75b49b3a6949490606c2abfeb06bb1a6a1e8fba,9b387d96a1191003,data/evaluation/robustness_v1/rob_cv_hi_00941__mp3.wav
rob_cv_hi_00941__opus,cv_hi_00941,real,Hindi,CommonVoice_Hindi_26.0,,test,opus,5.796,WAV/PCM_16,21003b10989a43f821aa292a7d63a6e20d7427850645b9052e9b9ebfe63ee5f5,9b387d96a1191003,data/evaluation/robustness_v1/rob_cv_hi_00941__opus.wav
rob_cv_hi_00941__telephone,cv_hi_00941,real,Hindi,CommonVoice_Hindi_26.0,,test,telephone,5.796,WAV/PCM_16,c0241bc5042b841d0be4ebe45e459d60e8c8d0dd00c1e7a2ab7d3d72f75c71d1,9b387d96a1191003,data/evaluation/robustness_v1/rob_cv_hi_00941__telephone.wav
rob_cv_hi_00941__lowpass,cv_hi_00941,real,Hindi,CommonVoice_Hindi_26.0,,test,lowpass,5.796,WAV/PCM_16,7e23a83719a08bbfcc26df8633ef78c0a0226a91d4a9cc3c69e9b6380c17ae3e,9b387d96a1191003,data/evaluation/robustness_v1/rob_cv_hi_00941__lowpass.wav
rob_cv_hi_00941__multi_codec,cv_hi_00941,real,Hindi,CommonVoice_Hindi_26.0,,test,multi_codec,5.796,WAV/PCM_16,3c97b09b6880cd0a0efcf7fc14e8defb80b2277ae86ccb97a0706bff10ba56f1,9b387d96a1191003,data/evaluation/robustness_v1/rob_cv_hi_00941__multi_codec.wav
rob_cv_hi_00955__mp3,cv_hi_00955,real,Hindi,CommonVoice_Hindi_26.0,,test,mp3,6.84,WAV/PCM_16,9bbc8ce074d7818d4e55e1ee8933bcb6bc5a8ff0e622be27ad6a6bf8794d4de6,ddbd9d7f7fa5c14c,data/evaluation/robustness_v1/rob_cv_hi_00955__mp3.wav
rob_cv_hi_00955__opus,cv_hi_00955,real,Hindi,CommonVoice_Hindi_26.0,,test,opus,6.84,WAV/PCM_16,865f0e243ac978a4aa3943b5d740f566549d205346de83e8fb0055b23fdb7bef,ddbd9d7f7fa5c14c,data/evaluation/robustness_v1/rob_cv_hi_00955__opus.wav
rob_cv_hi_00955__telephone,cv_hi_00955,real,Hindi,CommonVoice_Hindi_26.0,,test,telephone,6.84,WAV/PCM_16,91b3b973ec33e3decb93c1986a3b9991435c811332f7308b0d4cfca889a54e72,ddbd9d7f7fa5c14c,data/evaluation/robustness_v1/rob_cv_hi_00955__telephone.wav
rob_cv_hi_00955__lowpass,cv_hi_00955,real,Hindi,CommonVoice_Hindi_26.0,,test,lowpass,6.84,WAV/PCM_16,a07fdaede5776c5272bae3757a18261b60ad1f0c45fc8d85ad56b02cc33e0077,ddbd9d7f7fa5c14c,data/evaluation/robustness_v1/rob_cv_hi_00955__lowpass.wav
rob_cv_hi_00955__multi_codec,cv_hi_00955,real,Hindi,CommonVoice_Hindi_26.0,,test,multi_codec,6.84,WAV/PCM_16,e5b27f94c33bd56110e4eb724768047c9d8335efee932d5d5e9a86b212c73bf7,ddbd9d7f7fa5c14c,data/evaluation/robustness_v1/rob_cv_hi_00955__multi_codec.wav
rob_cv_hi_01005__mp3,cv_hi_01005,real,Hindi,CommonVoice_Hindi_26.0,,test,mp3,5.184,WAV/PCM_16,25260f45a28704efd90bd1609751705e15b9f2f0609421861ea88f4974cb27b0,0c6d11511c1c1dae,data/evaluation/robustness_v1/rob_cv_hi_01005__mp3.wav
rob_cv_hi_01005__opus,cv_hi_01005,real,Hindi,CommonVoice_Hindi_26.0,,test,opus,5.184,WAV/PCM_16,d8c9bff0c1fa347428a870a38285f49a2456c30ba36cfde956ee16b4c011a385,0c6d11511c1c1dae,data/evaluation/robustness_v1/rob_cv_hi_01005__opus.wav
rob_cv_hi_01005__telephone,cv_hi_01005,real,Hindi,CommonVoice_Hindi_26.0,,test,telephone,5.184,WAV/PCM_16,fd21474ae8c605e66536c3c85d0d36106ce6c391d7a458121440f1a50d168b88,0c6d11511c1c1dae,data/evaluation/robustness_v1/rob_cv_hi_01005__telephone.wav
rob_cv_hi_01005__lowpass,cv_hi_01005,real,Hindi,CommonVoice_Hindi_26.0,,test,lowpass,5.184,WAV/PCM_16,f2e12c26baedafb923790576f96a9a51ecbb975bcca2ff142ac5ec73d515310e,0c6d11511c1c1dae,data/evaluation/robustness_v1/rob_cv_hi_01005__lowpass.wav
rob_cv_hi_01005__multi_codec,cv_hi_01005,real,Hindi,CommonVoice_Hindi_26.0,,test,multi_codec,5.184,WAV/PCM_16,4dac24472a14ff5f2e1f1d6535f7f056531d0a8b5fe1937bc9d8091aa5906c42,0c6d11511c1c1dae,data/evaluation/robustness_v1/rob_cv_hi_01005__multi_codec.wav
rob_cv_hi_01035__mp3,cv_hi_01035,real,Hindi,CommonVoice_Hindi_26.0,,test,mp3,5.58,WAV/PCM_16,f5ae63c10c18d2aaaea32bddf933e9324af3a556a64e42e25aa1a4b9240a61e5,0c6d11511c1c1dae,data/evaluation/robustness_v1/rob_cv_hi_01035__mp3.wav
rob_cv_hi_01035__opus,cv_hi_01035,real,Hindi,CommonVoice_Hindi_26.0,,test,opus,5.58,WAV/PCM_16,fc59c93a7010b74e02774e3ab53c84dba2209d2387a4cb2b903cd536fee008f9,0c6d11511c1c1dae,data/evaluation/robustness_v1/rob_cv_hi_01035__opus.wav
rob_cv_hi_01035__telephone,cv_hi_01035,real,Hindi,CommonVoice_Hindi_26.0,,test,telephone,5.58,WAV/PCM_16,d2ef72362113e3dc18eab06d87751921cc9ae91370304308069d8d6c98cceb20,0c6d11511c1c1dae,data/evaluation/robustness_v1/rob_cv_hi_01035__telephone.wav
rob_cv_hi_01035__lowpass,cv_hi_01035,real,Hindi,CommonVoice_Hindi_26.0,,test,lowpass,5.58,WAV/PCM_16,73cd6321572b57e5a52c4b18c7b7ea50f796021592c6ec4bc924198ee6b78f7d,0c6d11511c1c1dae,data/evaluation/robustness_v1/rob_cv_hi_01035__lowpass.wav
rob_cv_hi_01035__multi_codec,cv_hi_01035,real,Hindi,CommonVoice_Hindi_26.0,,test,multi_codec,5.58,WAV/PCM_16,1d55e239476c7e4ec4a0e52640f5dff5e01000a2016744a3b3eaf382d794195f,0c6d11511c1c1dae,data/evaluation/robustness_v1/rob_cv_hi_01035__multi_codec.wav
rob_cv_hi_01070__mp3,cv_hi_01070,real,Hindi,CommonVoice_Hindi_26.0,,test,mp3,5.616,WAV/PCM_16,42c35d64e47621870d5bc9143f18bc5d4e842629ed1a152ea7b5e55b915821f8,ec179470f73990d8,data/evaluation/robustness_v1/rob_cv_hi_01070__mp3.wav
rob_cv_hi_01070__opus,cv_hi_01070,real,Hindi,CommonVoice_Hindi_26.0,,test,opus,5.616,WAV/PCM_16,c27160fb6880dc646597e42466c9c42eda29a05300ca1aab54504fcebee79317,ec179470f73990d8,data/evaluation/robustness_v1/rob_cv_hi_01070__opus.wav
rob_cv_hi_01070__telephone,cv_hi_01070,real,Hindi,CommonVoice_Hindi_26.0,,test,telephone,5.616,WAV/PCM_16,605173a1fa629c150b5a2e439ab3c4ea3577ccbc62ba0261e4bbbf693418ab33,ec179470f73990d8,data/evaluation/robustness_v1/rob_cv_hi_01070__telephone.wav
rob_cv_hi_01070__lowpass,cv_hi_01070,real,Hindi,CommonVoice_Hindi_26.0,,test,lowpass,5.616,WAV/PCM_16,d62597b4ad5e7d0b32519421421a4a863c2684fc4dfe07d59eb9087b24d30598,ec179470f73990d8,data/evaluation/robustness_v1/rob_cv_hi_01070__lowpass.wav
rob_cv_hi_01070__multi_codec,cv_hi_01070,real,Hindi,CommonVoice_Hindi_26.0,,test,multi_codec,5.616,WAV/PCM_16,661768a43dd55c402a586d4c67337d732b945ff9d2c91b8bf81a5f0b26e5576c,ec179470f73990d8,data/evaluation/robustness_v1/rob_cv_hi_01070__multi_codec.wav
rob_cv_hi_01126__mp3,cv_hi_01126,real,Hindi,CommonVoice_Hindi_26.0,,test,mp3,5.796,WAV/PCM_16,dc99acc64862c0378ad2a37821639ca194ba202a35358c9ab14ab689beeb9944,4c7759be13938e00,data/evaluation/robustness_v1/rob_cv_hi_01126__mp3.wav
rob_cv_hi_01126__opus,cv_hi_01126,real,Hindi,CommonVoice_Hindi_26.0,,test,opus,5.796,WAV/PCM_16,97e60c4590c8f593df6f431093b93ddb08a7f10caa6783e392f2e118dd73e396,4c7759be13938e00,data/evaluation/robustness_v1/rob_cv_hi_01126__opus.wav
rob_cv_hi_01126__telephone,cv_hi_01126,real,Hindi,CommonVoice_Hindi_26.0,,test,telephone,5.796,WAV/PCM_16,4165f0feb0788064eb4ec4cea501c05ef4072ce5dc2ea566ff6da36cf518e6c4,4c7759be13938e00,data/evaluation/robustness_v1/rob_cv_hi_01126__telephone.wav
rob_cv_hi_01126__lowpass,cv_hi_01126,real,Hindi,CommonVoice_Hindi_26.0,,test,lowpass,5.796,WAV/PCM_16,0331735f33ca5e0761e8734b815489f0f47666799df486e8633f0de77e65ddea,4c7759be13938e00,data/evaluation/robustness_v1/rob_cv_hi_01126__lowpass.wav
rob_cv_hi_01126__multi_codec,cv_hi_01126,real,Hindi,CommonVoice_Hindi_26.0,,test,multi_codec,5.796,WAV/PCM_16,99798626f33a219bab88190389cfd6e9990ca0e342c17a38e19143ba483b61aa,4c7759be13938e00,data/evaluation/robustness_v1/rob_cv_hi_01126__multi_codec.wav
rob_cv_hi_01134__mp3,cv_hi_01134,real,Hindi,CommonVoice_Hindi_26.0,,test,mp3,6.516,WAV/PCM_16,8ea96618fcb6732c28ed0ecbfa3d29a5874ed605741a87ab616357d1583a4cb9,eb74d54da73c82a7,data/evaluation/robustness_v1/rob_cv_hi_01134__mp3.wav
rob_cv_hi_01134__opus,cv_hi_01134,real,Hindi,CommonVoice_Hindi_26.0,,test,opus,6.516,WAV/PCM_16,c3d090116a0366b7ed39a4d386301423d95309a7090408979121fb2e4851ef75,eb74d54da73c82a7,data/evaluation/robustness_v1/rob_cv_hi_01134__opus.wav
rob_cv_hi_01134__telephone,cv_hi_01134,real,Hindi,CommonVoice_Hindi_26.0,,test,telephone,6.516,WAV/PCM_16,d9d02ad570bde17c388d896f14ff9f964bad323f81027d6aab3209368a56c47c,eb74d54da73c82a7,data/evaluation/robustness_v1/rob_cv_hi_01134__telephone.wav
rob_cv_hi_01134__lowpass,cv_hi_01134,real,Hindi,CommonVoice_Hindi_26.0,,test,lowpass,6.516,WAV/PCM_16,967b9f8d961049ccaf888a6d497165a1cc81363ebf2e9591b1c1963ed5b86f97,eb74d54da73c82a7,data/evaluation/robustness_v1/rob_cv_hi_01134__lowpass.wav
rob_cv_hi_01134__multi_codec,cv_hi_01134,real,Hindi,CommonVoice_Hindi_26.0,,test,multi_codec,6.516,WAV/PCM_16,0603c807f08836cd810be2361c423685c671eba05b0c0317a2a7c121ebef16ef,eb74d54da73c82a7,data/evaluation/robustness_v1/rob_cv_hi_01134__multi_codec.wav
rob_cv_hi_01152__mp3,cv_hi_01152,real,Hindi,CommonVoice_Hindi_26.0,,test,mp3,3.42,WAV/PCM_16,94cc9ae388d31cfb03575be185631deb545e10a1697fbe71e2687118d13bffe2,0c6d11511c1c1dae,data/evaluation/robustness_v1/rob_cv_hi_01152__mp3.wav
rob_cv_hi_01152__opus,cv_hi_01152,real,Hindi,CommonVoice_Hindi_26.0,,test,opus,3.42,WAV/PCM_16,3f7e2057d653c351e638478610d0eb92c5683c790e816f0b42711bda6acb572e,0c6d11511c1c1dae,data/evaluation/robustness_v1/rob_cv_hi_01152__opus.wav
rob_cv_hi_01152__telephone,cv_hi_01152,real,Hindi,CommonVoice_Hindi_26.0,,test,telephone,3.42,WAV/PCM_16,cb0fbb2e9ab2d0d588c4cc62e1215fd8c15cf091c79f349001467275c259e35e,0c6d11511c1c1dae,data/evaluation/robustness_v1/rob_cv_hi_01152__telephone.wav
rob_cv_hi_01152__lowpass,cv_hi_01152,real,Hindi,CommonVoice_Hindi_26.0,,test,lowpass,3.42,WAV/PCM_16,67777b5b9d4b8413324b9813389d1dd76cd22c6e76e63cee452c9c1f45bb9665,0c6d11511c1c1dae,data/evaluation/robustness_v1/rob_cv_hi_01152__lowpass.wav
rob_cv_hi_01152__multi_codec,cv_hi_01152,real,Hindi,CommonVoice_Hindi_26.0,,test,multi_codec,3.42,WAV/PCM_16,fe3ed2ece10fe6405cafea00dad9de0997e1c27952e582f413c283bcbc3b4bcd,0c6d11511c1c1dae,data/evaluation/robustness_v1/rob_cv_hi_01152__multi_codec.wav
rob_cv_hi_01273__mp3,cv_hi_01273,real,Hindi,CommonVoice_Hindi_26.0,,test,mp3,7.236,WAV/PCM_16,c67b3df9743070e9759163cb119f3959b617694d26c5eefdf12c9358628a5774,f4ab0f7b09924350,data/evaluation/robustness_v1/rob_cv_hi_01273__mp3.wav
rob_cv_hi_01273__opus,cv_hi_01273,real,Hindi,CommonVoice_Hindi_26.0,,test,opus,7.236,WAV/PCM_16,cf0e4b6e855235e6bbb90897941327d2f641e92bcd88dbf700c779d0fac4d61b,f4ab0f7b09924350,data/evaluation/robustness_v1/rob_cv_hi_01273__opus.wav
rob_cv_hi_01273__telephone,cv_hi_01273,real,Hindi,CommonVoice_Hindi_26.0,,test,telephone,7.236,WAV/PCM_16,e286f43f3d548bf519d67f20e9baa7bed5f538ea46c6d78f3aa992bc3e38ca6f,f4ab0f7b09924350,data/evaluation/robustness_v1/rob_cv_hi_01273__telephone.wav
rob_cv_hi_01273__lowpass,cv_hi_01273,real,Hindi,CommonVoice_Hindi_26.0,,test,lowpass,7.236,WAV/PCM_16,d9d1981f25d990c4461c9e342bf1559e082862de3366aeaafbf98a2c2ac5767b,f4ab0f7b09924350,data/evaluation/robustness_v1/rob_cv_hi_01273__lowpass.wav
rob_cv_hi_01273__multi_codec,cv_hi_01273,real,Hindi,CommonVoice_Hindi_26.0,,test,multi_codec,7.236,WAV/PCM_16,71978aa7a551788680ecca8b7db6d64cf0ea439a8c42df9a9df72f86c97adbbd,f4ab0f7b09924350,data/evaluation/robustness_v1/rob_cv_hi_01273__multi_codec.wav
rob_cv_hi_01424__mp3,cv_hi_01424,real,Hindi,CommonVoice_Hindi_26.0,,test,mp3,6.336,WAV/PCM_16,81d413b364c416dcdef54e9441b119610f62bd513fa35ba7a94703a8b0556e83,55d76ac691623b23,data/evaluation/robustness_v1/rob_cv_hi_01424__mp3.wav
rob_cv_hi_01424__opus,cv_hi_01424,real,Hindi,CommonVoice_Hindi_26.0,,test,opus,6.336,WAV/PCM_16,f5c7c1ed044504fc6717ad3b31a6349178677cbe284e91553d92606c2c7ccabb,55d76ac691623b23,data/evaluation/robustness_v1/rob_cv_hi_01424__opus.wav
rob_cv_hi_01424__telephone,cv_hi_01424,real,Hindi,CommonVoice_Hindi_26.0,,test,telephone,6.336,WAV/PCM_16,e790acff367f59f4c79e1b573a3781c1d26de4260d82ba374022ec4909b08a15,55d76ac691623b23,data/evaluation/robustness_v1/rob_cv_hi_01424__telephone.wav
rob_cv_hi_01424__lowpass,cv_hi_01424,real,Hindi,CommonVoice_Hindi_26.0,,test,lowpass,6.336,WAV/PCM_16,68fc0c3e66198fd5aae556d0a46b3f2063e4ab7d7ae1938feb735b54a37e0add,55d76ac691623b23,data/evaluation/robustness_v1/rob_cv_hi_01424__lowpass.wav
rob_cv_hi_01424__multi_codec,cv_hi_01424,real,Hindi,CommonVoice_Hindi_26.0,,test,multi_codec,6.336,WAV/PCM_16,bceb2a20566f2861409cb3a06993fd69cfd6faa247678e3bd0a5cad35ff20c15,55d76ac691623b23,data/evaluation/robustness_v1/rob_cv_hi_01424__multi_codec.wav
rob_cv_hi_01508__mp3,cv_hi_01508,real,Hindi,CommonVoice_Hindi_26.0,,test,mp3,4.248,WAV/PCM_16,8866613c858acb0f62536f733caa3148327cef7e641327f2abebd8d23e8332a9,ced08e397ddc0963,data/evaluation/robustness_v1/rob_cv_hi_01508__mp3.wav
rob_cv_hi_01508__opus,cv_hi_01508,real,Hindi,CommonVoice_Hindi_26.0,,test,opus,4.248,WAV/PCM_16,a9b65b282b16aa42343c4b413f317b188279a1186d6cb86cc20cb3ae4c70a6e5,ced08e397ddc0963,data/evaluation/robustness_v1/rob_cv_hi_01508__opus.wav
rob_cv_hi_01508__telephone,cv_hi_01508,real,Hindi,CommonVoice_Hindi_26.0,,test,telephone,4.248,WAV/PCM_16,6982a6d9cb1d8da0a742b9230ebb0b633ac34356f3a05d6b083891ff18446d55,ced08e397ddc0963,data/evaluation/robustness_v1/rob_cv_hi_01508__telephone.wav
rob_cv_hi_01508__lowpass,cv_hi_01508,real,Hindi,CommonVoice_Hindi_26.0,,test,lowpass,4.248,WAV/PCM_16,2465a9bbe685dd74e3772a88ca8b6404ffb8bd4368086991bb7bbfb4b56ba26a,ced08e397ddc0963,data/evaluation/robustness_v1/rob_cv_hi_01508__lowpass.wav
rob_cv_hi_01508__multi_codec,cv_hi_01508,real,Hindi,CommonVoice_Hindi_26.0,,test,multi_codec,4.248,WAV/PCM_16,b4074b0c93bb37f19909458e5ef24e0cf3c2507b4cb31d9a864e2649a5bcf9ea,ced08e397ddc0963,data/evaluation/robustness_v1/rob_cv_hi_01508__multi_codec.wav
rob_cv_hi_01525__mp3,cv_hi_01525,real,Hindi,CommonVoice_Hindi_26.0,,test,mp3,6.012,WAV/PCM_16,a424da88416aec8d49d0df964d15145e96c2ba2d6af824666eebce093f766613,7c2dbc9e95b43169,data/evaluation/robustness_v1/rob_cv_hi_01525__mp3.wav
rob_cv_hi_01525__opus,cv_hi_01525,real,Hindi,CommonVoice_Hindi_26.0,,test,opus,6.012,WAV/PCM_16,64d53516036e37f441b4ec5ab6131aa98e268d11aa50cbcb43240ce1fb740766,7c2dbc9e95b43169,data/evaluation/robustness_v1/rob_cv_hi_01525__opus.wav
rob_cv_hi_01525__telephone,cv_hi_01525,real,Hindi,CommonVoice_Hindi_26.0,,test,telephone,6.012,WAV/PCM_16,3944c7755c68c03bc6a640c2b8ab6e1148c35039ff780d9f60b79a535c6881c5,7c2dbc9e95b43169,data/evaluation/robustness_v1/rob_cv_hi_01525__telephone.wav
rob_cv_hi_01525__lowpass,cv_hi_01525,real,Hindi,CommonVoice_Hindi_26.0,,test,lowpass,6.012,WAV/PCM_16,cf6acd5137c4e1c79c4b8550e33bf5bf3d4b7875d2b0019fec9ab9a14e4a9cc8,7c2dbc9e95b43169,data/evaluation/robustness_v1/rob_cv_hi_01525__lowpass.wav
rob_cv_hi_01525__multi_codec,cv_hi_01525,real,Hindi,CommonVoice_Hindi_26.0,,test,multi_codec,6.012,WAV/PCM_16,ec53b2221203fe1f5ed4564b2f3f76ecaf6fa8cf9fdde3f5b423d8e8ea036a8d,7c2dbc9e95b43169,data/evaluation/robustness_v1/rob_cv_hi_01525__multi_codec.wav
rob_cv_hi_01530__mp3,cv_hi_01530,real,Hindi,CommonVoice_Hindi_26.0,,test,mp3,7.524,WAV/PCM_16,46818aa3ceb592e273999afcaef5c61bb78fed1999740c30febf33ee79724c95,9b387d96a1191003,data/evaluation/robustness_v1/rob_cv_hi_01530__mp3.wav
rob_cv_hi_01530__opus,cv_hi_01530,real,Hindi,CommonVoice_Hindi_26.0,,test,opus,7.524,WAV/PCM_16,f0d0d1618215000590773849e897a8aa6a58b7fab69fc4b69caab14761431f62,9b387d96a1191003,data/evaluation/robustness_v1/rob_cv_hi_01530__opus.wav
rob_cv_hi_01530__telephone,cv_hi_01530,real,Hindi,CommonVoice_Hindi_26.0,,test,telephone,7.524,WAV/PCM_16,51709c10e0799333a53a411edad34953f8ce8dc6e5c504202999eb51819541e1,9b387d96a1191003,data/evaluation/robustness_v1/rob_cv_hi_01530__telephone.wav
rob_cv_hi_01530__lowpass,cv_hi_01530,real,Hindi,CommonVoice_Hindi_26.0,,test,lowpass,7.524,WAV/PCM_16,0d706fa62347e12d3fced62f8c1042cfd12ae3704e38b5777fb5e2813863f09e,9b387d96a1191003,data/evaluation/robustness_v1/rob_cv_hi_01530__lowpass.wav
rob_cv_hi_01530__multi_codec,cv_hi_01530,real,Hindi,CommonVoice_Hindi_26.0,,test,multi_codec,7.524,WAV/PCM_16,45ff21728626f89d3809bd27f4a20eb86f6b3f6fc3c9b1e4b1f608f3abd0d167,9b387d96a1191003,data/evaluation/robustness_v1/rob_cv_hi_01530__multi_codec.wav
rob_cv_hi_01548__mp3,cv_hi_01548,real,Hindi,CommonVoice_Hindi_26.0,,test,mp3,6.336,WAV/PCM_16,c33ef867013def205917828cdde5e28933c229a4b91098267933bf783717815b,4790116d688939f0,data/evaluation/robustness_v1/rob_cv_hi_01548__mp3.wav
rob_cv_hi_01548__opus,cv_hi_01548,real,Hindi,CommonVoice_Hindi_26.0,,test,opus,6.336,WAV/PCM_16,9f2fc3b796afbba7930e0e9a7fbf5cc835e3175ba34a7d370fbd342686a62a53,4790116d688939f0,data/evaluation/robustness_v1/rob_cv_hi_01548__opus.wav
rob_cv_hi_01548__telephone,cv_hi_01548,real,Hindi,CommonVoice_Hindi_26.0,,test,telephone,6.336,WAV/PCM_16,c1c1b84feec7c53b97614de042b4adbb7c8dbac90ff1134c5359c98ee54ce908,4790116d688939f0,data/evaluation/robustness_v1/rob_cv_hi_01548__telephone.wav
rob_cv_hi_01548__lowpass,cv_hi_01548,real,Hindi,CommonVoice_Hindi_26.0,,test,lowpass,6.336,WAV/PCM_16,fa737662303149cb0c65b33a8a6c425dc5dc64aed9a68990bb0560bb05e99c02,4790116d688939f0,data/evaluation/robustness_v1/rob_cv_hi_01548__lowpass.wav
rob_cv_hi_01548__multi_codec,cv_hi_01548,real,Hindi,CommonVoice_Hindi_26.0,,test,multi_codec,6.336,WAV/PCM_16,88a0fe4440730e3f43b3df955c8785efec400a5ab57c3cb190cd04b78e7fe8bc,4790116d688939f0,data/evaluation/robustness_v1/rob_cv_hi_01548__multi_codec.wav
rob_cv_hi_01554__mp3,cv_hi_01554,real,Hindi,CommonVoice_Hindi_26.0,,test,mp3,5.328,WAV/PCM_16,d3dd78194f4f746c117677bdb9149a49655c7247dee964e1914944d0782da8f5,eb74d54da73c82a7,data/evaluation/robustness_v1/rob_cv_hi_01554__mp3.wav
rob_cv_hi_01554__opus,cv_hi_01554,real,Hindi,CommonVoice_Hindi_26.0,,test,opus,5.328,WAV/PCM_16,e50157c557aee5d797a59f48c32f502faefd097f1c036c890f631badaab91ec1,eb74d54da73c82a7,data/evaluation/robustness_v1/rob_cv_hi_01554__opus.wav
rob_cv_hi_01554__telephone,cv_hi_01554,real,Hindi,CommonVoice_Hindi_26.0,,test,telephone,5.328,WAV/PCM_16,376bd53a0cb6ccab13fc2222ad76329fa5877daf9c073a5d3bca89cf70a68683,eb74d54da73c82a7,data/evaluation/robustness_v1/rob_cv_hi_01554__telephone.wav
rob_cv_hi_01554__lowpass,cv_hi_01554,real,Hindi,CommonVoice_Hindi_26.0,,test,lowpass,5.328,WAV/PCM_16,082f039218f1f77ec7224c10d364dcef2b37d4275ba547c62e45afa9a5c53a18,eb74d54da73c82a7,data/evaluation/robustness_v1/rob_cv_hi_01554__lowpass.wav
rob_cv_hi_01554__multi_codec,cv_hi_01554,real,Hindi,CommonVoice_Hindi_26.0,,test,multi_codec,5.328,WAV/PCM_16,68e65b47d04ae026b8a93df5fca5170ee2b2c8f13ae1147db8941419fb7c522d,eb74d54da73c82a7,data/evaluation/robustness_v1/rob_cv_hi_01554__multi_codec.wav
rob_cv_hi_01733__mp3,cv_hi_01733,real,Hindi,CommonVoice_Hindi_26.0,,test,mp3,4.752,WAV/PCM_16,d414ba5ad0be56292079986014b4bde74e007648aaa6c1d86c45c1635bc6b218,4c7759be13938e00,data/evaluation/robustness_v1/rob_cv_hi_01733__mp3.wav
rob_cv_hi_01733__opus,cv_hi_01733,real,Hindi,CommonVoice_Hindi_26.0,,test,opus,4.752,WAV/PCM_16,44896f8890148b4745dc606b428003e02731882f21374c12af771dda18263260,4c7759be13938e00,data/evaluation/robustness_v1/rob_cv_hi_01733__opus.wav
rob_cv_hi_01733__telephone,cv_hi_01733,real,Hindi,CommonVoice_Hindi_26.0,,test,telephone,4.752,WAV/PCM_16,9de4cdf2a31a4cbd43e9acd42fa5b0f4b4581f1bad893ff881cb799eb480666e,4c7759be13938e00,data/evaluation/robustness_v1/rob_cv_hi_01733__telephone.wav
rob_cv_hi_01733__lowpass,cv_hi_01733,real,Hindi,CommonVoice_Hindi_26.0,,test,lowpass,4.752,WAV/PCM_16,fbf5172f277de1a27a29bde47628f45174a845e296f0ddb1209f81e93b6035f7,4c7759be13938e00,data/evaluation/robustness_v1/rob_cv_hi_01733__lowpass.wav
rob_cv_hi_01733__multi_codec,cv_hi_01733,real,Hindi,CommonVoice_Hindi_26.0,,test,multi_codec,4.752,WAV/PCM_16,74d9406d1bd6660935635eeda388545801fdef3073d99bc4ee51b87fcda2f95a,4c7759be13938e00,data/evaluation/robustness_v1/rob_cv_hi_01733__multi_codec.wav
rob_cv_hi_01785__mp3,cv_hi_01785,real,Hindi,CommonVoice_Hindi_26.0,,test,mp3,7.92,WAV/PCM_16,d6b4fa7b8c13dad1633b4b3095533499028f4d57b81dd36f3977cec1f7010b46,ec179470f73990d8,data/evaluation/robustness_v1/rob_cv_hi_01785__mp3.wav
rob_cv_hi_01785__opus,cv_hi_01785,real,Hindi,CommonVoice_Hindi_26.0,,test,opus,7.92,WAV/PCM_16,331c68a8fe77f71cd07bc64fa0eb8412f72b4a2c83e6ebf0e8b5f271f72f353e,ec179470f73990d8,data/evaluation/robustness_v1/rob_cv_hi_01785__opus.wav
rob_cv_hi_01785__telephone,cv_hi_01785,real,Hindi,CommonVoice_Hindi_26.0,,test,telephone,7.92,WAV/PCM_16,28553816f910a877a715e77e4d0ec8c8d2b1facfb7a12cd555e56310ee392cf6,ec179470f73990d8,data/evaluation/robustness_v1/rob_cv_hi_01785__telephone.wav
rob_cv_hi_01785__lowpass,cv_hi_01785,real,Hindi,CommonVoice_Hindi_26.0,,test,lowpass,7.92,WAV/PCM_16,ec795a3bc06160784f79c3da826874d2f32e09fa40a47aa849a74fde4617fcfd,ec179470f73990d8,data/evaluation/robustness_v1/rob_cv_hi_01785__lowpass.wav
rob_cv_hi_01785__multi_codec,cv_hi_01785,real,Hindi,CommonVoice_Hindi_26.0,,test,multi_codec,7.92,WAV/PCM_16,30cdf06394ab9a6540fe8ea6373c8e987a94855c6c2ac5bd3eb77f3195611005,ec179470f73990d8,data/evaluation/robustness_v1/rob_cv_hi_01785__multi_codec.wav
rob_cv_hi_01904__mp3,cv_hi_01904,real,Hindi,CommonVoice_Hindi_26.0,,test,mp3,7.056,WAV/PCM_16,f843850b5fe0c9d76184e0f23f241d71dc9471ab0128caaa04039fd0f4ecdedc,fb0a9b3e0dd5546b,data/evaluation/robustness_v1/rob_cv_hi_01904__mp3.wav
rob_cv_hi_01904__opus,cv_hi_01904,real,Hindi,CommonVoice_Hindi_26.0,,test,opus,7.056,WAV/PCM_16,40f564b1cf54654a7921e6e8747ffd37703576e9db8f3b7f6ead8bf036f6b6c3,fb0a9b3e0dd5546b,data/evaluation/robustness_v1/rob_cv_hi_01904__opus.wav
rob_cv_hi_01904__telephone,cv_hi_01904,real,Hindi,CommonVoice_Hindi_26.0,,test,telephone,7.056,WAV/PCM_16,8071ae422e2242335d368c588d634cf69b43e6a9a299e7cb89a30d2f334ed6e5,fb0a9b3e0dd5546b,data/evaluation/robustness_v1/rob_cv_hi_01904__telephone.wav
rob_cv_hi_01904__lowpass,cv_hi_01904,real,Hindi,CommonVoice_Hindi_26.0,,test,lowpass,7.056,WAV/PCM_16,318f26915e627950b9809fdb73a5f695d7fd6a983bb308f9d5362b354c73f9ca,fb0a9b3e0dd5546b,data/evaluation/robustness_v1/rob_cv_hi_01904__lowpass.wav
rob_cv_hi_01904__multi_codec,cv_hi_01904,real,Hindi,CommonVoice_Hindi_26.0,,test,multi_codec,7.056,WAV/PCM_16,3f086e0f83f96fc8e231051bcc026735bf5232a9774d30b08f2add703b3fe287,fb0a9b3e0dd5546b,data/evaluation/robustness_v1/rob_cv_hi_01904__multi_codec.wav
rob_cv_hi_02012__mp3,cv_hi_02012,real,Hindi,CommonVoice_Hindi_26.0,,test,mp3,5.544,WAV/PCM_16,f5f33c997413cf1cc4ae78160625ce48b4ce3c61f46e1a26aa852ee9b32a35e0,a68572143090dfed,data/evaluation/robustness_v1/rob_cv_hi_02012__mp3.wav
rob_cv_hi_02012__opus,cv_hi_02012,real,Hindi,CommonVoice_Hindi_26.0,,test,opus,5.544,WAV/PCM_16,75d0d5eab0d0ef9b0ac6a78916939aba9eae366b0cc910e4ddc056451d354a43,a68572143090dfed,data/evaluation/robustness_v1/rob_cv_hi_02012__opus.wav
rob_cv_hi_02012__telephone,cv_hi_02012,real,Hindi,CommonVoice_Hindi_26.0,,test,telephone,5.544,WAV/PCM_16,ab64721e57d552ea78c6a2c4e372f82f6d34af2abd03a1ade5e533e13c30627c,a68572143090dfed,data/evaluation/robustness_v1/rob_cv_hi_02012__telephone.wav
rob_cv_hi_02012__lowpass,cv_hi_02012,real,Hindi,CommonVoice_Hindi_26.0,,test,lowpass,5.544,WAV/PCM_16,412b393358dfe2b40eafc874a111f7669ff438350fa868b3656be1f1d3506d94,a68572143090dfed,data/evaluation/robustness_v1/rob_cv_hi_02012__lowpass.wav
rob_cv_hi_02012__multi_codec,cv_hi_02012,real,Hindi,CommonVoice_Hindi_26.0,,test,multi_codec,5.544,WAV/PCM_16,8881eeedeb8506c9fd5217a5b745550ddfc57ac7d57c0c909d45b77b8dd65b30,a68572143090dfed,data/evaluation/robustness_v1/rob_cv_hi_02012__multi_codec.wav
rob_cv_hi_02034__mp3,cv_hi_02034,real,Hindi,CommonVoice_Hindi_26.0,,test,mp3,3.6,WAV/PCM_16,86e0ca2b79abd7697b857d126116f5b8975df786ad10dd13f86463888507a86e,b31e868eb625c7ea,data/evaluation/robustness_v1/rob_cv_hi_02034__mp3.wav
rob_cv_hi_02034__opus,cv_hi_02034,real,Hindi,CommonVoice_Hindi_26.0,,test,opus,3.6,WAV/PCM_16,14d5031d5735a45c9ad79bb2b77c4a71ed40e939e8783e9336076ba64e8957ff,b31e868eb625c7ea,data/evaluation/robustness_v1/rob_cv_hi_02034__opus.wav
rob_cv_hi_02034__telephone,cv_hi_02034,real,Hindi,CommonVoice_Hindi_26.0,,test,telephone,3.6,WAV/PCM_16,f7e40dc10d41020921a0f89ecd77b1c067d0f0056b34cb0f7d2d00d438499d66,b31e868eb625c7ea,data/evaluation/robustness_v1/rob_cv_hi_02034__telephone.wav
rob_cv_hi_02034__lowpass,cv_hi_02034,real,Hindi,CommonVoice_Hindi_26.0,,test,lowpass,3.6,WAV/PCM_16,74c68285e488848d6e63524f23aa51c4111feb2fde27a5d3c7b7347048e84dd9,b31e868eb625c7ea,data/evaluation/robustness_v1/rob_cv_hi_02034__lowpass.wav
rob_cv_hi_02034__multi_codec,cv_hi_02034,real,Hindi,CommonVoice_Hindi_26.0,,test,multi_codec,3.6,WAV/PCM_16,c756bd42869e0c3d911d919a10de6b5f7df7b6e7d5ba28161c063a7ba4694707,b31e868eb625c7ea,data/evaluation/robustness_v1/rob_cv_hi_02034__multi_codec.wav
rob_cv_hi_02082__mp3,cv_hi_02082,real,Hindi,CommonVoice_Hindi_26.0,,test,mp3,6.948,WAV/PCM_16,93a610eaae32a8c5e6aa99eb335e4e7f0a1fd78b268877b652ca1d8207025d30,9fa69016a63437ff,data/evaluation/robustness_v1/rob_cv_hi_02082__mp3.wav
rob_cv_hi_02082__opus,cv_hi_02082,real,Hindi,CommonVoice_Hindi_26.0,,test,opus,6.948,WAV/PCM_16,6366cc47f3b91c2945b16791e3baea1682efac147601114bd082f1577b05c625,9fa69016a63437ff,data/evaluation/robustness_v1/rob_cv_hi_02082__opus.wav
rob_cv_hi_02082__telephone,cv_hi_02082,real,Hindi,CommonVoice_Hindi_26.0,,test,telephone,6.948,WAV/PCM_16,1be79d1d5df1683e4b449dcea19fc81f10f6ea0622c3593ccff94db3298c1784,9fa69016a63437ff,data/evaluation/robustness_v1/rob_cv_hi_02082__telephone.wav
rob_cv_hi_02082__lowpass,cv_hi_02082,real,Hindi,CommonVoice_Hindi_26.0,,test,lowpass,6.948,WAV/PCM_16,179614bbeb5b963e476daafd1e4c602b35e4e9edf4c1180ebc85a908d475bee4,9fa69016a63437ff,data/evaluation/robustness_v1/rob_cv_hi_02082__lowpass.wav
rob_cv_hi_02082__multi_codec,cv_hi_02082,real,Hindi,CommonVoice_Hindi_26.0,,test,multi_codec,6.948,WAV/PCM_16,24db1649c93748e90caaba15ac129a9e4ce79a0a2eab64fab9ba5029e6d3b41e,9fa69016a63437ff,data/evaluation/robustness_v1/rob_cv_hi_02082__multi_codec.wav
rob_cv_hi_02100__mp3,cv_hi_02100,real,Hindi,CommonVoice_Hindi_26.0,,test,mp3,5.688,WAV/PCM_16,9aea0ab47565b73330ec7ed71249ba6cb2f417a26ce4db4f78ef681f1c9da906,ec179470f73990d8,data/evaluation/robustness_v1/rob_cv_hi_02100__mp3.wav
rob_cv_hi_02100__opus,cv_hi_02100,real,Hindi,CommonVoice_Hindi_26.0,,test,opus,5.688,WAV/PCM_16,43fc519c430cf928f70f126969a7c75791e1a9d42efb4c6becf9182e735ce279,ec179470f73990d8,data/evaluation/robustness_v1/rob_cv_hi_02100__opus.wav
rob_cv_hi_02100__telephone,cv_hi_02100,real,Hindi,CommonVoice_Hindi_26.0,,test,telephone,5.688,WAV/PCM_16,613112a751077af76e14b44fb5994b82e2f8fa4551ce62f481fd5d8ef7cb14f0,ec179470f73990d8,data/evaluation/robustness_v1/rob_cv_hi_02100__telephone.wav
rob_cv_hi_02100__lowpass,cv_hi_02100,real,Hindi,CommonVoice_Hindi_26.0,,test,lowpass,5.688,WAV/PCM_16,73aaa56dc66706e8e23979fb3a100789b1c6e29a9ce9d400102480523ce63957,ec179470f73990d8,data/evaluation/robustness_v1/rob_cv_hi_02100__lowpass.wav
rob_cv_hi_02100__multi_codec,cv_hi_02100,real,Hindi,CommonVoice_Hindi_26.0,,test,multi_codec,5.688,WAV/PCM_16,9f35feb96baa7886bc492e791393ee422f0100cfbd69c2fce6109e5db2c3e241,ec179470f73990d8,data/evaluation/robustness_v1/rob_cv_hi_02100__multi_codec.wav
rob_cv_hi_02196__mp3,cv_hi_02196,real,Hindi,CommonVoice_Hindi_26.0,,test,mp3,6.84,WAV/PCM_16,50d617c947bf8e4e4fc3d761861e8f510c3dfc7e37106b9a6a0ff8f267403966,ec179470f73990d8,data/evaluation/robustness_v1/rob_cv_hi_02196__mp3.wav
rob_cv_hi_02196__opus,cv_hi_02196,real,Hindi,CommonVoice_Hindi_26.0,,test,opus,6.84,WAV/PCM_16,a0768c33d9739f7c4629125765baab672d9ebea2a2290fbf73c9c24da9d1ddd8,ec179470f73990d8,data/evaluation/robustness_v1/rob_cv_hi_02196__opus.wav
rob_cv_hi_02196__telephone,cv_hi_02196,real,Hindi,CommonVoice_Hindi_26.0,,test,telephone,6.84,WAV/PCM_16,f637ade0f665a8e1f2f85e5a768fd131863a27af828249f8abb8d6f1bd8ba88a,ec179470f73990d8,data/evaluation/robustness_v1/rob_cv_hi_02196__telephone.wav
rob_cv_hi_02196__lowpass,cv_hi_02196,real,Hindi,CommonVoice_Hindi_26.0,,test,lowpass,6.84,WAV/PCM_16,44eebf71ce6a2c3db79608ed6dc1a13a71d3a5a19d43209845311fc77d81879b,ec179470f73990d8,data/evaluation/robustness_v1/rob_cv_hi_02196__lowpass.wav
rob_cv_hi_02196__multi_codec,cv_hi_02196,real,Hindi,CommonVoice_Hindi_26.0,,test,multi_codec,6.84,WAV/PCM_16,4d1373676ea4ebffd26fe83dbc506cc189e3340203041be883b6bc7095c625e4,ec179470f73990d8,data/evaluation/robustness_v1/rob_cv_hi_02196__multi_codec.wav
rob_cv_hi_02237__mp3,cv_hi_02237,real,Hindi,CommonVoice_Hindi_26.0,,test,mp3,4.644,WAV/PCM_16,17b5d850f6728f279fccf7668c3cc3ba8cdc119290dadf75854b8db7a7181bfd,0c6d11511c1c1dae,data/evaluation/robustness_v1/rob_cv_hi_02237__mp3.wav
rob_cv_hi_02237__opus,cv_hi_02237,real,Hindi,CommonVoice_Hindi_26.0,,test,opus,4.644,WAV/PCM_16,5c2d8111c839cd1b19b410bce8ec8ff254e9a68d825ccfaf515b6e8b01b4ae27,0c6d11511c1c1dae,data/evaluation/robustness_v1/rob_cv_hi_02237__opus.wav
rob_cv_hi_02237__telephone,cv_hi_02237,real,Hindi,CommonVoice_Hindi_26.0,,test,telephone,4.644,WAV/PCM_16,909296c49efb42c7b3c2dc8995ee92591d718b3f88fc4843c64e62495e6aa614,0c6d11511c1c1dae,data/evaluation/robustness_v1/rob_cv_hi_02237__telephone.wav
rob_cv_hi_02237__lowpass,cv_hi_02237,real,Hindi,CommonVoice_Hindi_26.0,,test,lowpass,4.644,WAV/PCM_16,9d5c27c1a301311896c17548544973cadef86182436d381d17143f1c98012ea8,0c6d11511c1c1dae,data/evaluation/robustness_v1/rob_cv_hi_02237__lowpass.wav
rob_cv_hi_02237__multi_codec,cv_hi_02237,real,Hindi,CommonVoice_Hindi_26.0,,test,multi_codec,4.644,WAV/PCM_16,2700839a94fac92b6f2e3d0c38560d150d4c623bfd812200b9c5e511b8dfd279,0c6d11511c1c1dae,data/evaluation/robustness_v1/rob_cv_hi_02237__multi_codec.wav
rob_cv_hi_02301__mp3,cv_hi_02301,real,Hindi,CommonVoice_Hindi_26.0,,test,mp3,6.948,WAV/PCM_16,5d4fa5129c20e00b0bfbe16c3cace7ba37af2ed8ffb5df7f5fcd0cd8e465ee43,adbaee7efbbff60c,data/evaluation/robustness_v1/rob_cv_hi_02301__mp3.wav
rob_cv_hi_02301__opus,cv_hi_02301,real,Hindi,CommonVoice_Hindi_26.0,,test,opus,6.948,WAV/PCM_16,33fd9cb1ec3bdee52e4cc4f50318ad2c80eb37e0c89970d2ac8af725388223cc,adbaee7efbbff60c,data/evaluation/robustness_v1/rob_cv_hi_02301__opus.wav
rob_cv_hi_02301__telephone,cv_hi_02301,real,Hindi,CommonVoice_Hindi_26.0,,test,telephone,6.948,WAV/PCM_16,ed9040314cd21ebb515f4c622de4a85d3debf86ab980a520e8a8d5a4ca7ed14f,adbaee7efbbff60c,data/evaluation/robustness_v1/rob_cv_hi_02301__telephone.wav
rob_cv_hi_02301__lowpass,cv_hi_02301,real,Hindi,CommonVoice_Hindi_26.0,,test,lowpass,6.948,WAV/PCM_16,480725e7691291f57aa2bd926a5a49f7a2f9df5089a8c1c84a49e5025cf09d70,adbaee7efbbff60c,data/evaluation/robustness_v1/rob_cv_hi_02301__lowpass.wav
rob_cv_hi_02301__multi_codec,cv_hi_02301,real,Hindi,CommonVoice_Hindi_26.0,,test,multi_codec,6.948,WAV/PCM_16,0d8371829bbec73a26621d98fd9595fa7c1553ead46a6f8ec9a848d36828c6db,adbaee7efbbff60c,data/evaluation/robustness_v1/rob_cv_hi_02301__multi_codec.wav
rob_cv_hi_02327__mp3,cv_hi_02327,real,Hindi,CommonVoice_Hindi_26.0,,test,mp3,7.056,WAV/PCM_16,d4dae721ce4f1fc8b889bf5836cdeefed3f8f7d16cc48335dd8b8ee93d8e3614,55d76ac691623b23,data/evaluation/robustness_v1/rob_cv_hi_02327__mp3.wav
rob_cv_hi_02327__opus,cv_hi_02327,real,Hindi,CommonVoice_Hindi_26.0,,test,opus,7.056,WAV/PCM_16,af01271e537c1b7659f48083ebc0937f9d96fd259cbaad9bf96d08923a764485,55d76ac691623b23,data/evaluation/robustness_v1/rob_cv_hi_02327__opus.wav
rob_cv_hi_02327__telephone,cv_hi_02327,real,Hindi,CommonVoice_Hindi_26.0,,test,telephone,7.056,WAV/PCM_16,0f5df3d50be32a711a0d09b2252407266f8810c60c9641106d0083121f73a109,55d76ac691623b23,data/evaluation/robustness_v1/rob_cv_hi_02327__telephone.wav
rob_cv_hi_02327__lowpass,cv_hi_02327,real,Hindi,CommonVoice_Hindi_26.0,,test,lowpass,7.056,WAV/PCM_16,7f131f032a4d43d75bf6c5db658d625e79f35df182af257e9759487416e0d46d,55d76ac691623b23,data/evaluation/robustness_v1/rob_cv_hi_02327__lowpass.wav
rob_cv_hi_02327__multi_codec,cv_hi_02327,real,Hindi,CommonVoice_Hindi_26.0,,test,multi_codec,7.056,WAV/PCM_16,b02b6c0d7bc44f6c8aec080e1456a0ab0d918bdbcff46fe1027fddd01ac64ac3,55d76ac691623b23,data/evaluation/robustness_v1/rob_cv_hi_02327__multi_codec.wav
rob_cv_hi_02373__mp3,cv_hi_02373,real,Hindi,CommonVoice_Hindi_26.0,,test,mp3,7.128,WAV/PCM_16,35cd89e8713739cff9436c99c32a22fc8c62bc8c16898eb8444b1695c1a91b4d,ec179470f73990d8,data/evaluation/robustness_v1/rob_cv_hi_02373__mp3.wav
rob_cv_hi_02373__opus,cv_hi_02373,real,Hindi,CommonVoice_Hindi_26.0,,test,opus,7.128,WAV/PCM_16,2202eef1138854e8d8ef7820f7542e11875ed2b84869fe9f29400631bef1a775,ec179470f73990d8,data/evaluation/robustness_v1/rob_cv_hi_02373__opus.wav
rob_cv_hi_02373__telephone,cv_hi_02373,real,Hindi,CommonVoice_Hindi_26.0,,test,telephone,7.128,WAV/PCM_16,02f77288d30aa9e093d40c2fef2217245f208a6d11d043682f786c401ef75e8e,ec179470f73990d8,data/evaluation/robustness_v1/rob_cv_hi_02373__telephone.wav
rob_cv_hi_02373__lowpass,cv_hi_02373,real,Hindi,CommonVoice_Hindi_26.0,,test,lowpass,7.128,WAV/PCM_16,feb74fe0c2d806b0baee270ca01d359be5f7d44b627ef6814ce729c252c88169,ec179470f73990d8,data/evaluation/robustness_v1/rob_cv_hi_02373__lowpass.wav
rob_cv_hi_02373__multi_codec,cv_hi_02373,real,Hindi,CommonVoice_Hindi_26.0,,test,multi_codec,7.128,WAV/PCM_16,d6009e12ff65a54c263824991f89573f8cbceb7df7f9f76d33c207ae0bfe7e94,ec179470f73990d8,data/evaluation/robustness_v1/rob_cv_hi_02373__multi_codec.wav
rob_cv_hi_02397__mp3,cv_hi_02397,real,Hindi,CommonVoice_Hindi_26.0,,test,mp3,6.66,WAV/PCM_16,48aab28b398d843fd02e85ed5b2fe48d80c1cbcc8a8ec73a7e653cd2b59d6da1,eb74d54da73c82a7,data/evaluation/robustness_v1/rob_cv_hi_02397__mp3.wav
rob_cv_hi_02397__opus,cv_hi_02397,real,Hindi,CommonVoice_Hindi_26.0,,test,opus,6.66,WAV/PCM_16,d65033966bc697ccd60a797a2f37d15e3883aef7129f45d036d6cd68dbe98799,eb74d54da73c82a7,data/evaluation/robustness_v1/rob_cv_hi_02397__opus.wav
rob_cv_hi_02397__telephone,cv_hi_02397,real,Hindi,CommonVoice_Hindi_26.0,,test,telephone,6.66,WAV/PCM_16,b937345d92c3e2fff6539b4f9f1150cca2fb248a58b5bb99d3be6a36e195b96f,eb74d54da73c82a7,data/evaluation/robustness_v1/rob_cv_hi_02397__telephone.wav
rob_cv_hi_02397__lowpass,cv_hi_02397,real,Hindi,CommonVoice_Hindi_26.0,,test,lowpass,6.66,WAV/PCM_16,2afee1b1be1f931319e9f4fa087033884acd72e762a72d86d79cefbf8f1cb247,eb74d54da73c82a7,data/evaluation/robustness_v1/rob_cv_hi_02397__lowpass.wav
rob_cv_hi_02397__multi_codec,cv_hi_02397,real,Hindi,CommonVoice_Hindi_26.0,,test,multi_codec,6.66,WAV/PCM_16,348635fb20625d85a87bcadfd775adb18587ebeb01deb7c3f67ea62eafd32c1c,eb74d54da73c82a7,data/evaluation/robustness_v1/rob_cv_hi_02397__multi_codec.wav
rob_kb_hi_00497__mp3,kb_hi_00497,real,Hindi,Kathbath,,test,mp3,5.3174,WAV/PCM_16,965b97a3515fb4f93722808c8a5bf76e10798c64418dcdecbbce5f56a8a140bc,a699baaf5b3ff306,data/evaluation/robustness_v1/rob_kb_hi_00497__mp3.wav
rob_kb_hi_00497__opus,kb_hi_00497,real,Hindi,Kathbath,,test,opus,5.3174,WAV/PCM_16,eb2b6dd8938b2205746181acf3b08fa4c2f300318e2137f5010034cfa76c98e7,a699baaf5b3ff306,data/evaluation/robustness_v1/rob_kb_hi_00497__opus.wav
rob_kb_hi_00497__telephone,kb_hi_00497,real,Hindi,Kathbath,,test,telephone,5.3174,WAV/PCM_16,72c3fd952f4244fe616f134a18094030f77b2ee2a5d554a510208284cf90eb89,a699baaf5b3ff306,data/evaluation/robustness_v1/rob_kb_hi_00497__telephone.wav
rob_kb_hi_00497__lowpass,kb_hi_00497,real,Hindi,Kathbath,,test,lowpass,5.3174,WAV/PCM_16,d11094e259687aad58e300012b4deaf899e4e8dddf24ebc94d99883720bfc578,a699baaf5b3ff306,data/evaluation/robustness_v1/rob_kb_hi_00497__lowpass.wav
rob_kb_hi_00497__multi_codec,kb_hi_00497,real,Hindi,Kathbath,,test,multi_codec,5.3174,WAV/PCM_16,cd388ab9ac59d5a2a89f11e71190ae58ac6533f95e9e77fbcce103b8c9e2990d,a699baaf5b3ff306,data/evaluation/robustness_v1/rob_kb_hi_00497__multi_codec.wav
rob_kb_hi_00504__mp3,kb_hi_00504,real,Hindi,Kathbath,,test,mp3,4.3886,WAV/PCM_16,dab333e36e8f165818b36a44a3fe18511688e77ad11f87b04664fb13e9fdcb24,a699baaf5b3ff306,data/evaluation/robustness_v1/rob_kb_hi_00504__mp3.wav
rob_kb_hi_00504__opus,kb_hi_00504,real,Hindi,Kathbath,,test,opus,4.3886,WAV/PCM_16,bb2dd8a693b8b47a51fd55611f57d03150b2d65e607803e211464f39196ac337,a699baaf5b3ff306,data/evaluation/robustness_v1/rob_kb_hi_00504__opus.wav
rob_kb_hi_00504__telephone,kb_hi_00504,real,Hindi,Kathbath,,test,telephone,4.3886,WAV/PCM_16,7205123fee5f65a88a6d704d6d97df563c99594357e06bcd71bb27e7a6fb1b39,a699baaf5b3ff306,data/evaluation/robustness_v1/rob_kb_hi_00504__telephone.wav
rob_kb_hi_00504__lowpass,kb_hi_00504,real,Hindi,Kathbath,,test,lowpass,4.3886,WAV/PCM_16,37fe1be8aad655d9f6048e213cdb0b6664b5f01d54b4650e396d689d359a5a93,a699baaf5b3ff306,data/evaluation/robustness_v1/rob_kb_hi_00504__lowpass.wav
rob_kb_hi_00504__multi_codec,kb_hi_00504,real,Hindi,Kathbath,,test,multi_codec,4.3886,WAV/PCM_16,16754e7230480972758fefcbe9a1d481a20665eb929138935e59e2d17ca0f84a,a699baaf5b3ff306,data/evaluation/robustness_v1/rob_kb_hi_00504__multi_codec.wav
rob_kb_hi_00533__mp3,kb_hi_00533,real,Hindi,Kathbath,,test,mp3,5.7817,WAV/PCM_16,1265fd9a4f65316ac309d0addf539306f38ba2e2fb19c89c24cb05247f3a9a22,a699baaf5b3ff306,data/evaluation/robustness_v1/rob_kb_hi_00533__mp3.wav
rob_kb_hi_00533__opus,kb_hi_00533,real,Hindi,Kathbath,,test,opus,5.7817,WAV/PCM_16,5cba503f058ad99e1a9894b5a85e68a4c6e4408d0af91642105b110277f793f4,a699baaf5b3ff306,data/evaluation/robustness_v1/rob_kb_hi_00533__opus.wav
rob_kb_hi_00533__telephone,kb_hi_00533,real,Hindi,Kathbath,,test,telephone,5.7817,WAV/PCM_16,dd5d32dc4152796c8b87dc28e5f3bad26132b734fd909c09a711d6c16d5ccaff,a699baaf5b3ff306,data/evaluation/robustness_v1/rob_kb_hi_00533__telephone.wav
rob_kb_hi_00533__lowpass,kb_hi_00533,real,Hindi,Kathbath,,test,lowpass,5.7817,WAV/PCM_16,d4567ab133369b643685bb2ac2dd275d93707e68913481ad07094335c9d7e21f,a699baaf5b3ff306,data/evaluation/robustness_v1/rob_kb_hi_00533__lowpass.wav
rob_kb_hi_00533__multi_codec,kb_hi_00533,real,Hindi,Kathbath,,test,multi_codec,5.7817,WAV/PCM_16,f117f64ee80503bb0e653ca29525647c83a9f3b0b9f819a0a0833de33faba2a0,a699baaf5b3ff306,data/evaluation/robustness_v1/rob_kb_hi_00533__multi_codec.wav
rob_kb_hi_00571__mp3,kb_hi_00571,real,Hindi,Kathbath,,test,mp3,6.5481,WAV/PCM_16,1e2c79c79e00b037cd611f7ca6d24aa7f4184cfe8cfe030c2decf2f48723335e,ab40e8e111a318bf,data/evaluation/robustness_v1/rob_kb_hi_00571__mp3.wav
rob_kb_hi_00571__opus,kb_hi_00571,real,Hindi,Kathbath,,test,opus,6.5481,WAV/PCM_16,d5227fc12f3313e4e47b684a053e20a8e003ab588d06a8044071fc5f0f46e03f,ab40e8e111a318bf,data/evaluation/robustness_v1/rob_kb_hi_00571__opus.wav
rob_kb_hi_00571__telephone,kb_hi_00571,real,Hindi,Kathbath,,test,telephone,6.5481,WAV/PCM_16,1aab89e0b40b1f41d24d722fdaaab7472f81987fd7749a3a3d7855ba6834bc5c,ab40e8e111a318bf,data/evaluation/robustness_v1/rob_kb_hi_00571__telephone.wav
rob_kb_hi_00571__lowpass,kb_hi_00571,real,Hindi,Kathbath,,test,lowpass,6.5481,WAV/PCM_16,0540e04234665d7834fb89c3771392c0e1bb7f0f36b4d3281774909e3ee0f493,ab40e8e111a318bf,data/evaluation/robustness_v1/rob_kb_hi_00571__lowpass.wav
rob_kb_hi_00571__multi_codec,kb_hi_00571,real,Hindi,Kathbath,,test,multi_codec,6.5481,WAV/PCM_16,3218ee8973dfee3b6102acd6b7a7e8dfd81580689a874fcb5324e8011db24920,ab40e8e111a318bf,data/evaluation/robustness_v1/rob_kb_hi_00571__multi_codec.wav
rob_kb_hi_00703__mp3,kb_hi_00703,real,Hindi,Kathbath,,test,mp3,3.9938,WAV/PCM_16,ade129fbd4880d2421776e3921fdc7c46bd52a57eef8b0906b1618476c3a5355,11a3ecbdd3cfb03e,data/evaluation/robustness_v1/rob_kb_hi_00703__mp3.wav
rob_kb_hi_00703__opus,kb_hi_00703,real,Hindi,Kathbath,,test,opus,3.9938,WAV/PCM_16,bacd26bb2e1550f5184f309e433f42c2b39fb8946a7cdc2f02576cc3c687ad61,11a3ecbdd3cfb03e,data/evaluation/robustness_v1/rob_kb_hi_00703__opus.wav
rob_kb_hi_00703__telephone,kb_hi_00703,real,Hindi,Kathbath,,test,telephone,3.9939,WAV/PCM_16,fca30febe5f90fa2709115fa9261f8269d7791394aa25e54a84c3b10de45b141,11a3ecbdd3cfb03e,data/evaluation/robustness_v1/rob_kb_hi_00703__telephone.wav
rob_kb_hi_00703__lowpass,kb_hi_00703,real,Hindi,Kathbath,,test,lowpass,3.9938,WAV/PCM_16,22c8e039b656211d5530ad85d48146a8acddfbbe45963e1913a1bbe6358d2212,11a3ecbdd3cfb03e,data/evaluation/robustness_v1/rob_kb_hi_00703__lowpass.wav
rob_kb_hi_00703__multi_codec,kb_hi_00703,real,Hindi,Kathbath,,test,multi_codec,3.9938,WAV/PCM_16,a59bb57dc1b4e26fc738be968f9d12827cfc9cce1a728431ecaae83d82005788,11a3ecbdd3cfb03e,data/evaluation/robustness_v1/rob_kb_hi_00703__multi_codec.wav
rob_kb_hi_00711__mp3,kb_hi_00711,real,Hindi,Kathbath,,test,mp3,4.8297,WAV/PCM_16,0b86f66a290cc60a8b613e3d55b08797f56f1c0949c72ca3fdcddb43201dba51,a699baaf5b3ff306,data/evaluation/robustness_v1/rob_kb_hi_00711__mp3.wav
rob_kb_hi_00711__opus,kb_hi_00711,real,Hindi,Kathbath,,test,opus,4.8297,WAV/PCM_16,df4a28489dbe1080457d48689c784f553f4fea6de250822cea04e140c02b9b6c,a699baaf5b3ff306,data/evaluation/robustness_v1/rob_kb_hi_00711__opus.wav
rob_kb_hi_00711__telephone,kb_hi_00711,real,Hindi,Kathbath,,test,telephone,4.8297,WAV/PCM_16,c104275cf2424878d42f9887efaf9314666e511e6066982907d0734378b02c48,a699baaf5b3ff306,data/evaluation/robustness_v1/rob_kb_hi_00711__telephone.wav
rob_kb_hi_00711__lowpass,kb_hi_00711,real,Hindi,Kathbath,,test,lowpass,4.8297,WAV/PCM_16,80971acc6fd07768b71123791e618e6ddb225fba2783f1e3d01557b9a76c959e,a699baaf5b3ff306,data/evaluation/robustness_v1/rob_kb_hi_00711__lowpass.wav
rob_kb_hi_00711__multi_codec,kb_hi_00711,real,Hindi,Kathbath,,test,multi_codec,4.8297,WAV/PCM_16,7de6a7a019751ae9cadd2dcfe92cbf1d9a6df8b342d8ea11eef2063940503088,a699baaf5b3ff306,data/evaluation/robustness_v1/rob_kb_hi_00711__multi_codec.wav
rob_kb_hi_00923__mp3,kb_hi_00923,real,Hindi,Kathbath,,test,mp3,6.9196,WAV/PCM_16,508cf9f14c67190127277510bd7d5b66f66622ca26af3aa259cb8493b6cf71dc,a699baaf5b3ff306,data/evaluation/robustness_v1/rob_kb_hi_00923__mp3.wav
rob_kb_hi_00923__opus,kb_hi_00923,real,Hindi,Kathbath,,test,opus,6.9196,WAV/PCM_16,8a869150c8594e19be3e72b5fc80519aa6a60c53e46b076a10e8fe8299b8c68a,a699baaf5b3ff306,data/evaluation/robustness_v1/rob_kb_hi_00923__opus.wav
rob_kb_hi_00923__telephone,kb_hi_00923,real,Hindi,Kathbath,,test,telephone,6.9196,WAV/PCM_16,40095f4c69d49c5de17ac00bead899d1cb86e4213d3365cf9c0540b94744ba50,a699baaf5b3ff306,data/evaluation/robustness_v1/rob_kb_hi_00923__telephone.wav
rob_kb_hi_00923__lowpass,kb_hi_00923,real,Hindi,Kathbath,,test,lowpass,6.9196,WAV/PCM_16,5a0e89b0104abd9ff37f23e4540739e2fdc19ca3b3b45539e60f8b3991c4d6b5,a699baaf5b3ff306,data/evaluation/robustness_v1/rob_kb_hi_00923__lowpass.wav
rob_kb_hi_00923__multi_codec,kb_hi_00923,real,Hindi,Kathbath,,test,multi_codec,6.9196,WAV/PCM_16,2d757e01cf9b15d2046c6578273350df1286739e142b168e14b4775bfb348d28,a699baaf5b3ff306,data/evaluation/robustness_v1/rob_kb_hi_00923__multi_codec.wav
rob_kb_hi_01109__mp3,kb_hi_01109,real,Hindi,Kathbath,,test,mp3,4.7601,WAV/PCM_16,ea9972557748328665712741b5d3a97a9cbe786c0f1a492b9f8e5181da84e93b,11a3ecbdd3cfb03e,data/evaluation/robustness_v1/rob_kb_hi_01109__mp3.wav
rob_kb_hi_01109__opus,kb_hi_01109,real,Hindi,Kathbath,,test,opus,4.7601,WAV/PCM_16,f0436cca483e14f576c5fec063a5999b6cd00b5cddc1692e3fe235072d1ddc92,11a3ecbdd3cfb03e,data/evaluation/robustness_v1/rob_kb_hi_01109__opus.wav
rob_kb_hi_01109__telephone,kb_hi_01109,real,Hindi,Kathbath,,test,telephone,4.7601,WAV/PCM_16,fc9da2379e4e8bb81f31fa3691ab61819bcf1a3720afb53856c099c6c0ba1bfc,11a3ecbdd3cfb03e,data/evaluation/robustness_v1/rob_kb_hi_01109__telephone.wav
rob_kb_hi_01109__lowpass,kb_hi_01109,real,Hindi,Kathbath,,test,lowpass,4.7601,WAV/PCM_16,5a702c8fdd2be54c07f4ff3b659fbc05da653db06d61ea955b4ab78b662a78ce,11a3ecbdd3cfb03e,data/evaluation/robustness_v1/rob_kb_hi_01109__lowpass.wav
rob_kb_hi_01109__multi_codec,kb_hi_01109,real,Hindi,Kathbath,,test,multi_codec,4.7601,WAV/PCM_16,c63eb1bc080bd37b784e081ac1b1c1976b19a6206d797236ba4a4ca602a15be6,11a3ecbdd3cfb03e,data/evaluation/robustness_v1/rob_kb_hi_01109__multi_codec.wav
rob_kb_hi_01195__mp3,kb_hi_01195,real,Hindi,Kathbath,,test,mp3,5.2012,WAV/PCM_16,74d34727ee28c44bb47e901ce298f494bed7e628e1b00055aaff7c77995eef32,a699baaf5b3ff306,data/evaluation/robustness_v1/rob_kb_hi_01195__mp3.wav
rob_kb_hi_01195__opus,kb_hi_01195,real,Hindi,Kathbath,,test,opus,5.2012,WAV/PCM_16,9d1dbac1d2a7fb54a477c969a517251b75028bb9f546486a632a7b6868a988ba,a699baaf5b3ff306,data/evaluation/robustness_v1/rob_kb_hi_01195__opus.wav
rob_kb_hi_01195__telephone,kb_hi_01195,real,Hindi,Kathbath,,test,telephone,5.2012,WAV/PCM_16,adc80d740e4a4879ee239725099081d0d5edf1e92d1583181c0158509e536a01,a699baaf5b3ff306,data/evaluation/robustness_v1/rob_kb_hi_01195__telephone.wav
rob_kb_hi_01195__lowpass,kb_hi_01195,real,Hindi,Kathbath,,test,lowpass,5.2012,WAV/PCM_16,b87fd6a9b4e64e210cf68573841df9668c0ab57f4ab2f93c4abc83cc877bcc23,a699baaf5b3ff306,data/evaluation/robustness_v1/rob_kb_hi_01195__lowpass.wav
rob_kb_hi_01195__multi_codec,kb_hi_01195,real,Hindi,Kathbath,,test,multi_codec,5.2012,WAV/PCM_16,bfcb27eefdb967d1bde1041e617c16ac3f6c97fa3f1640c1118bd7fa7f270409,a699baaf5b3ff306,data/evaluation/robustness_v1/rob_kb_hi_01195__multi_codec.wav
rob_kb_hi_01280__mp3,kb_hi_01280,real,Hindi,Kathbath,,test,mp3,8.5449,WAV/PCM_16,8822697a474c754e2ff141e23123d96d53a7a1f62bfc0cc743889c616c9ca40b,246214247d5c0be8,data/evaluation/robustness_v1/rob_kb_hi_01280__mp3.wav
rob_kb_hi_01280__opus,kb_hi_01280,real,Hindi,Kathbath,,test,opus,8.5449,WAV/PCM_16,3067d06af3a4a68e2db4610688079223d6d1a014eab6efa05ad03a90ddf453bd,246214247d5c0be8,data/evaluation/robustness_v1/rob_kb_hi_01280__opus.wav
rob_kb_hi_01280__telephone,kb_hi_01280,real,Hindi,Kathbath,,test,telephone,8.545,WAV/PCM_16,071c89401f3f7cc2513875f0d77ca947f0e2d24f8fd7987724e31e2b1988fcb4,246214247d5c0be8,data/evaluation/robustness_v1/rob_kb_hi_01280__telephone.wav
rob_kb_hi_01280__lowpass,kb_hi_01280,real,Hindi,Kathbath,,test,lowpass,8.5449,WAV/PCM_16,ec62c7938d2cd8e3179346ee6fc28c118caff547b4a93c974ab41606d64fd435,246214247d5c0be8,data/evaluation/robustness_v1/rob_kb_hi_01280__lowpass.wav
rob_kb_hi_01280__multi_codec,kb_hi_01280,real,Hindi,Kathbath,,test,multi_codec,8.5449,WAV/PCM_16,1d787bdb20360678a4c938e7ff42aaa61edf58f295b03aad476bf03597f154eb,246214247d5c0be8,data/evaluation/robustness_v1/rob_kb_hi_01280__multi_codec.wav
rob_kb_hi_01313__mp3,kb_hi_01313,real,Hindi,Kathbath,,test,mp3,5.5264,WAV/PCM_16,e62f0166396e371ec0e24c777919ba6d5a09ebef0f838e889d672c5e17c774bd,688cb347ec330163,data/evaluation/robustness_v1/rob_kb_hi_01313__mp3.wav
rob_kb_hi_01313__opus,kb_hi_01313,real,Hindi,Kathbath,,test,opus,5.5264,WAV/PCM_16,5598929a857d1bc158fc4af899baf1e6d767acfd860131f0f54e461d2f1d4862,688cb347ec330163,data/evaluation/robustness_v1/rob_kb_hi_01313__opus.wav
rob_kb_hi_01313__telephone,kb_hi_01313,real,Hindi,Kathbath,,test,telephone,5.5264,WAV/PCM_16,ebaa2b085b63b04cbe763cb8a34ddbf4cd3a293a35d52a306bd24aef24847c80,688cb347ec330163,data/evaluation/robustness_v1/rob_kb_hi_01313__telephone.wav
rob_kb_hi_01313__lowpass,kb_hi_01313,real,Hindi,Kathbath,,test,lowpass,5.5264,WAV/PCM_16,b4e8f6d1e0ae2f4d3a13f632665710527a783594672422d26ca0b23a5fccb917,688cb347ec330163,data/evaluation/robustness_v1/rob_kb_hi_01313__lowpass.wav
rob_kb_hi_01313__multi_codec,kb_hi_01313,real,Hindi,Kathbath,,test,multi_codec,5.5264,WAV/PCM_16,54c848605eecb95ae5c9c9f6333123cffd6a27ab357a22ad6630b7b32ec50c96,688cb347ec330163,data/evaluation/robustness_v1/rob_kb_hi_01313__multi_codec.wav
rob_kb_hi_01347__mp3,kb_hi_01347,real,Hindi,Kathbath,,test,mp3,6.966,WAV/PCM_16,3d31f32a9bdbf5811a394fc19a86cffac4ab47bd5924229ef06aba876a7e12d0,004f86deea9a394b,data/evaluation/robustness_v1/rob_kb_hi_01347__mp3.wav
rob_kb_hi_01347__opus,kb_hi_01347,real,Hindi,Kathbath,,test,opus,6.966,WAV/PCM_16,8103919c9ba68d57ee5cdd697e08414486aa8302fcf134baa7365e2b4a7edb54,004f86deea9a394b,data/evaluation/robustness_v1/rob_kb_hi_01347__opus.wav
rob_kb_hi_01347__telephone,kb_hi_01347,real,Hindi,Kathbath,,test,telephone,6.966,WAV/PCM_16,fb1262702792d2e1a4a0c8b65e077d195f9b907514ba15aea95763959946477a,004f86deea9a394b,data/evaluation/robustness_v1/rob_kb_hi_01347__telephone.wav
rob_kb_hi_01347__lowpass,kb_hi_01347,real,Hindi,Kathbath,,test,lowpass,6.966,WAV/PCM_16,e5f964d6e0ed189fc2a4f53ac327e7bc261c9c2ae8ec44589109715f1641d920,004f86deea9a394b,data/evaluation/robustness_v1/rob_kb_hi_01347__lowpass.wav
rob_kb_hi_01347__multi_codec,kb_hi_01347,real,Hindi,Kathbath,,test,multi_codec,6.966,WAV/PCM_16,1e523c858817d74a5ab02efc20ae783c42943cb1378008882669404cb2445f2a,004f86deea9a394b,data/evaluation/robustness_v1/rob_kb_hi_01347__multi_codec.wav
rob_kb_hi_01594__mp3,kb_hi_01594,real,Hindi,Kathbath,,test,mp3,4.1796,WAV/PCM_16,2e5c9c40d5f65d45642a7ff8c91fd42e9339a8fefbb39214c1bcfa42d2db369e,11a3ecbdd3cfb03e,data/evaluation/robustness_v1/rob_kb_hi_01594__mp3.wav
rob_kb_hi_01594__opus,kb_hi_01594,real,Hindi,Kathbath,,test,opus,4.1796,WAV/PCM_16,d652ab1ba66462ec643215dd9aa5933890c87865a54b664bb2312d0d9e2692a2,11a3ecbdd3cfb03e,data/evaluation/robustness_v1/rob_kb_hi_01594__opus.wav
rob_kb_hi_01594__telephone,kb_hi_01594,real,Hindi,Kathbath,,test,telephone,4.1796,WAV/PCM_16,489a766d61136331700ca94fdd80acb19d2e5d59317da1fbfcbdd1aac3196bc8,11a3ecbdd3cfb03e,data/evaluation/robustness_v1/rob_kb_hi_01594__telephone.wav
rob_kb_hi_01594__lowpass,kb_hi_01594,real,Hindi,Kathbath,,test,lowpass,4.1796,WAV/PCM_16,dfac8d2461733fb5e2ee5f12be698c2ff47a807615c0483e76b3bb36566c273c,11a3ecbdd3cfb03e,data/evaluation/robustness_v1/rob_kb_hi_01594__lowpass.wav
rob_kb_hi_01594__multi_codec,kb_hi_01594,real,Hindi,Kathbath,,test,multi_codec,4.1796,WAV/PCM_16,8bea0ad9be22b5ad8bb2241e4615ac3e72819c4bbe9524c89a228ceeafe55849,11a3ecbdd3cfb03e,data/evaluation/robustness_v1/rob_kb_hi_01594__multi_codec.wav
rob_kb_hi_01795__mp3,kb_hi_01795,real,Hindi,Kathbath,,test,mp3,6.7349,WAV/PCM_16,34a1b2707533e594b6f22f95345b168618649fcb26da0749676de6f959f92a9c,ab40e8e111a318bf,data/evaluation/robustness_v1/rob_kb_hi_01795__mp3.wav
rob_kb_hi_01795__opus,kb_hi_01795,real,Hindi,Kathbath,,test,opus,6.7338,WAV/PCM_16,693c0d5a14600efc2356b7f292d7ad5ab55c26ca4522962eae52b2634a90abe6,ab40e8e111a318bf,data/evaluation/robustness_v1/rob_kb_hi_01795__opus.wav
rob_kb_hi_01795__telephone,kb_hi_01795,real,Hindi,Kathbath,,test,telephone,6.7339,WAV/PCM_16,5ad301c947561c6c129a27340233395b82b0ea39c9e5918055db79e80b929d7d,ab40e8e111a318bf,data/evaluation/robustness_v1/rob_kb_hi_01795__telephone.wav
rob_kb_hi_01795__lowpass,kb_hi_01795,real,Hindi,Kathbath,,test,lowpass,6.7338,WAV/PCM_16,19fab49435d722609f4234bd37cde9ae6d31138c4a48b9ebd65863005054bb3e,ab40e8e111a318bf,data/evaluation/robustness_v1/rob_kb_hi_01795__lowpass.wav
rob_kb_hi_01795__multi_codec,kb_hi_01795,real,Hindi,Kathbath,,test,multi_codec,6.7349,WAV/PCM_16,e484f1cab29d0d4bdda2aec4d443c86ddb86ea477879d26bc8e47bd59095bc1e,ab40e8e111a318bf,data/evaluation/robustness_v1/rob_kb_hi_01795__multi_codec.wav
rob_kb_hi_01798__mp3,kb_hi_01798,real,Hindi,Kathbath,,test,mp3,4.9923,WAV/PCM_16,3b0759a5854aaf5defe59195f8a924af0465ac64dbbd1e340a0c8b572fc7f4ea,ab40e8e111a318bf,data/evaluation/robustness_v1/rob_kb_hi_01798__mp3.wav
rob_kb_hi_01798__opus,kb_hi_01798,real,Hindi,Kathbath,,test,opus,4.9923,WAV/PCM_16,f1769956c63ba125b36fce4b4625b4a2f37b8c17d70f169b06e24b8ed6b3e0af,ab40e8e111a318bf,data/evaluation/robustness_v1/rob_kb_hi_01798__opus.wav
rob_kb_hi_01798__telephone,kb_hi_01798,real,Hindi,Kathbath,,test,telephone,4.9924,WAV/PCM_16,90b6e7f56196659a895bb7c5614b5c3a7777448962db338722cfe46a96890f9f,ab40e8e111a318bf,data/evaluation/robustness_v1/rob_kb_hi_01798__telephone.wav
rob_kb_hi_01798__lowpass,kb_hi_01798,real,Hindi,Kathbath,,test,lowpass,4.9923,WAV/PCM_16,cf7e12718bc93bad8cd5b7913bc965b837c819b0a0905d3aba7e18502aba1f89,ab40e8e111a318bf,data/evaluation/robustness_v1/rob_kb_hi_01798__lowpass.wav
rob_kb_hi_01798__multi_codec,kb_hi_01798,real,Hindi,Kathbath,,test,multi_codec,4.9923,WAV/PCM_16,e0a00625e004c9fc4e9f049f75fc2be6dc6c39eac6ba8b93ee3d7e6ee529eb97,ab40e8e111a318bf,data/evaluation/robustness_v1/rob_kb_hi_01798__multi_codec.wav
rob_kb_hi_01829__mp3,kb_hi_01829,real,Hindi,Kathbath,,test,mp3,4.2725,WAV/PCM_16,6f5a3969ad59c25ade9ca81d0270f6dd3b1a9b6aff04edec3f09450171f28b98,49144c8313180574,data/evaluation/robustness_v1/rob_kb_hi_01829__mp3.wav
rob_kb_hi_01829__opus,kb_hi_01829,real,Hindi,Kathbath,,test,opus,4.2725,WAV/PCM_16,00db59d7ca00f7fcfe5c18b2edf207b49e1b7343e86df70a665c78969863e7c2,49144c8313180574,data/evaluation/robustness_v1/rob_kb_hi_01829__opus.wav
rob_kb_hi_01829__telephone,kb_hi_01829,real,Hindi,Kathbath,,test,telephone,4.2725,WAV/PCM_16,5f895598cf68c0a9781edb72de7959cb9e732bd6a1a1cbcb101a3c3b81e26918,49144c8313180574,data/evaluation/robustness_v1/rob_kb_hi_01829__telephone.wav
rob_kb_hi_01829__lowpass,kb_hi_01829,real,Hindi,Kathbath,,test,lowpass,4.2725,WAV/PCM_16,5e89deb4f32828874ebf0d948da4c7678d2e95205a6994ef488f098b65b60788,49144c8313180574,data/evaluation/robustness_v1/rob_kb_hi_01829__lowpass.wav
rob_kb_hi_01829__multi_codec,kb_hi_01829,real,Hindi,Kathbath,,test,multi_codec,4.2725,WAV/PCM_16,f0a401824a00f465f37c19a9eeafdb5011e7c1c1dc155d512022786832b39ac4,49144c8313180574,data/evaluation/robustness_v1/rob_kb_hi_01829__multi_codec.wav
rob_kb_hi_01834__mp3,kb_hi_01834,real,Hindi,Kathbath,,test,mp3,6.3391,WAV/PCM_16,937f10374e03a1bf27085645b6bad0da8e378b4f6824e361d02c7fbecdac006f,49144c8313180574,data/evaluation/robustness_v1/rob_kb_hi_01834__mp3.wav
rob_kb_hi_01834__opus,kb_hi_01834,real,Hindi,Kathbath,,test,opus,6.3391,WAV/PCM_16,941152b821e60172a68df12d42194e4252b3971776940aab6d2be7c624f3af7c,49144c8313180574,data/evaluation/robustness_v1/rob_kb_hi_01834__opus.wav
rob_kb_hi_01834__telephone,kb_hi_01834,real,Hindi,Kathbath,,test,telephone,6.3391,WAV/PCM_16,53a345656ff9d129c233d2974deca194ef979ef41fc85b787b31a9b973f05c2d,49144c8313180574,data/evaluation/robustness_v1/rob_kb_hi_01834__telephone.wav
rob_kb_hi_01834__lowpass,kb_hi_01834,real,Hindi,Kathbath,,test,lowpass,6.3391,WAV/PCM_16,c8c67665a51896d7acd5a4b0e48fe45131b375bbb3668e61182bd770ec8887ed,49144c8313180574,data/evaluation/robustness_v1/rob_kb_hi_01834__lowpass.wav
rob_kb_hi_01834__multi_codec,kb_hi_01834,real,Hindi,Kathbath,,test,multi_codec,6.3391,WAV/PCM_16,0324169b8dcd556c93b03b3782e8e8e51a39d570cd1df877991dc1520c3309df,49144c8313180574,data/evaluation/robustness_v1/rob_kb_hi_01834__multi_codec.wav
rob_kb_hi_01878__mp3,kb_hi_01878,real,Hindi,Kathbath,,test,mp3,4.8762,WAV/PCM_16,8bb73cf62af7fcb022b5dae714df09321895a2dfed017f273836bd537ec85301,49144c8313180574,data/evaluation/robustness_v1/rob_kb_hi_01878__mp3.wav
rob_kb_hi_01878__opus,kb_hi_01878,real,Hindi,Kathbath,,test,opus,4.8762,WAV/PCM_16,5e37c70d3356943091f18c3240a7158d228983bec37aa478f5aab1dc095e05f9,49144c8313180574,data/evaluation/robustness_v1/rob_kb_hi_01878__opus.wav
rob_kb_hi_01878__telephone,kb_hi_01878,real,Hindi,Kathbath,,test,telephone,4.8762,WAV/PCM_16,298cff9e369cad18cb79ca9eee5777f402e2dda18e1b12da545ac9b2b891c38e,49144c8313180574,data/evaluation/robustness_v1/rob_kb_hi_01878__telephone.wav
rob_kb_hi_01878__lowpass,kb_hi_01878,real,Hindi,Kathbath,,test,lowpass,4.8762,WAV/PCM_16,1f2311cf5f3e2a61afd68425fbde45f6866c9e0bceea6e3d91dcd3544ad0ebef,49144c8313180574,data/evaluation/robustness_v1/rob_kb_hi_01878__lowpass.wav
rob_kb_hi_01878__multi_codec,kb_hi_01878,real,Hindi,Kathbath,,test,multi_codec,4.8762,WAV/PCM_16,6ad7af19265a5dfc91f71ec200630dfc981c432a0e9c336c98d11153bb7c663a,49144c8313180574,data/evaluation/robustness_v1/rob_kb_hi_01878__multi_codec.wav
rob_kb_hi_01894__mp3,kb_hi_01894,real,Hindi,Kathbath,,test,mp3,5.0155,WAV/PCM_16,501c56ec28126eda840b8626efaeebbdd3499c3158e24654c6e66726e77baf59,a699baaf5b3ff306,data/evaluation/robustness_v1/rob_kb_hi_01894__mp3.wav
rob_kb_hi_01894__opus,kb_hi_01894,real,Hindi,Kathbath,,test,opus,5.0155,WAV/PCM_16,c41ffff5b083350cd7a4009f5d5748c3d34e0b441575be319a33c4388ccd719f,a699baaf5b3ff306,data/evaluation/robustness_v1/rob_kb_hi_01894__opus.wav
rob_kb_hi_01894__telephone,kb_hi_01894,real,Hindi,Kathbath,,test,telephone,5.0155,WAV/PCM_16,dfde0987fbf486b097b57ad529bce5927ab2fe3f0d7259508ba44ddaf5e05975,a699baaf5b3ff306,data/evaluation/robustness_v1/rob_kb_hi_01894__telephone.wav
rob_kb_hi_01894__lowpass,kb_hi_01894,real,Hindi,Kathbath,,test,lowpass,5.0155,WAV/PCM_16,cb580fe203143c4881fe5d8bf3064cfb23e329137b779e7124a18a68e15a484f,a699baaf5b3ff306,data/evaluation/robustness_v1/rob_kb_hi_01894__lowpass.wav
rob_kb_hi_01894__multi_codec,kb_hi_01894,real,Hindi,Kathbath,,test,multi_codec,5.0155,WAV/PCM_16,437beee24f92d46dc79808b723c643b5a2103461fbd6ff68a3fd16114da942fa,a699baaf5b3ff306,data/evaluation/robustness_v1/rob_kb_hi_01894__multi_codec.wav
rob_kb_hi_01906__mp3,kb_hi_01906,real,Hindi,Kathbath,,test,mp3,4.9709,WAV/PCM_16,dd6112038c3f8a739233ad3e321e3171e0e370629c19642692469379292ddfb1,c8cbcb53f9315780,data/evaluation/robustness_v1/rob_kb_hi_01906__mp3.wav
rob_kb_hi_01906__opus,kb_hi_01906,real,Hindi,Kathbath,,test,opus,4.9691,WAV/PCM_16,5ce5b3d6a85e9b4a33d3abe975f91f8b4f39274e78be687200f8cb163541c22f,c8cbcb53f9315780,data/evaluation/robustness_v1/rob_kb_hi_01906__opus.wav
rob_kb_hi_01906__telephone,kb_hi_01906,real,Hindi,Kathbath,,test,telephone,4.9691,WAV/PCM_16,1039ca8fb301b446d7c97d5bea0034191ffd8a4518d0b3f12768566b4a969adc,c8cbcb53f9315780,data/evaluation/robustness_v1/rob_kb_hi_01906__telephone.wav
rob_kb_hi_01906__lowpass,kb_hi_01906,real,Hindi,Kathbath,,test,lowpass,4.9691,WAV/PCM_16,e0b36b6b527a9e8b8e898a99abb2ee34d0b44e86a4edac0265ed9f7542cf749a,c8cbcb53f9315780,data/evaluation/robustness_v1/rob_kb_hi_01906__lowpass.wav
rob_kb_hi_01906__multi_codec,kb_hi_01906,real,Hindi,Kathbath,,test,multi_codec,4.9709,WAV/PCM_16,f922d0668c149d4923df3cf1e05dc543e7ac4fd3304a18bc61fdf8726d5bdfc5,c8cbcb53f9315780,data/evaluation/robustness_v1/rob_kb_hi_01906__multi_codec.wav
rob_kb_hi_01977__mp3,kb_hi_01977,real,Hindi,Kathbath,,test,mp3,4.3886,WAV/PCM_16,a539e15d9c50f1214e3048d21284c4e782c5a0b9fcddbf3c3324f3d6fee27bb2,49144c8313180574,data/evaluation/robustness_v1/rob_kb_hi_01977__mp3.wav
rob_kb_hi_01977__opus,kb_hi_01977,real,Hindi,Kathbath,,test,opus,4.3886,WAV/PCM_16,e26a14b5bba660e593596b77f4dee2bd37c09ff42ca6a9e5858d330ca88fd75b,49144c8313180574,data/evaluation/robustness_v1/rob_kb_hi_01977__opus.wav
rob_kb_hi_01977__telephone,kb_hi_01977,real,Hindi,Kathbath,,test,telephone,4.3886,WAV/PCM_16,10d8c068a1cbcb52eeb98a7b2bab46776c490c37a4e43e95ccd17dfd91f07715,49144c8313180574,data/evaluation/robustness_v1/rob_kb_hi_01977__telephone.wav
rob_kb_hi_01977__lowpass,kb_hi_01977,real,Hindi,Kathbath,,test,lowpass,4.3886,WAV/PCM_16,44ae747faa9906cd363c939450217c412eb7af78b8a25666d002dfd0637dcf7c,49144c8313180574,data/evaluation/robustness_v1/rob_kb_hi_01977__lowpass.wav
rob_kb_hi_01977__multi_codec,kb_hi_01977,real,Hindi,Kathbath,,test,multi_codec,4.3886,WAV/PCM_16,ec96a04f162205496434344d4d13dc7c159e6c45646b8fc65e184236b54e8a24,49144c8313180574,data/evaluation/robustness_v1/rob_kb_hi_01977__multi_codec.wav
rob_kb_hi_01988__mp3,kb_hi_01988,real,Hindi,Kathbath,,test,mp3,5.0155,WAV/PCM_16,a613698d0c0d0b45caa5962b88d5915432ae905637b5b1ce24f3dc6a14febc50,49144c8313180574,data/evaluation/robustness_v1/rob_kb_hi_01988__mp3.wav
rob_kb_hi_01988__opus,kb_hi_01988,real,Hindi,Kathbath,,test,opus,5.0155,WAV/PCM_16,1f67037664cffe76cfc8b0fe96638aa9272f3dc7b044e36cce8835f7e47ca7ae,49144c8313180574,data/evaluation/robustness_v1/rob_kb_hi_01988__opus.wav
rob_kb_hi_01988__telephone,kb_hi_01988,real,Hindi,Kathbath,,test,telephone,5.0155,WAV/PCM_16,5705c34faa825afb68c8d32e48944aa9adfbd85810bd51d3e86bbdd9afcdb118,49144c8313180574,data/evaluation/robustness_v1/rob_kb_hi_01988__telephone.wav
rob_kb_hi_01988__lowpass,kb_hi_01988,real,Hindi,Kathbath,,test,lowpass,5.0155,WAV/PCM_16,910ad0ef76ea01f5122b32e5f72db20da0ebe4c645cab87be5209e00fd89826c,49144c8313180574,data/evaluation/robustness_v1/rob_kb_hi_01988__lowpass.wav
rob_kb_hi_01988__multi_codec,kb_hi_01988,real,Hindi,Kathbath,,test,multi_codec,5.0155,WAV/PCM_16,bc4002436b51f4ca1e1f6c50dea76dad50e50f50d73d2b53aa9d2ff4fe5418c6,49144c8313180574,data/evaluation/robustness_v1/rob_kb_hi_01988__multi_codec.wav
rob_kb_hi_02010__mp3,kb_hi_02010,real,Hindi,Kathbath,,test,mp3,5.3406,WAV/PCM_16,a76cb43b685230bd3b6b2ea348b83f1f105de8808c7d262c283616dc4c14042d,49144c8313180574,data/evaluation/robustness_v1/rob_kb_hi_02010__mp3.wav
rob_kb_hi_02010__opus,kb_hi_02010,real,Hindi,Kathbath,,test,opus,5.3406,WAV/PCM_16,78b3643450a86a6528645dd017bd1aca2e3ff4d42db3585c4b53d6c32dc5583d,49144c8313180574,data/evaluation/robustness_v1/rob_kb_hi_02010__opus.wav
rob_kb_hi_02010__telephone,kb_hi_02010,real,Hindi,Kathbath,,test,telephone,5.3406,WAV/PCM_16,b92ed990491bfb1e178fa8ca93ee3d0b64309f7eae04a652544d26879129dd55,49144c8313180574,data/evaluation/robustness_v1/rob_kb_hi_02010__telephone.wav
rob_kb_hi_02010__lowpass,kb_hi_02010,real,Hindi,Kathbath,,test,lowpass,5.3406,WAV/PCM_16,9a8869717bf0bfa3234bc05fe88a1067e90c183240270589fb2a826cabd9222d,49144c8313180574,data/evaluation/robustness_v1/rob_kb_hi_02010__lowpass.wav
rob_kb_hi_02010__multi_codec,kb_hi_02010,real,Hindi,Kathbath,,test,multi_codec,5.3406,WAV/PCM_16,ca891e0f9ecea512be9ca051c8ae6cbd3d813990d4141ef8c29c2b2719de7dec,49144c8313180574,data/evaluation/robustness_v1/rob_kb_hi_02010__multi_codec.wav
rob_kb_hi_02044__mp3,kb_hi_02044,real,Hindi,Kathbath,,test,mp3,3.5527,WAV/PCM_16,8556d676673db00af1d3cf898bb753e4f6b0b669c2d205b14cf3fca148016f14,ab40e8e111a318bf,data/evaluation/robustness_v1/rob_kb_hi_02044__mp3.wav
rob_kb_hi_02044__opus,kb_hi_02044,real,Hindi,Kathbath,,test,opus,3.5527,WAV/PCM_16,24ceaa9f70ec0a356fefd88d850254544b3421610b9c8fd1a3ba258d0178024e,ab40e8e111a318bf,data/evaluation/robustness_v1/rob_kb_hi_02044__opus.wav
rob_kb_hi_02044__telephone,kb_hi_02044,real,Hindi,Kathbath,,test,telephone,3.5528,WAV/PCM_16,8650279d4f8c120eae02c64d9b560546b0c8b0dc1f25098d5caa0ec0ecf8f122,ab40e8e111a318bf,data/evaluation/robustness_v1/rob_kb_hi_02044__telephone.wav
rob_kb_hi_02044__lowpass,kb_hi_02044,real,Hindi,Kathbath,,test,lowpass,3.5527,WAV/PCM_16,ed4569f802e78ffedf77c82b1053f6cc7a0ee40949f96b814d14b169d3966e14,ab40e8e111a318bf,data/evaluation/robustness_v1/rob_kb_hi_02044__lowpass.wav
rob_kb_hi_02044__multi_codec,kb_hi_02044,real,Hindi,Kathbath,,test,multi_codec,3.5527,WAV/PCM_16,2a2ad7d581c5be2c3adab226c236efd72785fe6ca5bd2265dc2ec95808d02998,ab40e8e111a318bf,data/evaluation/robustness_v1/rob_kb_hi_02044__multi_codec.wav
rob_kb_hi_02046__mp3,kb_hi_02046,real,Hindi,Kathbath,,test,mp3,6.5016,WAV/PCM_16,5f6e4aa7cafe4d925987e09720baedf56472a80b09f1b4894e74f4b58b7c26d7,ab40e8e111a318bf,data/evaluation/robustness_v1/rob_kb_hi_02046__mp3.wav
rob_kb_hi_02046__opus,kb_hi_02046,real,Hindi,Kathbath,,test,opus,6.5016,WAV/PCM_16,7458d5155858ec6eefc5c12d2197722e81efe5458a89622bb9e829c7d8c2e442,ab40e8e111a318bf,data/evaluation/robustness_v1/rob_kb_hi_02046__opus.wav
rob_kb_hi_02046__telephone,kb_hi_02046,real,Hindi,Kathbath,,test,telephone,6.5016,WAV/PCM_16,962ed74e2fabfc9be45d4743a47c8f8d53ca32b64b1bd316bd0a795b6ef9aa37,ab40e8e111a318bf,data/evaluation/robustness_v1/rob_kb_hi_02046__telephone.wav
rob_kb_hi_02046__lowpass,kb_hi_02046,real,Hindi,Kathbath,,test,lowpass,6.5016,WAV/PCM_16,9690d402fad408af1d42d50f3956e9a7cb3cd76ff138fb742029d17a15810ce3,ab40e8e111a318bf,data/evaluation/robustness_v1/rob_kb_hi_02046__lowpass.wav
rob_kb_hi_02046__multi_codec,kb_hi_02046,real,Hindi,Kathbath,,test,multi_codec,6.5016,WAV/PCM_16,ea1684b868cdb90cf3032954f457a7a155b1c858fd867448e876531813e1d458,ab40e8e111a318bf,data/evaluation/robustness_v1/rob_kb_hi_02046__multi_codec.wav
rob_kb_hi_02059__mp3,kb_hi_02059,real,Hindi,Kathbath,,test,mp3,7.7555,WAV/PCM_16,a16226958eb07553cf15ae4ad37834c59d1b4ffd469fa2f51262f5e1f3d9405b,49144c8313180574,data/evaluation/robustness_v1/rob_kb_hi_02059__mp3.wav
rob_kb_hi_02059__opus,kb_hi_02059,real,Hindi,Kathbath,,test,opus,7.7555,WAV/PCM_16,f2fe0eb128fcefd67a6b016560571ac61969c6875bc2de9bda4588387b7e45ba,49144c8313180574,data/evaluation/robustness_v1/rob_kb_hi_02059__opus.wav
rob_kb_hi_02059__telephone,kb_hi_02059,real,Hindi,Kathbath,,test,telephone,7.7555,WAV/PCM_16,b06094e35dfa0413123386e6a28db5fd8c4b77fc73d7e2b3d49dc1f64c7a09ee,49144c8313180574,data/evaluation/robustness_v1/rob_kb_hi_02059__telephone.wav
rob_kb_hi_02059__lowpass,kb_hi_02059,real,Hindi,Kathbath,,test,lowpass,7.7555,WAV/PCM_16,9b68114788ab6b898f308cf7db32779d3db5e7a7c2b1c31d7fd335b0d86ae54d,49144c8313180574,data/evaluation/robustness_v1/rob_kb_hi_02059__lowpass.wav
rob_kb_hi_02059__multi_codec,kb_hi_02059,real,Hindi,Kathbath,,test,multi_codec,7.7555,WAV/PCM_16,ed58710cec58da65e24e5d69331aa35ff3e27ab8f378e8ae8c4ea94353adf983,49144c8313180574,data/evaluation/robustness_v1/rob_kb_hi_02059__multi_codec.wav
rob_kb_hi_02072__mp3,kb_hi_02072,real,Hindi,Kathbath,,test,mp3,3.4134,WAV/PCM_16,5db91e097d2ec5788f128717ac706ba1134a53a70ba47dda4319c3bb28104816,49144c8313180574,data/evaluation/robustness_v1/rob_kb_hi_02072__mp3.wav
rob_kb_hi_02072__opus,kb_hi_02072,real,Hindi,Kathbath,,test,opus,3.4134,WAV/PCM_16,a38cb464316a31577c47d11f7eaf18de258438bbe508a51cecb79063890fdcfb,49144c8313180574,data/evaluation/robustness_v1/rob_kb_hi_02072__opus.wav
rob_kb_hi_02072__telephone,kb_hi_02072,real,Hindi,Kathbath,,test,telephone,3.4134,WAV/PCM_16,12335c8b5a739541fa2981d2e0d322899949a8d1fc43af6fa6561fc6d9232f9c,49144c8313180574,data/evaluation/robustness_v1/rob_kb_hi_02072__telephone.wav
rob_kb_hi_02072__lowpass,kb_hi_02072,real,Hindi,Kathbath,,test,lowpass,3.4134,WAV/PCM_16,055dc65579840650fb901de4fdd2ba7e16ff625a52c8f955d29f3d636c775413,49144c8313180574,data/evaluation/robustness_v1/rob_kb_hi_02072__lowpass.wav
rob_kb_hi_02072__multi_codec,kb_hi_02072,real,Hindi,Kathbath,,test,multi_codec,3.4134,WAV/PCM_16,b6ea5b99e30e1e90a8f17e467a645f2f63d1fa9ef3e3c38e06ede38003d715aa,49144c8313180574,data/evaluation/robustness_v1/rob_kb_hi_02072__multi_codec.wav
rob_kb_hi_02078__mp3,kb_hi_02078,real,Hindi,Kathbath,,test,mp3,5.9908,WAV/PCM_16,2aa20649f028592b7880fdf2ee1f041e3f832ef9837eee1e97c994090f7d8e03,c8cbcb53f9315780,data/evaluation/robustness_v1/rob_kb_hi_02078__mp3.wav
rob_kb_hi_02078__opus,kb_hi_02078,real,Hindi,Kathbath,,test,opus,5.9908,WAV/PCM_16,7535d4cec8e8d06d548c780114f72568f2a8b1cf792201fa5151098dd39508e3,c8cbcb53f9315780,data/evaluation/robustness_v1/rob_kb_hi_02078__opus.wav
rob_kb_hi_02078__telephone,kb_hi_02078,real,Hindi,Kathbath,,test,telephone,5.9908,WAV/PCM_16,288add7e914ec1899bb73efb63c19fd39079e4242126ebb54a3c313faf626516,c8cbcb53f9315780,data/evaluation/robustness_v1/rob_kb_hi_02078__telephone.wav
rob_kb_hi_02078__lowpass,kb_hi_02078,real,Hindi,Kathbath,,test,lowpass,5.9908,WAV/PCM_16,716667f4e9784615ba062671592988af31d013fa952d9f9346000b16453bee55,c8cbcb53f9315780,data/evaluation/robustness_v1/rob_kb_hi_02078__lowpass.wav
rob_kb_hi_02078__multi_codec,kb_hi_02078,real,Hindi,Kathbath,,test,multi_codec,5.9908,WAV/PCM_16,596eff2b7e72409ffd9b044941f7d3ae47f5223c78529bac3a6a2e520a6de21f,c8cbcb53f9315780,data/evaluation/robustness_v1/rob_kb_hi_02078__multi_codec.wav
rob_kb_hi_02110__mp3,kb_hi_02110,real,Hindi,Kathbath,,test,mp3,4.3189,WAV/PCM_16,d6954ddf6eaa9b8d914c7bf3434ce4581c08ea511c5b4903e71320da7cf74c82,c8cbcb53f9315780,data/evaluation/robustness_v1/rob_kb_hi_02110__mp3.wav
rob_kb_hi_02110__opus,kb_hi_02110,real,Hindi,Kathbath,,test,opus,4.3189,WAV/PCM_16,28a4c34f3f09f017da6cae3d21bea6106a1475537f12eb8b466c0bb346a77de5,c8cbcb53f9315780,data/evaluation/robustness_v1/rob_kb_hi_02110__opus.wav
rob_kb_hi_02110__telephone,kb_hi_02110,real,Hindi,Kathbath,,test,telephone,4.319,WAV/PCM_16,7e29861a2e9aa8db17b46557da4f7a008e43a80ea66d2bac4c4d8013d54a6338,c8cbcb53f9315780,data/evaluation/robustness_v1/rob_kb_hi_02110__telephone.wav
rob_kb_hi_02110__lowpass,kb_hi_02110,real,Hindi,Kathbath,,test,lowpass,4.3189,WAV/PCM_16,4561b56ac704aa29f0caafb7a8f84858a20fa601285fdefd1bf3d0320bbc5173,c8cbcb53f9315780,data/evaluation/robustness_v1/rob_kb_hi_02110__lowpass.wav
rob_kb_hi_02110__multi_codec,kb_hi_02110,real,Hindi,Kathbath,,test,multi_codec,4.3189,WAV/PCM_16,2f814efbb9d35e1a943160cfac92769fc529dd7b1e05732533e10f0b5cc6002e,c8cbcb53f9315780,data/evaluation/robustness_v1/rob_kb_hi_02110__multi_codec.wav
rob_kb_hi_02120__mp3,kb_hi_02120,real,Hindi,Kathbath,,test,mp3,4.6904,WAV/PCM_16,a33aa0f289e85214baa67a9fc0c152f0b96d7e2234aa9e0e41812cf539fa2e08,004f86deea9a394b,data/evaluation/robustness_v1/rob_kb_hi_02120__mp3.wav
rob_kb_hi_02120__opus,kb_hi_02120,real,Hindi,Kathbath,,test,opus,4.6904,WAV/PCM_16,b406e8fd980105ad1e84157baf9b34b26b4f6caa8376312991e93e946f72ca0f,004f86deea9a394b,data/evaluation/robustness_v1/rob_kb_hi_02120__opus.wav
rob_kb_hi_02120__telephone,kb_hi_02120,real,Hindi,Kathbath,,test,telephone,4.6905,WAV/PCM_16,bf458e54e0a4b460dc88dee25dfa7c1e0553500cf88bd8eeb29add3328a42363,004f86deea9a394b,data/evaluation/robustness_v1/rob_kb_hi_02120__telephone.wav
rob_kb_hi_02120__lowpass,kb_hi_02120,real,Hindi,Kathbath,,test,lowpass,4.6904,WAV/PCM_16,a78c7f5634718410ed32528edb0105eeb75dca56868416e104b315890b6bc245,004f86deea9a394b,data/evaluation/robustness_v1/rob_kb_hi_02120__lowpass.wav
rob_kb_hi_02120__multi_codec,kb_hi_02120,real,Hindi,Kathbath,,test,multi_codec,4.6904,WAV/PCM_16,5213daa3eaa1e22a1aaeaa7b17293d4d09a3e594816ad661c8af465c6784761f,004f86deea9a394b,data/evaluation/robustness_v1/rob_kb_hi_02120__multi_codec.wav
rob_kb_hi_02127__mp3,kb_hi_02127,real,Hindi,Kathbath,,test,mp3,5.6424,WAV/PCM_16,79e6922cec98274b98e03df3fe7330526c79d26f27bedbf287858e609dc09637,688cb347ec330163,data/evaluation/robustness_v1/rob_kb_hi_02127__mp3.wav
rob_kb_hi_02127__opus,kb_hi_02127,real,Hindi,Kathbath,,test,opus,5.6424,WAV/PCM_16,14bb50cf48daaff65d4458b5a3c2ba0dce7dea2efa793a405f94ea1bff10f594,688cb347ec330163,data/evaluation/robustness_v1/rob_kb_hi_02127__opus.wav
rob_kb_hi_02127__telephone,kb_hi_02127,real,Hindi,Kathbath,,test,telephone,5.6425,WAV/PCM_16,9eaa26cfda42fa24c3634e1f58782bc7d837ec0728cf9eb69f027d22b5e49fc9,688cb347ec330163,data/evaluation/robustness_v1/rob_kb_hi_02127__telephone.wav
rob_kb_hi_02127__lowpass,kb_hi_02127,real,Hindi,Kathbath,,test,lowpass,5.6424,WAV/PCM_16,ad2fd6674d1dd553e33c9d64e65088c64da1f656316c67c3a8cf8c7497ca7701,688cb347ec330163,data/evaluation/robustness_v1/rob_kb_hi_02127__lowpass.wav
rob_kb_hi_02127__multi_codec,kb_hi_02127,real,Hindi,Kathbath,,test,multi_codec,5.6424,WAV/PCM_16,a5b81f3c2ff26a5d3a12d591b67fafcab006f8210a1aa4ad740021c37c82c196,688cb347ec330163,data/evaluation/robustness_v1/rob_kb_hi_02127__multi_codec.wav
rob_kb_hi_02134__mp3,kb_hi_02134,real,Hindi,Kathbath,,test,mp3,7.4072,WAV/PCM_16,42c13379a2c9eb7a72ea0957b77b7b57acbec12e5a25ce5fbfab56cf9f9d7656,ab40e8e111a318bf,data/evaluation/robustness_v1/rob_kb_hi_02134__mp3.wav
rob_kb_hi_02134__opus,kb_hi_02134,real,Hindi,Kathbath,,test,opus,7.4072,WAV/PCM_16,420eba7a897c2d9bafb5eec57db44cdb7f8c85833db5a35d7ed0b066bd94cb23,ab40e8e111a318bf,data/evaluation/robustness_v1/rob_kb_hi_02134__opus.wav
rob_kb_hi_02134__telephone,kb_hi_02134,real,Hindi,Kathbath,,test,telephone,7.4073,WAV/PCM_16,a5762227dd3c96a78bd5ef385149633ea32c211c10af78424b134baab74a676c,ab40e8e111a318bf,data/evaluation/robustness_v1/rob_kb_hi_02134__telephone.wav
rob_kb_hi_02134__lowpass,kb_hi_02134,real,Hindi,Kathbath,,test,lowpass,7.4072,WAV/PCM_16,d490b3f95ea0f663e1c2b29b5628e756cf64c95b4d47a46f70645077eb88aac7,ab40e8e111a318bf,data/evaluation/robustness_v1/rob_kb_hi_02134__lowpass.wav
rob_kb_hi_02134__multi_codec,kb_hi_02134,real,Hindi,Kathbath,,test,multi_codec,7.4072,WAV/PCM_16,7be5184852d57b1a1db37829595dde157f0a0d2fb5411a68a7883c18f2ac4bac,ab40e8e111a318bf,data/evaluation/robustness_v1/rob_kb_hi_02134__multi_codec.wav
rob_kb_hi_02157__mp3,kb_hi_02157,real,Hindi,Kathbath,,test,mp3,4.3886,WAV/PCM_16,d99807f364f0b025bef8e81d03ac9f37cbe5b7b808d8db23be1ffd6c04f39efe,004f86deea9a394b,data/evaluation/robustness_v1/rob_kb_hi_02157__mp3.wav
rob_kb_hi_02157__opus,kb_hi_02157,real,Hindi,Kathbath,,test,opus,4.3886,WAV/PCM_16,c67978fb0f1ce2cb27f97bb6d882f7a1128320cf75fdbd8046eaf5b9618c836e,004f86deea9a394b,data/evaluation/robustness_v1/rob_kb_hi_02157__opus.wav
rob_kb_hi_02157__telephone,kb_hi_02157,real,Hindi,Kathbath,,test,telephone,4.3886,WAV/PCM_16,855bc36af3eb574a1d7d55a4c6b649ccb69b78e9fb2c9e4e4d4ac632c787e4c7,004f86deea9a394b,data/evaluation/robustness_v1/rob_kb_hi_02157__telephone.wav
rob_kb_hi_02157__lowpass,kb_hi_02157,real,Hindi,Kathbath,,test,lowpass,4.3886,WAV/PCM_16,e446d3d4d1a4a45bfbe1ef9c2f19bd364cb5383afffe5edc0d5fda5895d3b4f8,004f86deea9a394b,data/evaluation/robustness_v1/rob_kb_hi_02157__lowpass.wav
rob_kb_hi_02157__multi_codec,kb_hi_02157,real,Hindi,Kathbath,,test,multi_codec,4.3886,WAV/PCM_16,f02076c89a5b029c227b9a813f7d41a4e173ecb02db66c8c2a642b37a1c4ab09,004f86deea9a394b,data/evaluation/robustness_v1/rob_kb_hi_02157__multi_codec.wav
rob_kb_hi_02179__mp3,kb_hi_02179,real,Hindi,Kathbath,,test,mp3,5.6909,WAV/PCM_16,d7589ac54ccd53c0fa50f45c48209ddfb295513d323d6e1359c550c6cef7d463,c8cbcb53f9315780,data/evaluation/robustness_v1/rob_kb_hi_02179__mp3.wav
rob_kb_hi_02179__opus,kb_hi_02179,real,Hindi,Kathbath,,test,opus,5.6889,WAV/PCM_16,f6dc7aab95eb4dccac0b7dd5c8cdbba6a2e16264447f13fcf4e3aae933336db1,c8cbcb53f9315780,data/evaluation/robustness_v1/rob_kb_hi_02179__opus.wav
rob_kb_hi_02179__telephone,kb_hi_02179,real,Hindi,Kathbath,,test,telephone,5.6889,WAV/PCM_16,85b17892ca10d5c6bb4e4291e034271cafd4930816bfc4a2ba8294bc0bf0620b,c8cbcb53f9315780,data/evaluation/robustness_v1/rob_kb_hi_02179__telephone.wav
rob_kb_hi_02179__lowpass,kb_hi_02179,real,Hindi,Kathbath,,test,lowpass,5.6889,WAV/PCM_16,2fa0402b68b04a1c79d89ac48fc10b888101a89b7abb88d1ec68081b7b56c1bb,c8cbcb53f9315780,data/evaluation/robustness_v1/rob_kb_hi_02179__lowpass.wav
rob_kb_hi_02179__multi_codec,kb_hi_02179,real,Hindi,Kathbath,,test,multi_codec,5.6909,WAV/PCM_16,56d87b94e1df40ed765118d66bbe125c5b6adde8010c287a461056b32ae70673,c8cbcb53f9315780,data/evaluation/robustness_v1/rob_kb_hi_02179__multi_codec.wav
rob_kb_hi_02207__mp3,kb_hi_02207,real,Hindi,Kathbath,,test,mp3,3.7849,WAV/PCM_16,ac24bb1c7f93212dfbba2df55ffaccc0f48e75bd6ec359277b20fe00707733a2,c8cbcb53f9315780,data/evaluation/robustness_v1/rob_kb_hi_02207__mp3.wav
rob_kb_hi_02207__opus,kb_hi_02207,real,Hindi,Kathbath,,test,opus,3.7849,WAV/PCM_16,c39947451fc4de4cf3bc765e5ee719eb363b8cac1fef07ccc6461ebb7eaa4b31,c8cbcb53f9315780,data/evaluation/robustness_v1/rob_kb_hi_02207__opus.wav
rob_kb_hi_02207__telephone,kb_hi_02207,real,Hindi,Kathbath,,test,telephone,3.7849,WAV/PCM_16,01effdc6639614ab2dd5547f1a7680daa2b56253e3b80143cb2705c93be87128,c8cbcb53f9315780,data/evaluation/robustness_v1/rob_kb_hi_02207__telephone.wav
rob_kb_hi_02207__lowpass,kb_hi_02207,real,Hindi,Kathbath,,test,lowpass,3.7849,WAV/PCM_16,1aae50b597f5393f1b45243771085ab582074479659d68c74f4b2527a3f7c337,c8cbcb53f9315780,data/evaluation/robustness_v1/rob_kb_hi_02207__lowpass.wav
rob_kb_hi_02207__multi_codec,kb_hi_02207,real,Hindi,Kathbath,,test,multi_codec,3.7849,WAV/PCM_16,09cc51a2dc51b8cbcea5b8521df311ff498b0835dd68242ccec809efcb1f140a,c8cbcb53f9315780,data/evaluation/robustness_v1/rob_kb_hi_02207__multi_codec.wav
rob_kb_hi_02214__mp3,kb_hi_02214,real,Hindi,Kathbath,,test,mp3,7.9877,WAV/PCM_16,71d7422b2452c0e76de95c99385010c0e369cbdf16144b17938a12a714700667,ab40e8e111a318bf,data/evaluation/robustness_v1/rob_kb_hi_02214__mp3.wav
rob_kb_hi_02214__opus,kb_hi_02214,real,Hindi,Kathbath,,test,opus,7.9877,WAV/PCM_16,1957e96ee2b1a4c623b19439a2f6382a662e62d62afa7477a7b62b2a843b8de6,ab40e8e111a318bf,data/evaluation/robustness_v1/rob_kb_hi_02214__opus.wav
rob_kb_hi_02214__telephone,kb_hi_02214,real,Hindi,Kathbath,,test,telephone,7.9878,WAV/PCM_16,c6a337becc062c092b16b7206948ee1035f7f1fa896e7ff25f47c8afc9ed459e,ab40e8e111a318bf,data/evaluation/robustness_v1/rob_kb_hi_02214__telephone.wav
rob_kb_hi_02214__lowpass,kb_hi_02214,real,Hindi,Kathbath,,test,lowpass,7.9877,WAV/PCM_16,899dfad0691dd1a3c38a988cfa1c0c57a79b84719c5345e77047e18262db6a05,ab40e8e111a318bf,data/evaluation/robustness_v1/rob_kb_hi_02214__lowpass.wav
rob_kb_hi_02214__multi_codec,kb_hi_02214,real,Hindi,Kathbath,,test,multi_codec,7.9877,WAV/PCM_16,31b3a140c54376f9eef753117451b295295eb27cfa3a38eb992aff0121de73a8,ab40e8e111a318bf,data/evaluation/robustness_v1/rob_kb_hi_02214__multi_codec.wav
rob_kb_hi_02218__mp3,kb_hi_02218,real,Hindi,Kathbath,,test,mp3,4.1564,WAV/PCM_16,03ae96caab7759693c652aca8f001110ef7eb89874edc0b48e55ef9c23719d8e,ab40e8e111a318bf,data/evaluation/robustness_v1/rob_kb_hi_02218__mp3.wav
rob_kb_hi_02218__opus,kb_hi_02218,real,Hindi,Kathbath,,test,opus,4.1564,WAV/PCM_16,e9be445cbefe21ed7e93413dadbc85ed866b6d0441a00f4736ad276452e22f40,ab40e8e111a318bf,data/evaluation/robustness_v1/rob_kb_hi_02218__opus.wav
rob_kb_hi_02218__telephone,kb_hi_02218,real,Hindi,Kathbath,,test,telephone,4.1564,WAV/PCM_16,23e9629b68031f5e64a746a3318375f6b658410a442764b7820ad473ef1cc8d3,ab40e8e111a318bf,data/evaluation/robustness_v1/rob_kb_hi_02218__telephone.wav
rob_kb_hi_02218__lowpass,kb_hi_02218,real,Hindi,Kathbath,,test,lowpass,4.1564,WAV/PCM_16,abd7e5161db422fed446936ee1f1819dc24864375ec3dbfd5d27ae958a620c8a,ab40e8e111a318bf,data/evaluation/robustness_v1/rob_kb_hi_02218__lowpass.wav
rob_kb_hi_02218__multi_codec,kb_hi_02218,real,Hindi,Kathbath,,test,multi_codec,4.1564,WAV/PCM_16,07318205023df9279ffe97c1b5640ac15727c4e8a8ab781e6c7d690fed4c3ff1,ab40e8e111a318bf,data/evaluation/robustness_v1/rob_kb_hi_02218__multi_codec.wav
rob_kb_hi_02219__mp3,kb_hi_02219,real,Hindi,Kathbath,,test,mp3,6.4784,WAV/PCM_16,a50e3f64ea550172aaa4c904ed21f133435af3cbb6fdd6fea1c72511082d1e92,ab40e8e111a318bf,data/evaluation/robustness_v1/rob_kb_hi_02219__mp3.wav
rob_kb_hi_02219__opus,kb_hi_02219,real,Hindi,Kathbath,,test,opus,6.4784,WAV/PCM_16,185ed39ca8def87055a8e07fea0b113c370852353c2a4c2bfae6ad2f675f4fe2,ab40e8e111a318bf,data/evaluation/robustness_v1/rob_kb_hi_02219__opus.wav
rob_kb_hi_02219__telephone,kb_hi_02219,real,Hindi,Kathbath,,test,telephone,6.4784,WAV/PCM_16,0220f2ac68114dd2809af2f4ece1f299bcb27cf2a7bf74d086e1acd9755ec630,ab40e8e111a318bf,data/evaluation/robustness_v1/rob_kb_hi_02219__telephone.wav
rob_kb_hi_02219__lowpass,kb_hi_02219,real,Hindi,Kathbath,,test,lowpass,6.4784,WAV/PCM_16,067f0aac78bbfa78d0c0eabb4ee262b0ad0d6289134f80475714d357452ed9e3,ab40e8e111a318bf,data/evaluation/robustness_v1/rob_kb_hi_02219__lowpass.wav
rob_kb_hi_02219__multi_codec,kb_hi_02219,real,Hindi,Kathbath,,test,multi_codec,6.4784,WAV/PCM_16,d9ee42bca402f5acd2c6244b0d79a5687bceed432ca3d73503b5c16633ca008d,ab40e8e111a318bf,data/evaluation/robustness_v1/rob_kb_hi_02219__multi_codec.wav
rob_kb_hi_02235__mp3,kb_hi_02235,real,Hindi,Kathbath,,test,mp3,5.1084,WAV/PCM_16,a44a981dbca4f499e3e1898ca7b9968e3fb2c990df87c0d5c34007f0e32bea2a,c8cbcb53f9315780,data/evaluation/robustness_v1/rob_kb_hi_02235__mp3.wav
rob_kb_hi_02235__opus,kb_hi_02235,real,Hindi,Kathbath,,test,opus,5.1084,WAV/PCM_16,e4d7dd780a0634aa524dd9e684ada71906cf728a6574804439367169d84c49e6,c8cbcb53f9315780,data/evaluation/robustness_v1/rob_kb_hi_02235__opus.wav
rob_kb_hi_02235__telephone,kb_hi_02235,real,Hindi,Kathbath,,test,telephone,5.1084,WAV/PCM_16,73f3d24d01809749c70822b0c1aa675ab5c30477858b0d1a12fe23288b5fac9a,c8cbcb53f9315780,data/evaluation/robustness_v1/rob_kb_hi_02235__telephone.wav
rob_kb_hi_02235__lowpass,kb_hi_02235,real,Hindi,Kathbath,,test,lowpass,5.1084,WAV/PCM_16,3f9c05b4f7c6758c8eb8adb75e7ab693e3229c4912569cf1607b3107657804d7,c8cbcb53f9315780,data/evaluation/robustness_v1/rob_kb_hi_02235__lowpass.wav
rob_kb_hi_02235__multi_codec,kb_hi_02235,real,Hindi,Kathbath,,test,multi_codec,5.1084,WAV/PCM_16,63e7bfb0eb7274ee23525a14c5a2ee995f1c89e80e35ae3421d5091be2639312,c8cbcb53f9315780,data/evaluation/robustness_v1/rob_kb_hi_02235__multi_codec.wav
rob_kb_hi_02240__mp3,kb_hi_02240,real,Hindi,Kathbath,,test,mp3,5.9908,WAV/PCM_16,ee2169fb55df2b64c346fbb2d41ffc742a9604d3734a7eef0d66f253a9af2ab4,004f86deea9a394b,data/evaluation/robustness_v1/rob_kb_hi_02240__mp3.wav
rob_kb_hi_02240__opus,kb_hi_02240,real,Hindi,Kathbath,,test,opus,5.9908,WAV/PCM_16,caaf1caa791f0ab7cd1a560980a0212bacb08e31ae4c29a67eeed2b05dc6dc49,004f86deea9a394b,data/evaluation/robustness_v1/rob_kb_hi_02240__opus.wav
rob_kb_hi_02240__telephone,kb_hi_02240,real,Hindi,Kathbath,,test,telephone,5.9908,WAV/PCM_16,8d1941938d1e982f2e6ae42e1ef9b90e7417e290247d10a19f9f0d3e2f185955,004f86deea9a394b,data/evaluation/robustness_v1/rob_kb_hi_02240__telephone.wav
rob_kb_hi_02240__lowpass,kb_hi_02240,real,Hindi,Kathbath,,test,lowpass,5.9908,WAV/PCM_16,8da778aaa1c8d3fc3619499f9f0228488cbd312332f8b835e28044eae0cef6e5,004f86deea9a394b,data/evaluation/robustness_v1/rob_kb_hi_02240__lowpass.wav
rob_kb_hi_02240__multi_codec,kb_hi_02240,real,Hindi,Kathbath,,test,multi_codec,5.9908,WAV/PCM_16,5425c623826961414d3601f26ddfcceba1217c236d3817be80d0a980a26b2b67,004f86deea9a394b,data/evaluation/robustness_v1/rob_kb_hi_02240__multi_codec.wav
rob_kb_hi_02286__mp3,kb_hi_02286,real,Hindi,Kathbath,,test,mp3,5.0619,WAV/PCM_16,e08f678fa6465dc0a679de5345249d72529c8f5126e56a0c1ee8e8a215e89bea,868b0c2b1272561c,data/evaluation/robustness_v1/rob_kb_hi_02286__mp3.wav
rob_kb_hi_02286__opus,kb_hi_02286,real,Hindi,Kathbath,,test,opus,5.0619,WAV/PCM_16,88ae7782bbae6f231b558786064da150900f3fa8f20a1d347fe820c8407c0c1b,868b0c2b1272561c,data/evaluation/robustness_v1/rob_kb_hi_02286__opus.wav
rob_kb_hi_02286__telephone,kb_hi_02286,real,Hindi,Kathbath,,test,telephone,5.062,WAV/PCM_16,314cde317e2a3b2cdb5fb8ddbcd471ee2fe87795e8f8d2887359192676987c11,868b0c2b1272561c,data/evaluation/robustness_v1/rob_kb_hi_02286__telephone.wav
rob_kb_hi_02286__lowpass,kb_hi_02286,real,Hindi,Kathbath,,test,lowpass,5.0619,WAV/PCM_16,fe9800ce44baf76fca8af8e8fd34617b2f008ee19ecf3ede42d6471d80b161fa,868b0c2b1272561c,data/evaluation/robustness_v1/rob_kb_hi_02286__lowpass.wav
rob_kb_hi_02286__multi_codec,kb_hi_02286,real,Hindi,Kathbath,,test,multi_codec,5.0619,WAV/PCM_16,f31d6169435beff410c7bee11d1e713b19079e13e14472b8e490d72aed08bbe8,868b0c2b1272561c,data/evaluation/robustness_v1/rob_kb_hi_02286__multi_codec.wav
rob_kb_hi_02290__mp3,kb_hi_02290,real,Hindi,Kathbath,,test,mp3,4.8762,WAV/PCM_16,3d3e2fc6c4e9437a5023d8be7b3f19b0a6215374f3e25377d48e7efde65ab27f,868b0c2b1272561c,data/evaluation/robustness_v1/rob_kb_hi_02290__mp3.wav
rob_kb_hi_02290__opus,kb_hi_02290,real,Hindi,Kathbath,,test,opus,4.8762,WAV/PCM_16,d2b9bbafb34c951fab670df4d358582aedc6e8102e2f6862796232f943dcd55f,868b0c2b1272561c,data/evaluation/robustness_v1/rob_kb_hi_02290__opus.wav
rob_kb_hi_02290__telephone,kb_hi_02290,real,Hindi,Kathbath,,test,telephone,4.8762,WAV/PCM_16,2c25f074b9c45437d07736ed1952d704d49f60eae976b76948e3abab855e6578,868b0c2b1272561c,data/evaluation/robustness_v1/rob_kb_hi_02290__telephone.wav
rob_kb_hi_02290__lowpass,kb_hi_02290,real,Hindi,Kathbath,,test,lowpass,4.8762,WAV/PCM_16,94ea93a06ddf772ee95e98bd591105c594c82ba5845baa3c1f71134a90338c1d,868b0c2b1272561c,data/evaluation/robustness_v1/rob_kb_hi_02290__lowpass.wav
rob_kb_hi_02290__multi_codec,kb_hi_02290,real,Hindi,Kathbath,,test,multi_codec,4.8762,WAV/PCM_16,b5b440f57102714815e318271a17d80e6612bb0eecc6f24ba82a42d175f2d479,868b0c2b1272561c,data/evaluation/robustness_v1/rob_kb_hi_02290__multi_codec.wav
rob_kb_hi_02294__mp3,kb_hi_02294,real,Hindi,Kathbath,,test,mp3,9.5202,WAV/PCM_16,a7ebba5bdbf27e1488d3d3e6542411bd71ff251fb777f5a745cb1bf19e7d48e5,868b0c2b1272561c,data/evaluation/robustness_v1/rob_kb_hi_02294__mp3.wav
rob_kb_hi_02294__opus,kb_hi_02294,real,Hindi,Kathbath,,test,opus,9.5202,WAV/PCM_16,b393283e6ee4f6d89a0bd9fe630591c761860ab9e29ed61abecaf322a3cb467a,868b0c2b1272561c,data/evaluation/robustness_v1/rob_kb_hi_02294__opus.wav
rob_kb_hi_02294__telephone,kb_hi_02294,real,Hindi,Kathbath,,test,telephone,9.5203,WAV/PCM_16,9d6ff92014f3b559dfd6e0682d29abb5ebeae46878dcbb3fffdd49b1b2cf0111,868b0c2b1272561c,data/evaluation/robustness_v1/rob_kb_hi_02294__telephone.wav
rob_kb_hi_02294__lowpass,kb_hi_02294,real,Hindi,Kathbath,,test,lowpass,9.5202,WAV/PCM_16,63221c8849423ed0d907ff59e91c89cb16a15af32ae9cc0656df3d5265332a65,868b0c2b1272561c,data/evaluation/robustness_v1/rob_kb_hi_02294__lowpass.wav
rob_kb_hi_02294__multi_codec,kb_hi_02294,real,Hindi,Kathbath,,test,multi_codec,9.5202,WAV/PCM_16,28ebe66943ab886d83ee1e395db955f500b2f6db455cf7ab9444cc1d10606edb,868b0c2b1272561c,data/evaluation/robustness_v1/rob_kb_hi_02294__multi_codec.wav
rob_kb_hi_02365__mp3,kb_hi_02365,real,Hindi,Kathbath,,test,mp3,7.5929,WAV/PCM_16,f2c403be8f2a94c07c413fe8c18b6b57809d5142391e9fed0c84d3fbd1cd906e,868b0c2b1272561c,data/evaluation/robustness_v1/rob_kb_hi_02365__mp3.wav
rob_kb_hi_02365__opus,kb_hi_02365,real,Hindi,Kathbath,,test,opus,7.5929,WAV/PCM_16,e69a8da10fb97d92232429911af78df10179bc51cdebcb6db7f274805b1e3ac4,868b0c2b1272561c,data/evaluation/robustness_v1/rob_kb_hi_02365__opus.wav
rob_kb_hi_02365__telephone,kb_hi_02365,real,Hindi,Kathbath,,test,telephone,7.593,WAV/PCM_16,291e09223498832b672f901db3396ac562afeca2bb63d66cdd44bc5bfe564381,868b0c2b1272561c,data/evaluation/robustness_v1/rob_kb_hi_02365__telephone.wav
rob_kb_hi_02365__lowpass,kb_hi_02365,real,Hindi,Kathbath,,test,lowpass,7.5929,WAV/PCM_16,988b0fc784d24bf962d0bd67542898665b43e7775aabbaf9102d92d77ec1c723,868b0c2b1272561c,data/evaluation/robustness_v1/rob_kb_hi_02365__lowpass.wav
rob_kb_hi_02365__multi_codec,kb_hi_02365,real,Hindi,Kathbath,,test,multi_codec,7.5929,WAV/PCM_16,d6a89f84466b3a8ab1405c62dc77c72af98143f883708de7db7164827e91fb46,868b0c2b1272561c,data/evaluation/robustness_v1/rob_kb_hi_02365__multi_codec.wav
rob_kb_hi_02366__mp3,kb_hi_02366,real,Hindi,Kathbath,,test,mp3,6.9428,WAV/PCM_16,d02c9a573e2549f411b91882ac0e058918f94f56c3e48d3ebdaf743c843f0d0a,868b0c2b1272561c,data/evaluation/robustness_v1/rob_kb_hi_02366__mp3.wav
rob_kb_hi_02366__opus,kb_hi_02366,real,Hindi,Kathbath,,test,opus,6.9428,WAV/PCM_16,c96ac5604e1709d93eb9df0b23752e4489514f95e55d3165dd3eb3323ce2f525,868b0c2b1272561c,data/evaluation/robustness_v1/rob_kb_hi_02366__opus.wav
rob_kb_hi_02366__telephone,kb_hi_02366,real,Hindi,Kathbath,,test,telephone,6.9428,WAV/PCM_16,d40c5e8f9517b57a1f7aa0e24af99ac64f18168937f12c06a335d7d3d3f3e373,868b0c2b1272561c,data/evaluation/robustness_v1/rob_kb_hi_02366__telephone.wav
rob_kb_hi_02366__lowpass,kb_hi_02366,real,Hindi,Kathbath,,test,lowpass,6.9428,WAV/PCM_16,d78bd5bf171332f6f473854c8ca09ee5495eda409e50891e27407ed4d44688c0,868b0c2b1272561c,data/evaluation/robustness_v1/rob_kb_hi_02366__lowpass.wav
rob_kb_hi_02366__multi_codec,kb_hi_02366,real,Hindi,Kathbath,,test,multi_codec,6.9428,WAV/PCM_16,c9fb4dc282d5ed9865c0c981a8eb6684426e89ddee86c4127698322e7e002e76,868b0c2b1272561c,data/evaluation/robustness_v1/rob_kb_hi_02366__multi_codec.wav
rob_kb_hi_02373__mp3,kb_hi_02373,real,Hindi,Kathbath,,test,mp3,5.2245,WAV/PCM_16,ae1761e597732842437e3a2f8231c8088f2d1f1c13ba2b67e2fda67bb6f8fd6f,ab40e8e111a318bf,data/evaluation/robustness_v1/rob_kb_hi_02373__mp3.wav
rob_kb_hi_02373__opus,kb_hi_02373,real,Hindi,Kathbath,,test,opus,5.2245,WAV/PCM_16,3cc458ade1867b38f22a338b856860132dfbe9c738a8311d6b7fe4dc6f5f9b3e,ab40e8e111a318bf,data/evaluation/robustness_v1/rob_kb_hi_02373__opus.wav
rob_kb_hi_02373__telephone,kb_hi_02373,real,Hindi,Kathbath,,test,telephone,5.2245,WAV/PCM_16,d5b0de099170d3db4cfba52cd39c7ff2c48eb28648708d092f38b5c1b9d74b35,ab40e8e111a318bf,data/evaluation/robustness_v1/rob_kb_hi_02373__telephone.wav
rob_kb_hi_02373__lowpass,kb_hi_02373,real,Hindi,Kathbath,,test,lowpass,5.2245,WAV/PCM_16,cd5de409f8d21dbe95e3b209f6f17c6a89e849494bb3b762c7ab6d38c22dce2a,ab40e8e111a318bf,data/evaluation/robustness_v1/rob_kb_hi_02373__lowpass.wav
rob_kb_hi_02373__multi_codec,kb_hi_02373,real,Hindi,Kathbath,,test,multi_codec,5.2245,WAV/PCM_16,b854cdda9a9bd728f3241ef6eb43d2af625fd38ad862645a5caa81d971b43c96,ab40e8e111a318bf,data/evaluation/robustness_v1/rob_kb_hi_02373__multi_codec.wav
rob_kb_hi_02377__mp3,kb_hi_02377,real,Hindi,Kathbath,,test,mp3,5.0852,WAV/PCM_16,3623c949c72fe6ca59080fa1423532be15cf7a67b528f13f738144a5f6de7c92,004f86deea9a394b,data/evaluation/robustness_v1/rob_kb_hi_02377__mp3.wav
rob_kb_hi_02377__opus,kb_hi_02377,real,Hindi,Kathbath,,test,opus,5.0852,WAV/PCM_16,2710498f146714128eb0ff13f2cd03242daf59f8748259d89854306e88a20f9a,004f86deea9a394b,data/evaluation/robustness_v1/rob_kb_hi_02377__opus.wav
rob_kb_hi_02377__telephone,kb_hi_02377,real,Hindi,Kathbath,,test,telephone,5.0853,WAV/PCM_16,fe1c3e90a981d78b8891c18e6af1a89fbc75afdc9be4cf25561e50da4a334441,004f86deea9a394b,data/evaluation/robustness_v1/rob_kb_hi_02377__telephone.wav
rob_kb_hi_02377__lowpass,kb_hi_02377,real,Hindi,Kathbath,,test,lowpass,5.0852,WAV/PCM_16,c0a310e812799bdf921694fb0c4f6564fc7aae67a424314361c5e883c1dc2d27,004f86deea9a394b,data/evaluation/robustness_v1/rob_kb_hi_02377__lowpass.wav
rob_kb_hi_02377__multi_codec,kb_hi_02377,real,Hindi,Kathbath,,test,multi_codec,5.0852,WAV/PCM_16,0da3bdf92938ace0e6889cc8e2d30a23315d47c31f555139c6debdeeff7020d5,004f86deea9a394b,data/evaluation/robustness_v1/rob_kb_hi_02377__multi_codec.wav
rob_kb_hi_02411__mp3,kb_hi_02411,real,Hindi,Kathbath,,test,mp3,4.4118,WAV/PCM_16,492b6f2a15d27442e86d183477c0725298abe8d017e6c25b7782f435de33506d,11a3ecbdd3cfb03e,data/evaluation/robustness_v1/rob_kb_hi_02411__mp3.wav
rob_kb_hi_02411__opus,kb_hi_02411,real,Hindi,Kathbath,,test,opus,4.4118,WAV/PCM_16,a82ae80e7894800ef20292d72e846a32a86352a7bc20bc8a35661b62c36881b8,11a3ecbdd3cfb03e,data/evaluation/robustness_v1/rob_kb_hi_02411__opus.wav
rob_kb_hi_02411__telephone,kb_hi_02411,real,Hindi,Kathbath,,test,telephone,4.4119,WAV/PCM_16,0ebda7cbe337a2fbb27f812f86b15c5fbf0304994f414e989de38d53a58c42b4,11a3ecbdd3cfb03e,data/evaluation/robustness_v1/rob_kb_hi_02411__telephone.wav
rob_kb_hi_02411__lowpass,kb_hi_02411,real,Hindi,Kathbath,,test,lowpass,4.4118,WAV/PCM_16,d30dc5aaa663ab323c6922141dd1bbf1f025cd7a93917164f746b58447e48d59,11a3ecbdd3cfb03e,data/evaluation/robustness_v1/rob_kb_hi_02411__lowpass.wav
rob_kb_hi_02411__multi_codec,kb_hi_02411,real,Hindi,Kathbath,,test,multi_codec,4.4118,WAV/PCM_16,6bc4454828496dbfb82f2023d3a5173c4f4bccd1ed215b6689df92edc5609f43,11a3ecbdd3cfb03e,data/evaluation/robustness_v1/rob_kb_hi_02411__multi_codec.wav
rob_kb_hi_02425__mp3,kb_hi_02425,real,Hindi,Kathbath,,test,mp3,6.6874,WAV/PCM_16,2a30bed792ab60c71ad954be540e955353bdc28da40461ad47560ad45bc9de10,868b0c2b1272561c,data/evaluation/robustness_v1/rob_kb_hi_02425__mp3.wav
rob_kb_hi_02425__opus,kb_hi_02425,real,Hindi,Kathbath,,test,opus,6.6874,WAV/PCM_16,cfc22ce0dad3259bb5cdf9372f4916a6331dea360389b8ddf73ec05382e9d83c,868b0c2b1272561c,data/evaluation/robustness_v1/rob_kb_hi_02425__opus.wav
rob_kb_hi_02425__telephone,kb_hi_02425,real,Hindi,Kathbath,,test,telephone,6.6874,WAV/PCM_16,12d6fd70606470af2ea33807bb77c7f0237325d12a81af1b7e04ea84a152b793,868b0c2b1272561c,data/evaluation/robustness_v1/rob_kb_hi_02425__telephone.wav
rob_kb_hi_02425__lowpass,kb_hi_02425,real,Hindi,Kathbath,,test,lowpass,6.6874,WAV/PCM_16,9d5ca7ea1d4ef2fd1130329a41996c18f84042a8bf720b370579a9f361bed16d,868b0c2b1272561c,data/evaluation/robustness_v1/rob_kb_hi_02425__lowpass.wav
rob_kb_hi_02425__multi_codec,kb_hi_02425,real,Hindi,Kathbath,,test,multi_codec,6.6874,WAV/PCM_16,8f48cd84d6116408715874e1d2bb830f868d06ad5681dbab99cdeba8248a70f6,868b0c2b1272561c,data/evaluation/robustness_v1/rob_kb_hi_02425__multi_codec.wav
rob_kb_hi_02428__mp3,kb_hi_02428,real,Hindi,Kathbath,,test,mp3,11.0991,WAV/PCM_16,85dacff9f8c288c1593993e3e12eacba1b478e244ca5c7cb3f9ad48425637379,868b0c2b1272561c,data/evaluation/robustness_v1/rob_kb_hi_02428__mp3.wav
rob_kb_hi_02428__opus,kb_hi_02428,real,Hindi,Kathbath,,test,opus,11.0991,WAV/PCM_16,ce16910aab51691aaa6d68b2763534333669579c3e6f109c5b3c6658c24aadb3,868b0c2b1272561c,data/evaluation/robustness_v1/rob_kb_hi_02428__opus.wav
rob_kb_hi_02428__telephone,kb_hi_02428,real,Hindi,Kathbath,,test,telephone,11.0991,WAV/PCM_16,eb628daacf8c0ed66f74fee8033c87cafe99544bb1e2a2b1647c81a67ad0b175,868b0c2b1272561c,data/evaluation/robustness_v1/rob_kb_hi_02428__telephone.wav
rob_kb_hi_02428__lowpass,kb_hi_02428,real,Hindi,Kathbath,,test,lowpass,11.0991,WAV/PCM_16,611c7e7194ca3abb8fa95e4ec07d96cfdb1e3ce959b2634ce33dd55fba483a60,868b0c2b1272561c,data/evaluation/robustness_v1/rob_kb_hi_02428__lowpass.wav
rob_kb_hi_02428__multi_codec,kb_hi_02428,real,Hindi,Kathbath,,test,multi_codec,11.0991,WAV/PCM_16,f5c42d6d6f0f69cccb3eee86f63087dc52bab067d01fb82179cd414daab980d2,868b0c2b1272561c,data/evaluation/robustness_v1/rob_kb_hi_02428__multi_codec.wav
rob_kb_hi_02472__mp3,kb_hi_02472,real,Hindi,Kathbath,,test,mp3,8.2896,WAV/PCM_16,797876a942f72b7f93f866b8a9561562bf7ddafe1b75edcbc9c72f03a57c2efc,868b0c2b1272561c,data/evaluation/robustness_v1/rob_kb_hi_02472__mp3.wav
rob_kb_hi_02472__opus,kb_hi_02472,real,Hindi,Kathbath,,test,opus,8.2896,WAV/PCM_16,1049622718de2c748b6b6d8e944258cfaf793cca407b7eb0ea6e2265c9184263,868b0c2b1272561c,data/evaluation/robustness_v1/rob_kb_hi_02472__opus.wav
rob_kb_hi_02472__telephone,kb_hi_02472,real,Hindi,Kathbath,,test,telephone,8.2896,WAV/PCM_16,cf76a031ac82c623af95f110be3c3be4e18177ec2ea7c843b21bc70b2eddcff9,868b0c2b1272561c,data/evaluation/robustness_v1/rob_kb_hi_02472__telephone.wav
rob_kb_hi_02472__lowpass,kb_hi_02472,real,Hindi,Kathbath,,test,lowpass,8.2896,WAV/PCM_16,0c048f1eddb2cd337e0258a67c4a1598a76f5b916e60cdb8e19b2f9dcba4f404,868b0c2b1272561c,data/evaluation/robustness_v1/rob_kb_hi_02472__lowpass.wav
rob_kb_hi_02472__multi_codec,kb_hi_02472,real,Hindi,Kathbath,,test,multi_codec,8.2896,WAV/PCM_16,955bb5db3aa85e83bf3d9d8f0990e42c51af7a5d1d667cf1c33a6b20d096db5b,868b0c2b1272561c,data/evaluation/robustness_v1/rob_kb_hi_02472__multi_codec.wav
rob_kb_hi_02483__mp3,kb_hi_02483,real,Hindi,Kathbath,,test,mp3,6.757,WAV/PCM_16,0b33261f34619114a3f222732ed52ac97e207d69886b8714b0630558f446f0fd,868b0c2b1272561c,data/evaluation/robustness_v1/rob_kb_hi_02483__mp3.wav
rob_kb_hi_02483__opus,kb_hi_02483,real,Hindi,Kathbath,,test,opus,6.757,WAV/PCM_16,b5bedd8cedea96e969dd4d84b77956f334a60461c5f23eea6b5b08a6036b3d7b,868b0c2b1272561c,data/evaluation/robustness_v1/rob_kb_hi_02483__opus.wav
rob_kb_hi_02483__telephone,kb_hi_02483,real,Hindi,Kathbath,,test,telephone,6.757,WAV/PCM_16,45391e8bc286038edaa63bf5ed1142a58e5a48d40117e45b0ab7ba83c5d5ef91,868b0c2b1272561c,data/evaluation/robustness_v1/rob_kb_hi_02483__telephone.wav
rob_kb_hi_02483__lowpass,kb_hi_02483,real,Hindi,Kathbath,,test,lowpass,6.757,WAV/PCM_16,cf91cfaecd7e8d2446cd450c5ffda41fc4e6e02545e05809da0c1682ca0415bf,868b0c2b1272561c,data/evaluation/robustness_v1/rob_kb_hi_02483__lowpass.wav
rob_kb_hi_02483__multi_codec,kb_hi_02483,real,Hindi,Kathbath,,test,multi_codec,6.757,WAV/PCM_16,9fbd8a2f618f73c2b057a1413dddd57b2750dcf184fb271ab24fe81b8c099fbf,868b0c2b1272561c,data/evaluation/robustness_v1/rob_kb_hi_02483__multi_codec.wav
rob_kb_hi_02494__mp3,kb_hi_02494,real,Hindi,Kathbath,,test,mp3,6.6641,WAV/PCM_16,0c215196c8b250d56b4402eadfc709a4191f50936fe37e7a7b44934f1f75e02a,688cb347ec330163,data/evaluation/robustness_v1/rob_kb_hi_02494__mp3.wav
rob_kb_hi_02494__opus,kb_hi_02494,real,Hindi,Kathbath,,test,opus,6.6641,WAV/PCM_16,f0c351d94b7bff2463072cf3646d3217d2939a1863c74f3b11c84033ba569d0c,688cb347ec330163,data/evaluation/robustness_v1/rob_kb_hi_02494__opus.wav
rob_kb_hi_02494__telephone,kb_hi_02494,real,Hindi,Kathbath,,test,telephone,6.6641,WAV/PCM_16,59f6507e99beb519a3627211bc7840756b93d61dd3f4daad5c15edb22a7b457b,688cb347ec330163,data/evaluation/robustness_v1/rob_kb_hi_02494__telephone.wav
rob_kb_hi_02494__lowpass,kb_hi_02494,real,Hindi,Kathbath,,test,lowpass,6.6641,WAV/PCM_16,0a8f8df02d13cb706b782f5c585b408f3297c857a8064fd8f1e57c6d29e87be6,688cb347ec330163,data/evaluation/robustness_v1/rob_kb_hi_02494__lowpass.wav
rob_kb_hi_02494__multi_codec,kb_hi_02494,real,Hindi,Kathbath,,test,multi_codec,6.6641,WAV/PCM_16,3267460a57f8afb99ca928f1cd04a4dd51bdc1c6e0f432f1fca37b29353131b7,688cb347ec330163,data/evaluation/robustness_v1/rob_kb_hi_02494__multi_codec.wav
rob_is_hi_xtts_v2_00151__mp3,is_hi_xtts_v2_00151,fake,Hindi,IndicSynth,xtts_v2,test,mp3,6.9149,WAV/PCM_16,f723effda9620216e18e10a58411639a8b1f4c790f0f5198c09038efb7801c3f,b539fb31c68b1b95,data/evaluation/robustness_v1/rob_is_hi_xtts_v2_00151__mp3.wav
rob_is_hi_xtts_v2_00151__opus,is_hi_xtts_v2_00151,fake,Hindi,IndicSynth,xtts_v2,test,opus,6.9127,WAV/PCM_16,d61e94eb8dd4777e2797951749d72ca7d8a63c47915b1306680d41cd3c6073dc,b539fb31c68b1b95,data/evaluation/robustness_v1/rob_is_hi_xtts_v2_00151__opus.wav
rob_is_hi_xtts_v2_00151__telephone,is_hi_xtts_v2_00151,fake,Hindi,IndicSynth,xtts_v2,test,telephone,6.9127,WAV/PCM_16,f236bac0fd105a9e5e0a5443070fbdab2a05cc624c8f0594813326ffda74a426,b539fb31c68b1b95,data/evaluation/robustness_v1/rob_is_hi_xtts_v2_00151__telephone.wav
rob_is_hi_xtts_v2_00151__lowpass,is_hi_xtts_v2_00151,fake,Hindi,IndicSynth,xtts_v2,test,lowpass,6.9127,WAV/PCM_16,93764d7b36e36cc9c89f32783579b6385a58645c9dde5c7434d882a567454451,b539fb31c68b1b95,data/evaluation/robustness_v1/rob_is_hi_xtts_v2_00151__lowpass.wav
rob_is_hi_xtts_v2_00151__multi_codec,is_hi_xtts_v2_00151,fake,Hindi,IndicSynth,xtts_v2,test,multi_codec,6.9149,WAV/PCM_16,61c7f510f28acf927fcda57191410b4804d073232e9c62ca4c3ed54ff5e4f4dc,b539fb31c68b1b95,data/evaluation/robustness_v1/rob_is_hi_xtts_v2_00151__multi_codec.wav
rob_is_hi_xtts_v2_00154__mp3,is_hi_xtts_v2_00154,fake,Hindi,IndicSynth,xtts_v2,test,mp3,6.87,WAV/PCM_16,51d7345b0eeae2f1b5e143df891b4e23b276708eb8cba7346ae05a424272227e,b539fb31c68b1b95,data/evaluation/robustness_v1/rob_is_hi_xtts_v2_00154__mp3.wav
rob_is_hi_xtts_v2_00154__opus,is_hi_xtts_v2_00154,fake,Hindi,IndicSynth,xtts_v2,test,opus,6.87,WAV/PCM_16,71c401551c61c403a5d2a59c9d59e8e813741dcc4f39bf0382d76d79c019fbbb,b539fb31c68b1b95,data/evaluation/robustness_v1/rob_is_hi_xtts_v2_00154__opus.wav
rob_is_hi_xtts_v2_00154__telephone,is_hi_xtts_v2_00154,fake,Hindi,IndicSynth,xtts_v2,test,telephone,6.87,WAV/PCM_16,34f1aa013f5282c94906ccd0c8712237a91dd00dfa5394c247b6c517d7250173,b539fb31c68b1b95,data/evaluation/robustness_v1/rob_is_hi_xtts_v2_00154__telephone.wav
rob_is_hi_xtts_v2_00154__lowpass,is_hi_xtts_v2_00154,fake,Hindi,IndicSynth,xtts_v2,test,lowpass,6.87,WAV/PCM_16,023123ebd87376eedb277a285f3e59bcbe2b05aed2476e917e8a0068677b4565,b539fb31c68b1b95,data/evaluation/robustness_v1/rob_is_hi_xtts_v2_00154__lowpass.wav
rob_is_hi_xtts_v2_00154__multi_codec,is_hi_xtts_v2_00154,fake,Hindi,IndicSynth,xtts_v2,test,multi_codec,6.87,WAV/PCM_16,f4453ef70b05228557d4390f3fa6bc4fe15d52cab1e7863de28f1d825d5feb24,b539fb31c68b1b95,data/evaluation/robustness_v1/rob_is_hi_xtts_v2_00154__multi_codec.wav
rob_is_hi_xtts_v2_00162__mp3,is_hi_xtts_v2_00162,fake,Hindi,IndicSynth,xtts_v2,test,mp3,7.3287,WAV/PCM_16,7e32352a1ca31143e7bb78615ee2572a40234e2b36a190f0e7f6ddb1deadb93e,b539fb31c68b1b95,data/evaluation/robustness_v1/rob_is_hi_xtts_v2_00162__mp3.wav
rob_is_hi_xtts_v2_00162__opus,is_hi_xtts_v2_00162,fake,Hindi,IndicSynth,xtts_v2,test,opus,7.3287,WAV/PCM_16,65f0400bb1cd2d2c4ca05cadaec74dc3600578069959f1e5d188c4fced4f202c,b539fb31c68b1b95,data/evaluation/robustness_v1/rob_is_hi_xtts_v2_00162__opus.wav
rob_is_hi_xtts_v2_00162__telephone,is_hi_xtts_v2_00162,fake,Hindi,IndicSynth,xtts_v2,test,telephone,7.3288,WAV/PCM_16,68a7bf02003dbefe0915b260f1b926adbf17e9ceb698cdc8dde420c17465a0ed,b539fb31c68b1b95,data/evaluation/robustness_v1/rob_is_hi_xtts_v2_00162__telephone.wav
rob_is_hi_xtts_v2_00162__lowpass,is_hi_xtts_v2_00162,fake,Hindi,IndicSynth,xtts_v2,test,lowpass,7.3287,WAV/PCM_16,bbe68dd5d093be080e4ee243e4c3e2dbb202ef3e506f3ccb90abff27717825a4,b539fb31c68b1b95,data/evaluation/robustness_v1/rob_is_hi_xtts_v2_00162__lowpass.wav
rob_is_hi_xtts_v2_00162__multi_codec,is_hi_xtts_v2_00162,fake,Hindi,IndicSynth,xtts_v2,test,multi_codec,7.3287,WAV/PCM_16,ec426612b9fb1dc7e08d769d7c71a2af67ba66968953d4653676200b58abf9b5,b539fb31c68b1b95,data/evaluation/robustness_v1/rob_is_hi_xtts_v2_00162__multi_codec.wav
rob_is_hi_xtts_v2_00286__mp3,is_hi_xtts_v2_00286,fake,Hindi,IndicSynth,xtts_v2,test,mp3,6.0807,WAV/PCM_16,e552d7db6f37dca604e87279690a5917e785fab98dc0462e4f13447b57c26896,065088b19825160f,data/evaluation/robustness_v1/rob_is_hi_xtts_v2_00286__mp3.wav
rob_is_hi_xtts_v2_00286__opus,is_hi_xtts_v2_00286,fake,Hindi,IndicSynth,xtts_v2,test,opus,6.0807,WAV/PCM_16,aeeb2954aa7b88c1f16bf73d64a606e0b5592c50a9749578fe2f30d156b44346,065088b19825160f,data/evaluation/robustness_v1/rob_is_hi_xtts_v2_00286__opus.wav
rob_is_hi_xtts_v2_00286__telephone,is_hi_xtts_v2_00286,fake,Hindi,IndicSynth,xtts_v2,test,telephone,6.0808,WAV/PCM_16,7b4aeb6be3b9e565d10b673cbd92ab2db97bf0aae2e403341494959075a42e12,065088b19825160f,data/evaluation/robustness_v1/rob_is_hi_xtts_v2_00286__telephone.wav
rob_is_hi_xtts_v2_00286__lowpass,is_hi_xtts_v2_00286,fake,Hindi,IndicSynth,xtts_v2,test,lowpass,6.0807,WAV/PCM_16,0e4b922657cb49686fcb654d26fda139a38d354f6e2db70ea16b061f81083a24,065088b19825160f,data/evaluation/robustness_v1/rob_is_hi_xtts_v2_00286__lowpass.wav
rob_is_hi_xtts_v2_00286__multi_codec,is_hi_xtts_v2_00286,fake,Hindi,IndicSynth,xtts_v2,test,multi_codec,6.0807,WAV/PCM_16,1ac606b82facbd95da56a4243207512d76a463a24e8172b35d01d941802837b0,065088b19825160f,data/evaluation/robustness_v1/rob_is_hi_xtts_v2_00286__multi_codec.wav
rob_is_hi_xtts_v2_00293__mp3,is_hi_xtts_v2_00293,fake,Hindi,IndicSynth,xtts_v2,test,mp3,4.7794,WAV/PCM_16,b3046eb2ffb9cca5d78935c234d7f2f8294115824dcadfdafdcce9a3b65006b7,065088b19825160f,data/evaluation/robustness_v1/rob_is_hi_xtts_v2_00293__mp3.wav
rob_is_hi_xtts_v2_00293__opus,is_hi_xtts_v2_00293,fake,Hindi,IndicSynth,xtts_v2,test,opus,4.7794,WAV/PCM_16,d8ed2eeff6228e2870af9d6f58559fb540a72e0262d848268f17cff64ba6cdd5,065088b19825160f,data/evaluation/robustness_v1/rob_is_hi_xtts_v2_00293__opus.wav
rob_is_hi_xtts_v2_00293__telephone,is_hi_xtts_v2_00293,fake,Hindi,IndicSynth,xtts_v2,test,telephone,4.7794,WAV/PCM_16,27e677f9c132fbc0028ba2bca8533883c369cfed3f93f2c879d3bb51058a6a64,065088b19825160f,data/evaluation/robustness_v1/rob_is_hi_xtts_v2_00293__telephone.wav
rob_is_hi_xtts_v2_00293__lowpass,is_hi_xtts_v2_00293,fake,Hindi,IndicSynth,xtts_v2,test,lowpass,4.7794,WAV/PCM_16,ae4a108b7107e388792a9f8cb6ba6a05eaf509710a0935f48158e4cc6ff7a81b,065088b19825160f,data/evaluation/robustness_v1/rob_is_hi_xtts_v2_00293__lowpass.wav
rob_is_hi_xtts_v2_00293__multi_codec,is_hi_xtts_v2_00293,fake,Hindi,IndicSynth,xtts_v2,test,multi_codec,4.7794,WAV/PCM_16,76e2553ac8c43605b6351ba3f1bc9ffb07aa6f30f51cb375e5bf8428b166b22b,065088b19825160f,data/evaluation/robustness_v1/rob_is_hi_xtts_v2_00293__multi_codec.wav
rob_is_hi_xtts_v2_00297__mp3,is_hi_xtts_v2_00297,fake,Hindi,IndicSynth,xtts_v2,test,mp3,5.75,WAV/PCM_16,bc3335a35b5cb84adb2915886bd2c020830ff2e0ed15b0e44b7604b3b8138d65,065088b19825160f,data/evaluation/robustness_v1/rob_is_hi_xtts_v2_00297__mp3.wav
rob_is_hi_xtts_v2_00297__opus,is_hi_xtts_v2_00297,fake,Hindi,IndicSynth,xtts_v2,test,opus,5.75,WAV/PCM_16,3e27573db18ede88ddbf7890f36a8e1ee221302b2a540e7d2e4544b158dafc28,065088b19825160f,data/evaluation/robustness_v1/rob_is_hi_xtts_v2_00297__opus.wav
rob_is_hi_xtts_v2_00297__telephone,is_hi_xtts_v2_00297,fake,Hindi,IndicSynth,xtts_v2,test,telephone,5.75,WAV/PCM_16,72cc1541c47ec27b8d30145217be34b5c7f42213bf40de4849fccf036de7f1cc,065088b19825160f,data/evaluation/robustness_v1/rob_is_hi_xtts_v2_00297__telephone.wav
rob_is_hi_xtts_v2_00297__lowpass,is_hi_xtts_v2_00297,fake,Hindi,IndicSynth,xtts_v2,test,lowpass,5.75,WAV/PCM_16,ed45742ba4578017ea04887cf5755e548ec7b7f525b6d5bd1b11735d308ce073,065088b19825160f,data/evaluation/robustness_v1/rob_is_hi_xtts_v2_00297__lowpass.wav
rob_is_hi_xtts_v2_00297__multi_codec,is_hi_xtts_v2_00297,fake,Hindi,IndicSynth,xtts_v2,test,multi_codec,5.75,WAV/PCM_16,d103eb5b7e67d005a09917cc8988c04b7663c6c5588d35930519556973877115,065088b19825160f,data/evaluation/robustness_v1/rob_is_hi_xtts_v2_00297__multi_codec.wav
rob_is_hi_xtts_v2_00315__mp3,is_hi_xtts_v2_00315,fake,Hindi,IndicSynth,xtts_v2,test,mp3,3.894,WAV/PCM_16,787bfdca17f335090a4da1bd3c02ad3c1494673b192faf502c03020d034bfa8b,fd781a67e8faccfb,data/evaluation/robustness_v1/rob_is_hi_xtts_v2_00315__mp3.wav
rob_is_hi_xtts_v2_00315__opus,is_hi_xtts_v2_00315,fake,Hindi,IndicSynth,xtts_v2,test,opus,3.894,WAV/PCM_16,05146b81dc43f6be255b97b122cee4907516da98987010ec813b868b17c5b15d,fd781a67e8faccfb,data/evaluation/robustness_v1/rob_is_hi_xtts_v2_00315__opus.wav
rob_is_hi_xtts_v2_00315__telephone,is_hi_xtts_v2_00315,fake,Hindi,IndicSynth,xtts_v2,test,telephone,3.894,WAV/PCM_16,afa0068d61ef3032ebdc42600093aeca6e0d78ea459b6805e8055417355d67cb,fd781a67e8faccfb,data/evaluation/robustness_v1/rob_is_hi_xtts_v2_00315__telephone.wav
rob_is_hi_xtts_v2_00315__lowpass,is_hi_xtts_v2_00315,fake,Hindi,IndicSynth,xtts_v2,test,lowpass,3.894,WAV/PCM_16,baee3d362e7e692421c88ae8b22ef728938f86603eade51f645c8106fa4db7d5,fd781a67e8faccfb,data/evaluation/robustness_v1/rob_is_hi_xtts_v2_00315__lowpass.wav
rob_is_hi_xtts_v2_00315__multi_codec,is_hi_xtts_v2_00315,fake,Hindi,IndicSynth,xtts_v2,test,multi_codec,3.894,WAV/PCM_16,578a40e19b60f5e19ebf1cff45e230f969e0901e3a042221cdc81132da6b5cd1,fd781a67e8faccfb,data/evaluation/robustness_v1/rob_is_hi_xtts_v2_00315__multi_codec.wav
rob_is_hi_xtts_v2_00565__mp3,is_hi_xtts_v2_00565,fake,Hindi,IndicSynth,xtts_v2,test,mp3,6.0274,WAV/PCM_16,0a13cfc3b0d6967e561febf526742d97616f107e952f69db5956fa62b0b385b8,85a35f78c28c40a4,data/evaluation/robustness_v1/rob_is_hi_xtts_v2_00565__mp3.wav
rob_is_hi_xtts_v2_00565__opus,is_hi_xtts_v2_00565,fake,Hindi,IndicSynth,xtts_v2,test,opus,6.0274,WAV/PCM_16,9abbaa1e44c6b6e30bc12702627c083851827314fedbcccfd56a33405e30eba6,85a35f78c28c40a4,data/evaluation/robustness_v1/rob_is_hi_xtts_v2_00565__opus.wav
rob_is_hi_xtts_v2_00565__telephone,is_hi_xtts_v2_00565,fake,Hindi,IndicSynth,xtts_v2,test,telephone,6.0274,WAV/PCM_16,009469fd04f70cece7caba218699ea93943feb5c25a3e5e3f096c59607bb21c3,85a35f78c28c40a4,data/evaluation/robustness_v1/rob_is_hi_xtts_v2_00565__telephone.wav
rob_is_hi_xtts_v2_00565__lowpass,is_hi_xtts_v2_00565,fake,Hindi,IndicSynth,xtts_v2,test,lowpass,6.0274,WAV/PCM_16,80280b86ca5bd20b253cf88e758196825a2a81c9538fa1bdcc2af3732e8104dc,85a35f78c28c40a4,data/evaluation/robustness_v1/rob_is_hi_xtts_v2_00565__lowpass.wav
rob_is_hi_xtts_v2_00565__multi_codec,is_hi_xtts_v2_00565,fake,Hindi,IndicSynth,xtts_v2,test,multi_codec,6.0274,WAV/PCM_16,c1d77c775fbb5d193e443bfc2a3666ae880b4a630fb4a78ec8051b879b603c95,85a35f78c28c40a4,data/evaluation/robustness_v1/rob_is_hi_xtts_v2_00565__multi_codec.wav
rob_is_hi_xtts_v2_00573__mp3,is_hi_xtts_v2_00573,fake,Hindi,IndicSynth,xtts_v2,test,mp3,6.166,WAV/PCM_16,bd3f5fda098720bbf0c37368c2d10b052e219fc1facef85fd86078a09bf85a0b,85a35f78c28c40a4,data/evaluation/robustness_v1/rob_is_hi_xtts_v2_00573__mp3.wav
rob_is_hi_xtts_v2_00573__opus,is_hi_xtts_v2_00573,fake,Hindi,IndicSynth,xtts_v2,test,opus,6.166,WAV/PCM_16,98ccb13696678acd3d5e7042fd20e99a6697635975aae626940d3ff131429007,85a35f78c28c40a4,data/evaluation/robustness_v1/rob_is_hi_xtts_v2_00573__opus.wav
rob_is_hi_xtts_v2_00573__telephone,is_hi_xtts_v2_00573,fake,Hindi,IndicSynth,xtts_v2,test,telephone,6.166,WAV/PCM_16,5dbefc3d064d83beea8ccc236462f9acdefcf3a801fc194a7a9d6ea2bf0e08b3,85a35f78c28c40a4,data/evaluation/robustness_v1/rob_is_hi_xtts_v2_00573__telephone.wav
rob_is_hi_xtts_v2_00573__lowpass,is_hi_xtts_v2_00573,fake,Hindi,IndicSynth,xtts_v2,test,lowpass,6.166,WAV/PCM_16,1f3349fdcb1c7c0094a79cc76134435861edaf7b4baa5a4c3c3dc375d22692a5,85a35f78c28c40a4,data/evaluation/robustness_v1/rob_is_hi_xtts_v2_00573__lowpass.wav
rob_is_hi_xtts_v2_00573__multi_codec,is_hi_xtts_v2_00573,fake,Hindi,IndicSynth,xtts_v2,test,multi_codec,6.166,WAV/PCM_16,96c2cbfd99fccf8d8d1717c8cd4e4fbdde46140176d4250a903f256b4483dfa4,85a35f78c28c40a4,data/evaluation/robustness_v1/rob_is_hi_xtts_v2_00573__multi_codec.wav
rob_is_hi_xtts_v2_00650__mp3,is_hi_xtts_v2_00650,fake,Hindi,IndicSynth,xtts_v2,test,mp3,6.5927,WAV/PCM_16,9db5748af7d077fe1f097fda57fa7fab10c77e4e6c9e683a62d192226dee4d6f,487158a759799c17,data/evaluation/robustness_v1/rob_is_hi_xtts_v2_00650__mp3.wav
rob_is_hi_xtts_v2_00650__opus,is_hi_xtts_v2_00650,fake,Hindi,IndicSynth,xtts_v2,test,opus,6.5927,WAV/PCM_16,2f1ec9a9ba18ec08348b5f9b266a79410837a823203081b500a30681e6d2cbb1,487158a759799c17,data/evaluation/robustness_v1/rob_is_hi_xtts_v2_00650__opus.wav
rob_is_hi_xtts_v2_00650__telephone,is_hi_xtts_v2_00650,fake,Hindi,IndicSynth,xtts_v2,test,telephone,6.5927,WAV/PCM_16,29654c381e37d9d1ac6b3ec3e513e000f0264e82ff3db5e4c18ae5bfd6fe344a,487158a759799c17,data/evaluation/robustness_v1/rob_is_hi_xtts_v2_00650__telephone.wav
rob_is_hi_xtts_v2_00650__lowpass,is_hi_xtts_v2_00650,fake,Hindi,IndicSynth,xtts_v2,test,lowpass,6.5927,WAV/PCM_16,009633e5f5316e85bfdf74d2f7af7f1726dc1d788f4627facd7eb549f6985ef4,487158a759799c17,data/evaluation/robustness_v1/rob_is_hi_xtts_v2_00650__lowpass.wav
rob_is_hi_xtts_v2_00650__multi_codec,is_hi_xtts_v2_00650,fake,Hindi,IndicSynth,xtts_v2,test,multi_codec,6.5927,WAV/PCM_16,5df2e3c75679455582c20e96535c2c3bd5f296c9ccc26090f266fc4950562ed6,487158a759799c17,data/evaluation/robustness_v1/rob_is_hi_xtts_v2_00650__multi_codec.wav
rob_is_hi_xtts_v2_00651__mp3,is_hi_xtts_v2_00651,fake,Hindi,IndicSynth,xtts_v2,test,mp3,6.262,WAV/PCM_16,fd7c5b571b615ca60fe4c17ef1aad6f5ee74f3bb59653aa89321125140fbb4a2,487158a759799c17,data/evaluation/robustness_v1/rob_is_hi_xtts_v2_00651__mp3.wav
rob_is_hi_xtts_v2_00651__opus,is_hi_xtts_v2_00651,fake,Hindi,IndicSynth,xtts_v2,test,opus,6.262,WAV/PCM_16,9f3e802591d0a12cad4abf2338e3fd19379d292fa84e2bf6495c86a4ceae0abf,487158a759799c17,data/evaluation/robustness_v1/rob_is_hi_xtts_v2_00651__opus.wav
rob_is_hi_xtts_v2_00651__telephone,is_hi_xtts_v2_00651,fake,Hindi,IndicSynth,xtts_v2,test,telephone,6.262,WAV/PCM_16,ee3df9968e7c2a4d4d491aad20302caa5567695f70432ca3a57206129b523997,487158a759799c17,data/evaluation/robustness_v1/rob_is_hi_xtts_v2_00651__telephone.wav
rob_is_hi_xtts_v2_00651__lowpass,is_hi_xtts_v2_00651,fake,Hindi,IndicSynth,xtts_v2,test,lowpass,6.262,WAV/PCM_16,06355448565b4302bb2fb2d36c1470a1307c9a54da1f55a5f75421f12032f941,487158a759799c17,data/evaluation/robustness_v1/rob_is_hi_xtts_v2_00651__lowpass.wav
rob_is_hi_xtts_v2_00651__multi_codec,is_hi_xtts_v2_00651,fake,Hindi,IndicSynth,xtts_v2,test,multi_codec,6.262,WAV/PCM_16,b40175bf77594fd83e5b27dce058766631e82d0ffbd4cc4b526d743766996053,487158a759799c17,data/evaluation/robustness_v1/rob_is_hi_xtts_v2_00651__multi_codec.wav
rob_is_hi_xtts_v2_00659__mp3,is_hi_xtts_v2_00659,fake,Hindi,IndicSynth,xtts_v2,test,mp3,5.3767,WAV/PCM_16,5364e72b354f5b3db53cab55d7322d2d84035cd214360e7ff1fc0b65c346552e,487158a759799c17,data/evaluation/robustness_v1/rob_is_hi_xtts_v2_00659__mp3.wav
rob_is_hi_xtts_v2_00659__opus,is_hi_xtts_v2_00659,fake,Hindi,IndicSynth,xtts_v2,test,opus,5.3767,WAV/PCM_16,26013d4c8a7194c558fd7a4c3847986ae6f43fa97b45480783bbe76cac709dd3,487158a759799c17,data/evaluation/robustness_v1/rob_is_hi_xtts_v2_00659__opus.wav
rob_is_hi_xtts_v2_00659__telephone,is_hi_xtts_v2_00659,fake,Hindi,IndicSynth,xtts_v2,test,telephone,5.3768,WAV/PCM_16,15832def077494c7e91956f7027fb8e29f5c2d165c9f084b22d24ca5aa503912,487158a759799c17,data/evaluation/robustness_v1/rob_is_hi_xtts_v2_00659__telephone.wav
rob_is_hi_xtts_v2_00659__lowpass,is_hi_xtts_v2_00659,fake,Hindi,IndicSynth,xtts_v2,test,lowpass,5.3767,WAV/PCM_16,cea7839a7b0f5c4c84d1ccaf75867829a0abc88781ddd8fb1586c632b9ed6f0f,487158a759799c17,data/evaluation/robustness_v1/rob_is_hi_xtts_v2_00659__lowpass.wav
rob_is_hi_xtts_v2_00659__multi_codec,is_hi_xtts_v2_00659,fake,Hindi,IndicSynth,xtts_v2,test,multi_codec,5.3767,WAV/PCM_16,f97730f03ced929ce277b2f6b91861ed6400aa68d5bdf822ad203a5c454f1730,487158a759799c17,data/evaluation/robustness_v1/rob_is_hi_xtts_v2_00659__multi_codec.wav
rob_is_hi_xtts_v2_00662__mp3,is_hi_xtts_v2_00662,fake,Hindi,IndicSynth,xtts_v2,test,mp3,6.7314,WAV/PCM_16,240ee30dcbe6522d9355efc0bdd1042822aa5cb2dd3ed43353f6efcc34ad4adf,487158a759799c17,data/evaluation/robustness_v1/rob_is_hi_xtts_v2_00662__mp3.wav
rob_is_hi_xtts_v2_00662__opus,is_hi_xtts_v2_00662,fake,Hindi,IndicSynth,xtts_v2,test,opus,6.7314,WAV/PCM_16,d8f899399a5c02fd6d164178eff750cb0d25acf158a5f5529b7adbe52cf3d8e1,487158a759799c17,data/evaluation/robustness_v1/rob_is_hi_xtts_v2_00662__opus.wav
rob_is_hi_xtts_v2_00662__telephone,is_hi_xtts_v2_00662,fake,Hindi,IndicSynth,xtts_v2,test,telephone,6.7314,WAV/PCM_16,ec7db55e3ed6959f6456364d7932d5ba2da50537ee2367a74b988e572ea283c1,487158a759799c17,data/evaluation/robustness_v1/rob_is_hi_xtts_v2_00662__telephone.wav
rob_is_hi_xtts_v2_00662__lowpass,is_hi_xtts_v2_00662,fake,Hindi,IndicSynth,xtts_v2,test,lowpass,6.7314,WAV/PCM_16,6489291577eb185c53926e3f78060a1b93bffed45648e6d041a37ca3ee6544ba,487158a759799c17,data/evaluation/robustness_v1/rob_is_hi_xtts_v2_00662__lowpass.wav
rob_is_hi_xtts_v2_00662__multi_codec,is_hi_xtts_v2_00662,fake,Hindi,IndicSynth,xtts_v2,test,multi_codec,6.7314,WAV/PCM_16,a04795d5fae0719df924f415b24b128964648a95c6679a27827ba813f92627ee,487158a759799c17,data/evaluation/robustness_v1/rob_is_hi_xtts_v2_00662__multi_codec.wav
rob_is_hi_xtts_v2_00665__mp3,is_hi_xtts_v2_00665,fake,Hindi,IndicSynth,xtts_v2,test,mp3,5.846,WAV/PCM_16,775eebe390c4d387654b7c23c26c450eb261ea0be28beb079c1ca9b607817b74,487158a759799c17,data/evaluation/robustness_v1/rob_is_hi_xtts_v2_00665__mp3.wav
rob_is_hi_xtts_v2_00665__opus,is_hi_xtts_v2_00665,fake,Hindi,IndicSynth,xtts_v2,test,opus,5.846,WAV/PCM_16,f5c28eefa86d4cb454d3dc0a7a9001f6b82e2321960b002f66eebfc7e4ee2330,487158a759799c17,data/evaluation/robustness_v1/rob_is_hi_xtts_v2_00665__opus.wav
rob_is_hi_xtts_v2_00665__telephone,is_hi_xtts_v2_00665,fake,Hindi,IndicSynth,xtts_v2,test,telephone,5.846,WAV/PCM_16,ab75db851fcba7c196b37620bb29cb872389d381bf7446925df83ce0a1e899b7,487158a759799c17,data/evaluation/robustness_v1/rob_is_hi_xtts_v2_00665__telephone.wav
rob_is_hi_xtts_v2_00665__lowpass,is_hi_xtts_v2_00665,fake,Hindi,IndicSynth,xtts_v2,test,lowpass,5.846,WAV/PCM_16,8c59916a93cf781958eb342565aff8f0692bb369ae44637de04f65e78ec942f3,487158a759799c17,data/evaluation/robustness_v1/rob_is_hi_xtts_v2_00665__lowpass.wav
rob_is_hi_xtts_v2_00665__multi_codec,is_hi_xtts_v2_00665,fake,Hindi,IndicSynth,xtts_v2,test,multi_codec,5.846,WAV/PCM_16,b3543d4237432aff10cde2a4adee13b7ba2a5583162aecb10310d71030749d9c,487158a759799c17,data/evaluation/robustness_v1/rob_is_hi_xtts_v2_00665__multi_codec.wav
rob_is_hi_xtts_v2_00668__mp3,is_hi_xtts_v2_00668,fake,Hindi,IndicSynth,xtts_v2,test,mp3,6.0274,WAV/PCM_16,75ab4de4866fbd4372a93fac71cce7d077a4a0ae7e8c9eef53a69f3b450ce76d,487158a759799c17,data/evaluation/robustness_v1/rob_is_hi_xtts_v2_00668__mp3.wav
rob_is_hi_xtts_v2_00668__opus,is_hi_xtts_v2_00668,fake,Hindi,IndicSynth,xtts_v2,test,opus,6.0274,WAV/PCM_16,2a78d2762f1bb192e5ba23564fe9c5ae9e22390302f9f97cfa37750788d1b4e4,487158a759799c17,data/evaluation/robustness_v1/rob_is_hi_xtts_v2_00668__opus.wav
rob_is_hi_xtts_v2_00668__telephone,is_hi_xtts_v2_00668,fake,Hindi,IndicSynth,xtts_v2,test,telephone,6.0274,WAV/PCM_16,94aa361196e7106b71a31537be253fe5289afa419a33468d501781206c2a2a08,487158a759799c17,data/evaluation/robustness_v1/rob_is_hi_xtts_v2_00668__telephone.wav
rob_is_hi_xtts_v2_00668__lowpass,is_hi_xtts_v2_00668,fake,Hindi,IndicSynth,xtts_v2,test,lowpass,6.0274,WAV/PCM_16,6f523ecafee6e5470ebdc51ad95439f8e5373fd753361757021cd95f184bbf32,487158a759799c17,data/evaluation/robustness_v1/rob_is_hi_xtts_v2_00668__lowpass.wav
rob_is_hi_xtts_v2_00668__multi_codec,is_hi_xtts_v2_00668,fake,Hindi,IndicSynth,xtts_v2,test,multi_codec,6.0274,WAV/PCM_16,56631220c42ebb00803dd2c67c294332cdbdb046533e8dd657124ea218af141b,487158a759799c17,data/evaluation/robustness_v1/rob_is_hi_xtts_v2_00668__multi_codec.wav
rob_is_hi_xtts_v2_00732__mp3,is_hi_xtts_v2_00732,fake,Hindi,IndicSynth,xtts_v2,test,mp3,4.2247,WAV/PCM_16,e19794594664857471365b89ae5a736596e3df65b52973286649e026a6c161b2,d39405010dd4d18a,data/evaluation/robustness_v1/rob_is_hi_xtts_v2_00732__mp3.wav
rob_is_hi_xtts_v2_00732__opus,is_hi_xtts_v2_00732,fake,Hindi,IndicSynth,xtts_v2,test,opus,4.2247,WAV/PCM_16,6cdcc51ac77770f91fdcae1af7b68ab918a3dc831807ee93d2053441c12c76c8,d39405010dd4d18a,data/evaluation/robustness_v1/rob_is_hi_xtts_v2_00732__opus.wav
rob_is_hi_xtts_v2_00732__telephone,is_hi_xtts_v2_00732,fake,Hindi,IndicSynth,xtts_v2,test,telephone,4.2248,WAV/PCM_16,ea770f0c1f840a8dd88a1897a2e97ed4b0dbd63019068d2558f60c5e01d870b2,d39405010dd4d18a,data/evaluation/robustness_v1/rob_is_hi_xtts_v2_00732__telephone.wav
rob_is_hi_xtts_v2_00732__lowpass,is_hi_xtts_v2_00732,fake,Hindi,IndicSynth,xtts_v2,test,lowpass,4.2247,WAV/PCM_16,de5fefb19a59130526027023640cc6d3f949bcced77559dee8043db6537c2a08,d39405010dd4d18a,data/evaluation/robustness_v1/rob_is_hi_xtts_v2_00732__lowpass.wav
rob_is_hi_xtts_v2_00732__multi_codec,is_hi_xtts_v2_00732,fake,Hindi,IndicSynth,xtts_v2,test,multi_codec,4.2247,WAV/PCM_16,239423a503fac76c1643302d67ad5c17bf0b0ca87f56da1552618b0a6e336ea3,d39405010dd4d18a,data/evaluation/robustness_v1/rob_is_hi_xtts_v2_00732__multi_codec.wav
rob_is_hi_xtts_v2_00746__mp3,is_hi_xtts_v2_00746,fake,Hindi,IndicSynth,xtts_v2,test,mp3,5.1527,WAV/PCM_16,0ed9f567a73d0f07e61efa97e955dc5823c24a0ef20eba76a40197cec7bd353a,d39405010dd4d18a,data/evaluation/robustness_v1/rob_is_hi_xtts_v2_00746__mp3.wav
rob_is_hi_xtts_v2_00746__opus,is_hi_xtts_v2_00746,fake,Hindi,IndicSynth,xtts_v2,test,opus,5.1527,WAV/PCM_16,86a48be3865c6ab8bdb5aabf32115324d6fc6e5b47b74d82c401c1a973870b3d,d39405010dd4d18a,data/evaluation/robustness_v1/rob_is_hi_xtts_v2_00746__opus.wav
rob_is_hi_xtts_v2_00746__telephone,is_hi_xtts_v2_00746,fake,Hindi,IndicSynth,xtts_v2,test,telephone,5.1528,WAV/PCM_16,3820868d06ccd1ef610f9bf35c8c96e71fbca2b6809440d52787684dc316f59b,d39405010dd4d18a,data/evaluation/robustness_v1/rob_is_hi_xtts_v2_00746__telephone.wav
rob_is_hi_xtts_v2_00746__lowpass,is_hi_xtts_v2_00746,fake,Hindi,IndicSynth,xtts_v2,test,lowpass,5.1527,WAV/PCM_16,e4484600c571a1d4187992685ae8e07914b4683bcbf11ade31d2fd2114aa8612,d39405010dd4d18a,data/evaluation/robustness_v1/rob_is_hi_xtts_v2_00746__lowpass.wav
rob_is_hi_xtts_v2_00746__multi_codec,is_hi_xtts_v2_00746,fake,Hindi,IndicSynth,xtts_v2,test,multi_codec,5.1527,WAV/PCM_16,4c3de351ef17749815609c8c0b2e3092d2c8471df173afab58ab8df195d1961c,d39405010dd4d18a,data/evaluation/robustness_v1/rob_is_hi_xtts_v2_00746__multi_codec.wav
rob_is_hi_xtts_v2_00838__mp3,is_hi_xtts_v2_00838,fake,Hindi,IndicSynth,xtts_v2,test,mp3,5.6114,WAV/PCM_16,b69dbb2b32fc95dab986a18c37af5676157b8ce7e8a4d512a30d6fe8d50ade96,4d367cd52c41eb30,data/evaluation/robustness_v1/rob_is_hi_xtts_v2_00838__mp3.wav
rob_is_hi_xtts_v2_00838__opus,is_hi_xtts_v2_00838,fake,Hindi,IndicSynth,xtts_v2,test,opus,5.6114,WAV/PCM_16,40f6425aa01434c7305634b9d1455e9777d51cb1cc4e48d406ee2b72df01fd96,4d367cd52c41eb30,data/evaluation/robustness_v1/rob_is_hi_xtts_v2_00838__opus.wav
rob_is_hi_xtts_v2_00838__telephone,is_hi_xtts_v2_00838,fake,Hindi,IndicSynth,xtts_v2,test,telephone,5.6114,WAV/PCM_16,b4019e84140c3726e2c5e5ba9c093d0c308eb5ed8b3069ef5f4dbdb960bc0fab,4d367cd52c41eb30,data/evaluation/robustness_v1/rob_is_hi_xtts_v2_00838__telephone.wav
rob_is_hi_xtts_v2_00838__lowpass,is_hi_xtts_v2_00838,fake,Hindi,IndicSynth,xtts_v2,test,lowpass,5.6114,WAV/PCM_16,d1291ddab2b6921be0a41799d315f6d93f8534e970bdced9899f6906f6288731,4d367cd52c41eb30,data/evaluation/robustness_v1/rob_is_hi_xtts_v2_00838__lowpass.wav
rob_is_hi_xtts_v2_00838__multi_codec,is_hi_xtts_v2_00838,fake,Hindi,IndicSynth,xtts_v2,test,multi_codec,5.6114,WAV/PCM_16,bc0baa8dd086b7dec4aa03a8c57c2565a2fb58b5e234957ae2d0cd991eadcebf,4d367cd52c41eb30,data/evaluation/robustness_v1/rob_is_hi_xtts_v2_00838__multi_codec.wav
rob_is_hi_xtts_v2_00905__mp3,is_hi_xtts_v2_00905,fake,Hindi,IndicSynth,xtts_v2,test,mp3,5.7074,WAV/PCM_16,81d68396d338b972dc6fc5e74c1fa41453168162da9f55b1c7a25139cfca744d,24f68f5cd7f8dd66,data/evaluation/robustness_v1/rob_is_hi_xtts_v2_00905__mp3.wav
rob_is_hi_xtts_v2_00905__opus,is_hi_xtts_v2_00905,fake,Hindi,IndicSynth,xtts_v2,test,opus,5.7074,WAV/PCM_16,9cb2240e8615538da22f30ea1d09e41abd958e3e48da752d295037cfbd649541,24f68f5cd7f8dd66,data/evaluation/robustness_v1/rob_is_hi_xtts_v2_00905__opus.wav
rob_is_hi_xtts_v2_00905__telephone,is_hi_xtts_v2_00905,fake,Hindi,IndicSynth,xtts_v2,test,telephone,5.7074,WAV/PCM_16,169e575bf16c60925fc0aa4212be6b22814b4746d4a2865ad193043d80475413,24f68f5cd7f8dd66,data/evaluation/robustness_v1/rob_is_hi_xtts_v2_00905__telephone.wav
rob_is_hi_xtts_v2_00905__lowpass,is_hi_xtts_v2_00905,fake,Hindi,IndicSynth,xtts_v2,test,lowpass,5.7074,WAV/PCM_16,dc7869b6c78e5d7d9d37c13d5eb8ee086258ea6422d8d279d72da0b49daa9bbe,24f68f5cd7f8dd66,data/evaluation/robustness_v1/rob_is_hi_xtts_v2_00905__lowpass.wav
rob_is_hi_xtts_v2_00905__multi_codec,is_hi_xtts_v2_00905,fake,Hindi,IndicSynth,xtts_v2,test,multi_codec,5.7074,WAV/PCM_16,327669632164fefed54033b7369524a250774ec46a606f93dd2301f931bb3c98,24f68f5cd7f8dd66,data/evaluation/robustness_v1/rob_is_hi_xtts_v2_00905__multi_codec.wav
rob_is_hi_xtts_v2_00910__mp3,is_hi_xtts_v2_00910,fake,Hindi,IndicSynth,xtts_v2,test,mp3,4.5874,WAV/PCM_16,313139f80a7efec75e6a16f0072b0838ef42e36ec6733eb77946e443e53a8681,24f68f5cd7f8dd66,data/evaluation/robustness_v1/rob_is_hi_xtts_v2_00910__mp3.wav
rob_is_hi_xtts_v2_00910__opus,is_hi_xtts_v2_00910,fake,Hindi,IndicSynth,xtts_v2,test,opus,4.5874,WAV/PCM_16,69f42c5aef7f91120241ee87b9945eb9c850a801d681d5b309fa8141016981b1,24f68f5cd7f8dd66,data/evaluation/robustness_v1/rob_is_hi_xtts_v2_00910__opus.wav
rob_is_hi_xtts_v2_00910__telephone,is_hi_xtts_v2_00910,fake,Hindi,IndicSynth,xtts_v2,test,telephone,4.5874,WAV/PCM_16,2587506bdc37797a287c2c6d42f19a2c628f1750c1426b09f25f2467f494b611,24f68f5cd7f8dd66,data/evaluation/robustness_v1/rob_is_hi_xtts_v2_00910__telephone.wav
rob_is_hi_xtts_v2_00910__lowpass,is_hi_xtts_v2_00910,fake,Hindi,IndicSynth,xtts_v2,test,lowpass,4.5874,WAV/PCM_16,d5b059e279feadeb97c8e590eb8d2467ade7cfc2b7e272334f89ca99af72fb04,24f68f5cd7f8dd66,data/evaluation/robustness_v1/rob_is_hi_xtts_v2_00910__lowpass.wav
rob_is_hi_xtts_v2_00910__multi_codec,is_hi_xtts_v2_00910,fake,Hindi,IndicSynth,xtts_v2,test,multi_codec,4.5874,WAV/PCM_16,716f1ce953894002554a8dc2d4a9a632f3f24c9ad1251bd8af731a1625f63b0e,24f68f5cd7f8dd66,data/evaluation/robustness_v1/rob_is_hi_xtts_v2_00910__multi_codec.wav
rob_is_hi_xtts_v2_00915__mp3,is_hi_xtts_v2_00915,fake,Hindi,IndicSynth,xtts_v2,test,mp3,5.5154,WAV/PCM_16,d2f3dbcdd9d71deeea0e9500b80aae31714c08c699953ac16815898d3fe04e7e,24f68f5cd7f8dd66,data/evaluation/robustness_v1/rob_is_hi_xtts_v2_00915__mp3.wav
rob_is_hi_xtts_v2_00915__opus,is_hi_xtts_v2_00915,fake,Hindi,IndicSynth,xtts_v2,test,opus,5.5154,WAV/PCM_16,1eaf0c00e1b5a5c1a29fb3edbebbc4c9729fc528e47a06d594bf695d9ac26563,24f68f5cd7f8dd66,data/evaluation/robustness_v1/rob_is_hi_xtts_v2_00915__opus.wav
rob_is_hi_xtts_v2_00915__telephone,is_hi_xtts_v2_00915,fake,Hindi,IndicSynth,xtts_v2,test,telephone,5.5154,WAV/PCM_16,3c216a8eabe647fe7b21ba09d5db775c0c931f5060683096b343680a496ef343,24f68f5cd7f8dd66,data/evaluation/robustness_v1/rob_is_hi_xtts_v2_00915__telephone.wav
rob_is_hi_xtts_v2_00915__lowpass,is_hi_xtts_v2_00915,fake,Hindi,IndicSynth,xtts_v2,test,lowpass,5.5154,WAV/PCM_16,5c6e5ca7dec26a57e3ebb4a55717c07402bfc239ed9f450689489577369a4683,24f68f5cd7f8dd66,data/evaluation/robustness_v1/rob_is_hi_xtts_v2_00915__lowpass.wav
rob_is_hi_xtts_v2_00915__multi_codec,is_hi_xtts_v2_00915,fake,Hindi,IndicSynth,xtts_v2,test,multi_codec,5.5154,WAV/PCM_16,9c7ddd8206fe7a8ffcd466e7f8109006d1209f9761fed8c6aa8feba72c382fbc,24f68f5cd7f8dd66,data/evaluation/robustness_v1/rob_is_hi_xtts_v2_00915__multi_codec.wav
rob_is_hi_xtts_v2_00916__mp3,is_hi_xtts_v2_00916,fake,Hindi,IndicSynth,xtts_v2,test,mp3,5.4749,WAV/PCM_16,c48be30043c1f5bbed8174680240786c2c84f078b46dcbcafeb4feca9da00d14,24f68f5cd7f8dd66,data/evaluation/robustness_v1/rob_is_hi_xtts_v2_00916__mp3.wav
rob_is_hi_xtts_v2_00916__opus,is_hi_xtts_v2_00916,fake,Hindi,IndicSynth,xtts_v2,test,opus,5.4727,WAV/PCM_16,e89015866091a6acb5791af08fbf930af785227c133d606619c5b06487fdd278,24f68f5cd7f8dd66,data/evaluation/robustness_v1/rob_is_hi_xtts_v2_00916__opus.wav
rob_is_hi_xtts_v2_00916__telephone,is_hi_xtts_v2_00916,fake,Hindi,IndicSynth,xtts_v2,test,telephone,5.4727,WAV/PCM_16,ce2427fb0d946137103e23f376909bf0986d643fc648fa48d2085387a9c8edab,24f68f5cd7f8dd66,data/evaluation/robustness_v1/rob_is_hi_xtts_v2_00916__telephone.wav
rob_is_hi_xtts_v2_00916__lowpass,is_hi_xtts_v2_00916,fake,Hindi,IndicSynth,xtts_v2,test,lowpass,5.4727,WAV/PCM_16,4762c3a5f810c05719a6bdd29387bae952058bc39bb60e6e7316513fe948f3fd,24f68f5cd7f8dd66,data/evaluation/robustness_v1/rob_is_hi_xtts_v2_00916__lowpass.wav
rob_is_hi_xtts_v2_00916__multi_codec,is_hi_xtts_v2_00916,fake,Hindi,IndicSynth,xtts_v2,test,multi_codec,5.4749,WAV/PCM_16,d9e33e4622b689f0b8fc1ff2a7bf9ef9ee46c7a06dd020517e635ddcaacade16,24f68f5cd7f8dd66,data/evaluation/robustness_v1/rob_is_hi_xtts_v2_00916__multi_codec.wav
rob_is_hi_xtts_v2_00920__mp3,is_hi_xtts_v2_00920,fake,Hindi,IndicSynth,xtts_v2,test,mp3,6.2194,WAV/PCM_16,18a541a2983e305f4cdbde5d0ece981636f77af1a6dec285c8acb9084afd8a3f,24f68f5cd7f8dd66,data/evaluation/robustness_v1/rob_is_hi_xtts_v2_00920__mp3.wav
rob_is_hi_xtts_v2_00920__opus,is_hi_xtts_v2_00920,fake,Hindi,IndicSynth,xtts_v2,test,opus,6.2194,WAV/PCM_16,20559d75a87dd80df4846403736f4d021a01a55250aceec120d7de18c04332d5,24f68f5cd7f8dd66,data/evaluation/robustness_v1/rob_is_hi_xtts_v2_00920__opus.wav
rob_is_hi_xtts_v2_00920__telephone,is_hi_xtts_v2_00920,fake,Hindi,IndicSynth,xtts_v2,test,telephone,6.2194,WAV/PCM_16,cd8a34086ced68b86d49846ccce3cdfbfa001df82f08d0d4ec155a31d7459738,24f68f5cd7f8dd66,data/evaluation/robustness_v1/rob_is_hi_xtts_v2_00920__telephone.wav
rob_is_hi_xtts_v2_00920__lowpass,is_hi_xtts_v2_00920,fake,Hindi,IndicSynth,xtts_v2,test,lowpass,6.2194,WAV/PCM_16,e2ecfbfa9485453e3ada9f31ab7ff6cd86f89beccbb1ddb4b2905208a3113747,24f68f5cd7f8dd66,data/evaluation/robustness_v1/rob_is_hi_xtts_v2_00920__lowpass.wav
rob_is_hi_xtts_v2_00920__multi_codec,is_hi_xtts_v2_00920,fake,Hindi,IndicSynth,xtts_v2,test,multi_codec,6.2194,WAV/PCM_16,94545168cc185ac2eb9ef8d0eda3a9128a32e212e8e26881ab0a86f443e3a888,24f68f5cd7f8dd66,data/evaluation/robustness_v1/rob_is_hi_xtts_v2_00920__multi_codec.wav
rob_is_hi_xtts_v2_01005__mp3,is_hi_xtts_v2_01005,fake,Hindi,IndicSynth,xtts_v2,test,mp3,5.1527,WAV/PCM_16,80eb2894536a4960c9a85bd04d633164abc1a7958330ce8a2ab1ba49d464e859,6cf8394fb06a089f,data/evaluation/robustness_v1/rob_is_hi_xtts_v2_01005__mp3.wav
rob_is_hi_xtts_v2_01005__opus,is_hi_xtts_v2_01005,fake,Hindi,IndicSynth,xtts_v2,test,opus,5.1527,WAV/PCM_16,ab20096c52c75ed469348c164d6a2a90543a35604a3a63dd2fb92e4644f65fb4,6cf8394fb06a089f,data/evaluation/robustness_v1/rob_is_hi_xtts_v2_01005__opus.wav
rob_is_hi_xtts_v2_01005__telephone,is_hi_xtts_v2_01005,fake,Hindi,IndicSynth,xtts_v2,test,telephone,5.1528,WAV/PCM_16,47801f35c4ceb8dff6a5b68b8dafc71d4967d6466ea5cb988ee91ba9c2796d22,6cf8394fb06a089f,data/evaluation/robustness_v1/rob_is_hi_xtts_v2_01005__telephone.wav
rob_is_hi_xtts_v2_01005__lowpass,is_hi_xtts_v2_01005,fake,Hindi,IndicSynth,xtts_v2,test,lowpass,5.1527,WAV/PCM_16,fe786a5cbf4422cdf72df6c2822cf0f886486fbeccba1a3f031295b2dd608cfd,6cf8394fb06a089f,data/evaluation/robustness_v1/rob_is_hi_xtts_v2_01005__lowpass.wav
rob_is_hi_xtts_v2_01005__multi_codec,is_hi_xtts_v2_01005,fake,Hindi,IndicSynth,xtts_v2,test,multi_codec,5.1527,WAV/PCM_16,211c89750941a5ff41f2d52c3ec30890f70f979cb2c9f080f94dfcb80c133b4c,6cf8394fb06a089f,data/evaluation/robustness_v1/rob_is_hi_xtts_v2_01005__multi_codec.wav
rob_is_hi_xtts_v2_01008__mp3,is_hi_xtts_v2_01008,fake,Hindi,IndicSynth,xtts_v2,test,mp3,5.4749,WAV/PCM_16,04ebeb236651229d3435d48d699e264de250ec81db21a94a92d705a650b99849,6cf8394fb06a089f,data/evaluation/robustness_v1/rob_is_hi_xtts_v2_01008__mp3.wav
rob_is_hi_xtts_v2_01008__opus,is_hi_xtts_v2_01008,fake,Hindi,IndicSynth,xtts_v2,test,opus,5.4727,WAV/PCM_16,75c0dfc916061070da389f00364919d444575ab79c522cb0210581f54e3d428d,6cf8394fb06a089f,data/evaluation/robustness_v1/rob_is_hi_xtts_v2_01008__opus.wav
rob_is_hi_xtts_v2_01008__telephone,is_hi_xtts_v2_01008,fake,Hindi,IndicSynth,xtts_v2,test,telephone,5.4727,WAV/PCM_16,88b5e1ebbc939cb0052c1dc18e1acc9927106b398743a427ca652476df4ef6bf,6cf8394fb06a089f,data/evaluation/robustness_v1/rob_is_hi_xtts_v2_01008__telephone.wav
rob_is_hi_xtts_v2_01008__lowpass,is_hi_xtts_v2_01008,fake,Hindi,IndicSynth,xtts_v2,test,lowpass,5.4727,WAV/PCM_16,fcf0218841a3e220bac51caf6330a5a1d44e6679db631c829e5e83238d4c25e9,6cf8394fb06a089f,data/evaluation/robustness_v1/rob_is_hi_xtts_v2_01008__lowpass.wav
rob_is_hi_xtts_v2_01008__multi_codec,is_hi_xtts_v2_01008,fake,Hindi,IndicSynth,xtts_v2,test,multi_codec,5.4749,WAV/PCM_16,7a63d4881eeba07f967db9c30b4cfaf09e703177372e2859fb58586e0f8870ca,6cf8394fb06a089f,data/evaluation/robustness_v1/rob_is_hi_xtts_v2_01008__multi_codec.wav
rob_is_hi_xtts_v2_01021__mp3,is_hi_xtts_v2_01021,fake,Hindi,IndicSynth,xtts_v2,test,mp3,5.014,WAV/PCM_16,023d4d5b92544b9886e9a7731be7072bd0347a0621676a65e509fe8a60529cbe,6cf8394fb06a089f,data/evaluation/robustness_v1/rob_is_hi_xtts_v2_01021__mp3.wav
rob_is_hi_xtts_v2_01021__opus,is_hi_xtts_v2_01021,fake,Hindi,IndicSynth,xtts_v2,test,opus,5.014,WAV/PCM_16,18afc59c815caaa770a0b2163e8569d211b731a76fe376f72c940028581320bd,6cf8394fb06a089f,data/evaluation/robustness_v1/rob_is_hi_xtts_v2_01021__opus.wav
rob_is_hi_xtts_v2_01021__telephone,is_hi_xtts_v2_01021,fake,Hindi,IndicSynth,xtts_v2,test,telephone,5.014,WAV/PCM_16,52d0117be17648cf0e7908c56b7f2f4f2013ac8bc82793693232610081bf28f8,6cf8394fb06a089f,data/evaluation/robustness_v1/rob_is_hi_xtts_v2_01021__telephone.wav
rob_is_hi_xtts_v2_01021__lowpass,is_hi_xtts_v2_01021,fake,Hindi,IndicSynth,xtts_v2,test,lowpass,5.014,WAV/PCM_16,5c52578b2a7c74001329bdce8a409b7aa1f3e6e5a6dccf9d02e597643794dcc0,6cf8394fb06a089f,data/evaluation/robustness_v1/rob_is_hi_xtts_v2_01021__lowpass.wav
rob_is_hi_xtts_v2_01021__multi_codec,is_hi_xtts_v2_01021,fake,Hindi,IndicSynth,xtts_v2,test,multi_codec,5.014,WAV/PCM_16,61b30d572edaf18bbe6751d770c316428bb84eea043ad7bc60a64344ac3edb64,6cf8394fb06a089f,data/evaluation/robustness_v1/rob_is_hi_xtts_v2_01021__multi_codec.wav
rob_is_hi_xtts_v2_01176__mp3,is_hi_xtts_v2_01176,fake,Hindi,IndicSynth,xtts_v2,test,mp3,6.3047,WAV/PCM_16,0865907a826900b401645bf591df31b4b97493b424d1a8978d4eed29526f07fb,08203b1988bf02c5,data/evaluation/robustness_v1/rob_is_hi_xtts_v2_01176__mp3.wav
rob_is_hi_xtts_v2_01176__opus,is_hi_xtts_v2_01176,fake,Hindi,IndicSynth,xtts_v2,test,opus,6.3047,WAV/PCM_16,4063f568ec0804956b82906b5d2ef8faffa7f0a4adeb658be9d262ef75206a51,08203b1988bf02c5,data/evaluation/robustness_v1/rob_is_hi_xtts_v2_01176__opus.wav
rob_is_hi_xtts_v2_01176__telephone,is_hi_xtts_v2_01176,fake,Hindi,IndicSynth,xtts_v2,test,telephone,6.3048,WAV/PCM_16,9bb478fb8dbe6496d239079e02079a2d2d2c29b84dac6302bb953c3bcaaa13c4,08203b1988bf02c5,data/evaluation/robustness_v1/rob_is_hi_xtts_v2_01176__telephone.wav
rob_is_hi_xtts_v2_01176__lowpass,is_hi_xtts_v2_01176,fake,Hindi,IndicSynth,xtts_v2,test,lowpass,6.3047,WAV/PCM_16,2428af7498fc29610725166c0f1e02a416bd0dcd51969209c85819ae9d9dbfd5,08203b1988bf02c5,data/evaluation/robustness_v1/rob_is_hi_xtts_v2_01176__lowpass.wav
rob_is_hi_xtts_v2_01176__multi_codec,is_hi_xtts_v2_01176,fake,Hindi,IndicSynth,xtts_v2,test,multi_codec,6.3047,WAV/PCM_16,bb4c5f04d97103f184a9705b17cf68be62ed7fbf5109c901cae262bb7363ea86,08203b1988bf02c5,data/evaluation/robustness_v1/rob_is_hi_xtts_v2_01176__multi_codec.wav
rob_is_hi_xtts_v2_01181__mp3,is_hi_xtts_v2_01181,fake,Hindi,IndicSynth,xtts_v2,test,mp3,7.4674,WAV/PCM_16,7413cd4934e99dcc7495016394c338374fbea6cdc933895685d1bd0c24588cf8,08203b1988bf02c5,data/evaluation/robustness_v1/rob_is_hi_xtts_v2_01181__mp3.wav
rob_is_hi_xtts_v2_01181__opus,is_hi_xtts_v2_01181,fake,Hindi,IndicSynth,xtts_v2,test,opus,7.4674,WAV/PCM_16,8788c3eca31c5da05db0073a429d85e60b29b6b39f887f942b764926d169ec7d,08203b1988bf02c5,data/evaluation/robustness_v1/rob_is_hi_xtts_v2_01181__opus.wav
rob_is_hi_xtts_v2_01181__telephone,is_hi_xtts_v2_01181,fake,Hindi,IndicSynth,xtts_v2,test,telephone,7.4674,WAV/PCM_16,40fdf55ac8ea9a14acc840cdf2fbb979e6bdda9d71de27772a67c0e2a30b5dda,08203b1988bf02c5,data/evaluation/robustness_v1/rob_is_hi_xtts_v2_01181__telephone.wav
rob_is_hi_xtts_v2_01181__lowpass,is_hi_xtts_v2_01181,fake,Hindi,IndicSynth,xtts_v2,test,lowpass,7.4674,WAV/PCM_16,95e65cb3fe15dd438f49b41bf647688a30131d2141f247856ff9e92d81d51d69,08203b1988bf02c5,data/evaluation/robustness_v1/rob_is_hi_xtts_v2_01181__lowpass.wav
rob_is_hi_xtts_v2_01181__multi_codec,is_hi_xtts_v2_01181,fake,Hindi,IndicSynth,xtts_v2,test,multi_codec,7.4674,WAV/PCM_16,25c0c69344189b8ec71af8a71d6a3f1f296e2f9587587b0747d66ae76420e0fa,08203b1988bf02c5,data/evaluation/robustness_v1/rob_is_hi_xtts_v2_01181__multi_codec.wav
rob_is_hi_xtts_v2_01283__mp3,is_hi_xtts_v2_01283,fake,Hindi,IndicSynth,xtts_v2,test,mp3,6.5927,WAV/PCM_16,b3c4a877222294c56bd85db89e330ebfc9a61bfcb1b20e9845a7bd49ac1d02e4,801f722e219c7151,data/evaluation/robustness_v1/rob_is_hi_xtts_v2_01283__mp3.wav
rob_is_hi_xtts_v2_01283__opus,is_hi_xtts_v2_01283,fake,Hindi,IndicSynth,xtts_v2,test,opus,6.5927,WAV/PCM_16,a84ed97598bb3166e8f15e9fb0c0013fa1626a398909ee7273e30a811303728c,801f722e219c7151,data/evaluation/robustness_v1/rob_is_hi_xtts_v2_01283__opus.wav
rob_is_hi_xtts_v2_01283__telephone,is_hi_xtts_v2_01283,fake,Hindi,IndicSynth,xtts_v2,test,telephone,6.5927,WAV/PCM_16,4c2cf6551ca1738d768a80caba8f3c231224c4d1565a8127975beec0d1a08017,801f722e219c7151,data/evaluation/robustness_v1/rob_is_hi_xtts_v2_01283__telephone.wav
rob_is_hi_xtts_v2_01283__lowpass,is_hi_xtts_v2_01283,fake,Hindi,IndicSynth,xtts_v2,test,lowpass,6.5927,WAV/PCM_16,68bd79692b1549a98d4ff976419876f935a2bf05932ded938ea66e9a6199e07d,801f722e219c7151,data/evaluation/robustness_v1/rob_is_hi_xtts_v2_01283__lowpass.wav
rob_is_hi_xtts_v2_01283__multi_codec,is_hi_xtts_v2_01283,fake,Hindi,IndicSynth,xtts_v2,test,multi_codec,6.5927,WAV/PCM_16,c801600d3ceec712ebc606d429c0eefce4c741da1f8070f5bb705ebed7776a24,801f722e219c7151,data/evaluation/robustness_v1/rob_is_hi_xtts_v2_01283__multi_codec.wav
rob_is_hi_xtts_v2_01287__mp3,is_hi_xtts_v2_01287,fake,Hindi,IndicSynth,xtts_v2,test,mp3,6.6354,WAV/PCM_16,82ccaac26f9714752c234bf7a97ee0713e00033aa4d12b7d72d3a8e2bd35f855,801f722e219c7151,data/evaluation/robustness_v1/rob_is_hi_xtts_v2_01287__mp3.wav
rob_is_hi_xtts_v2_01287__opus,is_hi_xtts_v2_01287,fake,Hindi,IndicSynth,xtts_v2,test,opus,6.6354,WAV/PCM_16,9ea8e832c97b9d53913b477a20f783c38dfb6908bea3f03007b9880c2352b556,801f722e219c7151,data/evaluation/robustness_v1/rob_is_hi_xtts_v2_01287__opus.wav
rob_is_hi_xtts_v2_01287__telephone,is_hi_xtts_v2_01287,fake,Hindi,IndicSynth,xtts_v2,test,telephone,6.6354,WAV/PCM_16,db0001649ce57943b1f9f9af9fb3decb9bcaa6080a65d3514de04271e8ce5f36,801f722e219c7151,data/evaluation/robustness_v1/rob_is_hi_xtts_v2_01287__telephone.wav
rob_is_hi_xtts_v2_01287__lowpass,is_hi_xtts_v2_01287,fake,Hindi,IndicSynth,xtts_v2,test,lowpass,6.6354,WAV/PCM_16,384dfd95b14019a87df6f6e398f680eacd945858e76af248f704984d1388f711,801f722e219c7151,data/evaluation/robustness_v1/rob_is_hi_xtts_v2_01287__lowpass.wav
rob_is_hi_xtts_v2_01287__multi_codec,is_hi_xtts_v2_01287,fake,Hindi,IndicSynth,xtts_v2,test,multi_codec,6.6354,WAV/PCM_16,b1699d3a19ecdeacf4eb2c795d29c7e2a192b9fbdce30e3dd042b22d1d9c2d74,801f722e219c7151,data/evaluation/robustness_v1/rob_is_hi_xtts_v2_01287__multi_codec.wav
rob_is_hi_xtts_v2_01290__mp3,is_hi_xtts_v2_01290,fake,Hindi,IndicSynth,xtts_v2,test,mp3,4.7794,WAV/PCM_16,5c13140fcedfdced77f2a1e0d2e2757b8f1d7946d0798739931712ae57c11931,801f722e219c7151,data/evaluation/robustness_v1/rob_is_hi_xtts_v2_01290__mp3.wav
rob_is_hi_xtts_v2_01290__opus,is_hi_xtts_v2_01290,fake,Hindi,IndicSynth,xtts_v2,test,opus,4.7794,WAV/PCM_16,85a6f808c8d460c2d8650bd81fa10057307b16013ae346473fee8d3edbcdc57b,801f722e219c7151,data/evaluation/robustness_v1/rob_is_hi_xtts_v2_01290__opus.wav
rob_is_hi_xtts_v2_01290__telephone,is_hi_xtts_v2_01290,fake,Hindi,IndicSynth,xtts_v2,test,telephone,4.7794,WAV/PCM_16,3629ba3c82bd377d9ee46f22b9e472774746e3928a46e781d4b78ce4551f72aa,801f722e219c7151,data/evaluation/robustness_v1/rob_is_hi_xtts_v2_01290__telephone.wav
rob_is_hi_xtts_v2_01290__lowpass,is_hi_xtts_v2_01290,fake,Hindi,IndicSynth,xtts_v2,test,lowpass,4.7794,WAV/PCM_16,97bf1659bba4cea2a3719fd7e20911fd8cb1c9c804eccd410bf0b20b25a66473,801f722e219c7151,data/evaluation/robustness_v1/rob_is_hi_xtts_v2_01290__lowpass.wav
rob_is_hi_xtts_v2_01290__multi_codec,is_hi_xtts_v2_01290,fake,Hindi,IndicSynth,xtts_v2,test,multi_codec,4.7794,WAV/PCM_16,49afd4d698dd0ec98575b61cb5884dfee592f0579759ddf56ceda86e5e4433f0,801f722e219c7151,data/evaluation/robustness_v1/rob_is_hi_xtts_v2_01290__multi_codec.wav
rob_is_hi_xtts_v2_01296__mp3,is_hi_xtts_v2_01296,fake,Hindi,IndicSynth,xtts_v2,test,mp3,4.6407,WAV/PCM_16,c5936c2c58e76b63eaead1fce8bea6caadba4987d9a66da39fc8a9c969c65225,801f722e219c7151,data/evaluation/robustness_v1/rob_is_hi_xtts_v2_01296__mp3.wav
rob_is_hi_xtts_v2_01296__opus,is_hi_xtts_v2_01296,fake,Hindi,IndicSynth,xtts_v2,test,opus,4.6407,WAV/PCM_16,9ee60a74887c16728bb5cf0b7d9df16fb8727f5be05f83a7fa8ee24ef88a73da,801f722e219c7151,data/evaluation/robustness_v1/rob_is_hi_xtts_v2_01296__opus.wav
rob_is_hi_xtts_v2_01296__telephone,is_hi_xtts_v2_01296,fake,Hindi,IndicSynth,xtts_v2,test,telephone,4.6407,WAV/PCM_16,dbbb0acf4a33f085006328aacad5e6394fc01ae93de2d1976e380f03ace1c8e3,801f722e219c7151,data/evaluation/robustness_v1/rob_is_hi_xtts_v2_01296__telephone.wav
rob_is_hi_xtts_v2_01296__lowpass,is_hi_xtts_v2_01296,fake,Hindi,IndicSynth,xtts_v2,test,lowpass,4.6407,WAV/PCM_16,b624a768a4e43d40ff4bc259e7fca1e9e9c2f879d74f13c133288f4eb4db6849,801f722e219c7151,data/evaluation/robustness_v1/rob_is_hi_xtts_v2_01296__lowpass.wav
rob_is_hi_xtts_v2_01296__multi_codec,is_hi_xtts_v2_01296,fake,Hindi,IndicSynth,xtts_v2,test,multi_codec,4.6407,WAV/PCM_16,056272e467fa8233e624811f7f33ef62660fa4a126896ee91fb1c61362cf844f,801f722e219c7151,data/evaluation/robustness_v1/rob_is_hi_xtts_v2_01296__multi_codec.wav
rob_is_hi_xtts_v2_01351__mp3,is_hi_xtts_v2_01351,fake,Hindi,IndicSynth,xtts_v2,test,mp3,6.5394,WAV/PCM_16,4c54bc06473e8ebc1f6570b5608335cefbb0b8bb282e3ad85ae05776ee1e9492,85930fc4a3d85bee,data/evaluation/robustness_v1/rob_is_hi_xtts_v2_01351__mp3.wav
rob_is_hi_xtts_v2_01351__opus,is_hi_xtts_v2_01351,fake,Hindi,IndicSynth,xtts_v2,test,opus,6.5394,WAV/PCM_16,7784fe2dabbf4c23cd21861a46d57759e10e8ff4789d57abea416d6baf46604e,85930fc4a3d85bee,data/evaluation/robustness_v1/rob_is_hi_xtts_v2_01351__opus.wav
rob_is_hi_xtts_v2_01351__telephone,is_hi_xtts_v2_01351,fake,Hindi,IndicSynth,xtts_v2,test,telephone,6.5394,WAV/PCM_16,d693d2095596012e366884cb4bcb225ad9fb2cdf399bdb32df4d3994e26b0d76,85930fc4a3d85bee,data/evaluation/robustness_v1/rob_is_hi_xtts_v2_01351__telephone.wav
rob_is_hi_xtts_v2_01351__lowpass,is_hi_xtts_v2_01351,fake,Hindi,IndicSynth,xtts_v2,test,lowpass,6.5394,WAV/PCM_16,1051b6f2172c8918051f42097227a6156499869b4ff7d919afb6cbb5614ad9e1,85930fc4a3d85bee,data/evaluation/robustness_v1/rob_is_hi_xtts_v2_01351__lowpass.wav
rob_is_hi_xtts_v2_01351__multi_codec,is_hi_xtts_v2_01351,fake,Hindi,IndicSynth,xtts_v2,test,multi_codec,6.5394,WAV/PCM_16,a05d30349068a5a1c54cd08a5d0d7d883ef564f201f8cdb48254786459d7666b,85930fc4a3d85bee,data/evaluation/robustness_v1/rob_is_hi_xtts_v2_01351__multi_codec.wav
rob_is_hi_xtts_v2_01367__mp3,is_hi_xtts_v2_01367,fake,Hindi,IndicSynth,xtts_v2,test,mp3,6.1234,WAV/PCM_16,f1e3f66a6364c9464f03b3a7482714f471fd6384577be20a4585171b41f02bff,85930fc4a3d85bee,data/evaluation/robustness_v1/rob_is_hi_xtts_v2_01367__mp3.wav
rob_is_hi_xtts_v2_01367__opus,is_hi_xtts_v2_01367,fake,Hindi,IndicSynth,xtts_v2,test,opus,6.1234,WAV/PCM_16,a9b5f7575551ad2acd346d5ec5062853953ff5aa2ffe42a7118bb71700984259,85930fc4a3d85bee,data/evaluation/robustness_v1/rob_is_hi_xtts_v2_01367__opus.wav
rob_is_hi_xtts_v2_01367__telephone,is_hi_xtts_v2_01367,fake,Hindi,IndicSynth,xtts_v2,test,telephone,6.1234,WAV/PCM_16,df67b02dbd05014a8823e1cda126145f836eb34ff29d0ea3bfd925ccdf6a91c3,85930fc4a3d85bee,data/evaluation/robustness_v1/rob_is_hi_xtts_v2_01367__telephone.wav
rob_is_hi_xtts_v2_01367__lowpass,is_hi_xtts_v2_01367,fake,Hindi,IndicSynth,xtts_v2,test,lowpass,6.1234,WAV/PCM_16,e2268e9dbbe91c739f321d0689e888518c5f0f949bf69f55044712ecfb398f5f,85930fc4a3d85bee,data/evaluation/robustness_v1/rob_is_hi_xtts_v2_01367__lowpass.wav
rob_is_hi_xtts_v2_01367__multi_codec,is_hi_xtts_v2_01367,fake,Hindi,IndicSynth,xtts_v2,test,multi_codec,6.1234,WAV/PCM_16,fc08ed646a96628d8a1f33cc20603c9aa0191f931801ebaabb24c8ef91dbe0e2,85930fc4a3d85bee,data/evaluation/robustness_v1/rob_is_hi_xtts_v2_01367__multi_codec.wav
rob_is_hi_xtts_v2_01371__mp3,is_hi_xtts_v2_01371,fake,Hindi,IndicSynth,xtts_v2,test,mp3,4.9607,WAV/PCM_16,a201cabe5c217a6e4200a1dad470abbc8754cf59cc855ed2c38604f57848fd14,85930fc4a3d85bee,data/evaluation/robustness_v1/rob_is_hi_xtts_v2_01371__mp3.wav
rob_is_hi_xtts_v2_01371__opus,is_hi_xtts_v2_01371,fake,Hindi,IndicSynth,xtts_v2,test,opus,4.9607,WAV/PCM_16,c30b4f6064f7a436f0f59f9c9b2383b5bdfa4797da37a424c1a1a8e7f4287609,85930fc4a3d85bee,data/evaluation/robustness_v1/rob_is_hi_xtts_v2_01371__opus.wav
rob_is_hi_xtts_v2_01371__telephone,is_hi_xtts_v2_01371,fake,Hindi,IndicSynth,xtts_v2,test,telephone,4.9607,WAV/PCM_16,41cddcba8edb69a80c5200c40d8ba9b96bb3c2a8abd210a6af8ca458444808de,85930fc4a3d85bee,data/evaluation/robustness_v1/rob_is_hi_xtts_v2_01371__telephone.wav
rob_is_hi_xtts_v2_01371__lowpass,is_hi_xtts_v2_01371,fake,Hindi,IndicSynth,xtts_v2,test,lowpass,4.9607,WAV/PCM_16,d940cd832eb00343e1908fcac985275b963bf7dce2846ea1a1868127e9ddd909,85930fc4a3d85bee,data/evaluation/robustness_v1/rob_is_hi_xtts_v2_01371__lowpass.wav
rob_is_hi_xtts_v2_01371__multi_codec,is_hi_xtts_v2_01371,fake,Hindi,IndicSynth,xtts_v2,test,multi_codec,4.9607,WAV/PCM_16,b5262f7c1d78c22595d0939bc7a8d7b77986f1766fde09ff9f1cce8374cc904b,85930fc4a3d85bee,data/evaluation/robustness_v1/rob_is_hi_xtts_v2_01371__multi_codec.wav
rob_is_hi_xtts_v2_01566__mp3,is_hi_xtts_v2_01566,fake,Hindi,IndicSynth,xtts_v2,test,mp3,6.1234,WAV/PCM_16,9fcc0151dd22efc4eb978e1c4b041e0bb2cb226a7d510eec9dcc0432aa33233f,9266745d34fb8776,data/evaluation/robustness_v1/rob_is_hi_xtts_v2_01566__mp3.wav
rob_is_hi_xtts_v2_01566__opus,is_hi_xtts_v2_01566,fake,Hindi,IndicSynth,xtts_v2,test,opus,6.1234,WAV/PCM_16,79f3bc0a406d63008f02df1595cf83958cd144f6908aaaad82eca4c1be0df25c,9266745d34fb8776,data/evaluation/robustness_v1/rob_is_hi_xtts_v2_01566__opus.wav
rob_is_hi_xtts_v2_01566__telephone,is_hi_xtts_v2_01566,fake,Hindi,IndicSynth,xtts_v2,test,telephone,6.1234,WAV/PCM_16,0352fb5b9e0617dfc845b298ca191a017c726db829cfd5603a39695befe3f0e2,9266745d34fb8776,data/evaluation/robustness_v1/rob_is_hi_xtts_v2_01566__telephone.wav
rob_is_hi_xtts_v2_01566__lowpass,is_hi_xtts_v2_01566,fake,Hindi,IndicSynth,xtts_v2,test,lowpass,6.1234,WAV/PCM_16,b7e47e62b0738b00f589621519be6533b214c4a915bfe4a99aecdd33dd5a3d0c,9266745d34fb8776,data/evaluation/robustness_v1/rob_is_hi_xtts_v2_01566__lowpass.wav
rob_is_hi_xtts_v2_01566__multi_codec,is_hi_xtts_v2_01566,fake,Hindi,IndicSynth,xtts_v2,test,multi_codec,6.1234,WAV/PCM_16,554e1a638af6566dac8402d3c4a8de73a83159191ae1ebf24279269cf87a47c3,9266745d34fb8776,data/evaluation/robustness_v1/rob_is_hi_xtts_v2_01566__multi_codec.wav
rob_is_hi_xtts_v2_01568__mp3,is_hi_xtts_v2_01568,fake,Hindi,IndicSynth,xtts_v2,test,mp3,7.7447,WAV/PCM_16,20db4a28d3fd7e4a7b21adebf690355c8ee06c382bfe42a59a537e9598792c47,9266745d34fb8776,data/evaluation/robustness_v1/rob_is_hi_xtts_v2_01568__mp3.wav
rob_is_hi_xtts_v2_01568__opus,is_hi_xtts_v2_01568,fake,Hindi,IndicSynth,xtts_v2,test,opus,7.7447,WAV/PCM_16,4b7b14bd4e60ec3df7457f5b9c492ddd6cf0bafc052d0c9df6475b7be0a8275d,9266745d34fb8776,data/evaluation/robustness_v1/rob_is_hi_xtts_v2_01568__opus.wav
rob_is_hi_xtts_v2_01568__telephone,is_hi_xtts_v2_01568,fake,Hindi,IndicSynth,xtts_v2,test,telephone,7.7447,WAV/PCM_16,1812821472f4019f22fc8d8e45262923be11391fef47d2fa5b7406728e5a54f8,9266745d34fb8776,data/evaluation/robustness_v1/rob_is_hi_xtts_v2_01568__telephone.wav
rob_is_hi_xtts_v2_01568__lowpass,is_hi_xtts_v2_01568,fake,Hindi,IndicSynth,xtts_v2,test,lowpass,7.7447,WAV/PCM_16,12fea31ab0f2d2c0cbcadecb027829b14d5a4a6b1147fed85fcca0f42ad16fe2,9266745d34fb8776,data/evaluation/robustness_v1/rob_is_hi_xtts_v2_01568__lowpass.wav
rob_is_hi_xtts_v2_01568__multi_codec,is_hi_xtts_v2_01568,fake,Hindi,IndicSynth,xtts_v2,test,multi_codec,7.7447,WAV/PCM_16,a4910483db0b0b4a5eed22265bb630b80f12beb78e4d820f34ad0e049062a795,9266745d34fb8776,data/evaluation/robustness_v1/rob_is_hi_xtts_v2_01568__multi_codec.wav
rob_is_hi_xtts_v2_01569__mp3,is_hi_xtts_v2_01569,fake,Hindi,IndicSynth,xtts_v2,test,mp3,4.6407,WAV/PCM_16,6e35bf04e39daa83523d9c7b7413775db5e620c52f99a3eb610fb5fafc1dca1c,9266745d34fb8776,data/evaluation/robustness_v1/rob_is_hi_xtts_v2_01569__mp3.wav
rob_is_hi_xtts_v2_01569__opus,is_hi_xtts_v2_01569,fake,Hindi,IndicSynth,xtts_v2,test,opus,4.6407,WAV/PCM_16,fcc46fcc0d769b14407e7d54cec92608d367c25a95291087bae0a90635fc649b,9266745d34fb8776,data/evaluation/robustness_v1/rob_is_hi_xtts_v2_01569__opus.wav
rob_is_hi_xtts_v2_01569__telephone,is_hi_xtts_v2_01569,fake,Hindi,IndicSynth,xtts_v2,test,telephone,4.6407,WAV/PCM_16,7f99d692e9006ce06644c7e36617b33efcc2e604ce98a899ca14024f8886b4c3,9266745d34fb8776,data/evaluation/robustness_v1/rob_is_hi_xtts_v2_01569__telephone.wav
rob_is_hi_xtts_v2_01569__lowpass,is_hi_xtts_v2_01569,fake,Hindi,IndicSynth,xtts_v2,test,lowpass,4.6407,WAV/PCM_16,f8ec999853e53acfe603254b004cc05dd8a77892b13da680e2b0454f0999e02f,9266745d34fb8776,data/evaluation/robustness_v1/rob_is_hi_xtts_v2_01569__lowpass.wav
rob_is_hi_xtts_v2_01569__multi_codec,is_hi_xtts_v2_01569,fake,Hindi,IndicSynth,xtts_v2,test,multi_codec,4.6407,WAV/PCM_16,519ac393a76eb64da7fb7b889c4e5f262c9369901fc1833711c7447a50778df4,9266745d34fb8776,data/evaluation/robustness_v1/rob_is_hi_xtts_v2_01569__multi_codec.wav
rob_is_hi_xtts_v2_02301__mp3,is_hi_xtts_v2_02301,fake,Hindi,IndicSynth,xtts_v2,test,mp3,5.4749,WAV/PCM_16,0dd22980a784a27c9d0e9559e65da66f81b3de90f43c05acc3b66f6dcbab905d,56a0f340613205ae,data/evaluation/robustness_v1/rob_is_hi_xtts_v2_02301__mp3.wav
rob_is_hi_xtts_v2_02301__opus,is_hi_xtts_v2_02301,fake,Hindi,IndicSynth,xtts_v2,test,opus,5.4727,WAV/PCM_16,04059dc9512fb415269079ed5a8531ae96d0c88a4838bc71beb4f302eb506d16,56a0f340613205ae,data/evaluation/robustness_v1/rob_is_hi_xtts_v2_02301__opus.wav
rob_is_hi_xtts_v2_02301__telephone,is_hi_xtts_v2_02301,fake,Hindi,IndicSynth,xtts_v2,test,telephone,5.4727,WAV/PCM_16,4035304a083ccc5345c977edd2b89dbc6de9e1f7338d18cb9f4dc37c2e9b8308,56a0f340613205ae,data/evaluation/robustness_v1/rob_is_hi_xtts_v2_02301__telephone.wav
rob_is_hi_xtts_v2_02301__lowpass,is_hi_xtts_v2_02301,fake,Hindi,IndicSynth,xtts_v2,test,lowpass,5.4727,WAV/PCM_16,90a2a2a7dcdc01e62683a6f2e57b6025fe4ab3e39439f822a054dc9093a55a42,56a0f340613205ae,data/evaluation/robustness_v1/rob_is_hi_xtts_v2_02301__lowpass.wav
rob_is_hi_xtts_v2_02301__multi_codec,is_hi_xtts_v2_02301,fake,Hindi,IndicSynth,xtts_v2,test,multi_codec,5.4749,WAV/PCM_16,0fb07f88c49426ba46dec4663642460fb539d9fef9007ac2dd2f9fc7d462ee60,56a0f340613205ae,data/evaluation/robustness_v1/rob_is_hi_xtts_v2_02301__multi_codec.wav
rob_is_hi_xtts_v2_02309__mp3,is_hi_xtts_v2_02309,fake,Hindi,IndicSynth,xtts_v2,test,mp3,4.1714,WAV/PCM_16,09b0d3a9c91fc3bbb05fac7f14ca5de62852b27a41714be814ba843e636cf7ea,56a0f340613205ae,data/evaluation/robustness_v1/rob_is_hi_xtts_v2_02309__mp3.wav
rob_is_hi_xtts_v2_02309__opus,is_hi_xtts_v2_02309,fake,Hindi,IndicSynth,xtts_v2,test,opus,4.1714,WAV/PCM_16,7ee4d03e61e841e11c93b87b015acf6e6822d7aa84239fed048a90f6facd7c94,56a0f340613205ae,data/evaluation/robustness_v1/rob_is_hi_xtts_v2_02309__opus.wav
rob_is_hi_xtts_v2_02309__telephone,is_hi_xtts_v2_02309,fake,Hindi,IndicSynth,xtts_v2,test,telephone,4.1714,WAV/PCM_16,cb6e19cfbd31c128e8d2a47173484c86417c3f8c9edf85268873ea255c13395b,56a0f340613205ae,data/evaluation/robustness_v1/rob_is_hi_xtts_v2_02309__telephone.wav
rob_is_hi_xtts_v2_02309__lowpass,is_hi_xtts_v2_02309,fake,Hindi,IndicSynth,xtts_v2,test,lowpass,4.1714,WAV/PCM_16,ae8b1a5e73813353e2bbb618023f9fffe4c9f2bd67f507e2d0727527f5885244,56a0f340613205ae,data/evaluation/robustness_v1/rob_is_hi_xtts_v2_02309__lowpass.wav
rob_is_hi_xtts_v2_02309__multi_codec,is_hi_xtts_v2_02309,fake,Hindi,IndicSynth,xtts_v2,test,multi_codec,4.1714,WAV/PCM_16,562cb30caf24f7606ff7684a9a05a3a92bd6be23629be0c1d9526cb348cb4ee4,56a0f340613205ae,data/evaluation/robustness_v1/rob_is_hi_xtts_v2_02309__multi_codec.wav
rob_is_hi_xtts_v2_02310__mp3,is_hi_xtts_v2_02310,fake,Hindi,IndicSynth,xtts_v2,test,mp3,7.286,WAV/PCM_16,9ca5be0e871ed1396e86957b38b8b43c805e50012aee4065630cb3e066015a7d,56a0f340613205ae,data/evaluation/robustness_v1/rob_is_hi_xtts_v2_02310__mp3.wav
rob_is_hi_xtts_v2_02310__opus,is_hi_xtts_v2_02310,fake,Hindi,IndicSynth,xtts_v2,test,opus,7.286,WAV/PCM_16,2d63813e50fd6206d4031d72b6811aaeb58b5ee7350f9bcbd9ef64aaeac3f034,56a0f340613205ae,data/evaluation/robustness_v1/rob_is_hi_xtts_v2_02310__opus.wav
rob_is_hi_xtts_v2_02310__telephone,is_hi_xtts_v2_02310,fake,Hindi,IndicSynth,xtts_v2,test,telephone,7.286,WAV/PCM_16,a2d25219fbd915c7777cbeea4abe7c772d25489ef26adacf769f7e70696398dc,56a0f340613205ae,data/evaluation/robustness_v1/rob_is_hi_xtts_v2_02310__telephone.wav
rob_is_hi_xtts_v2_02310__lowpass,is_hi_xtts_v2_02310,fake,Hindi,IndicSynth,xtts_v2,test,lowpass,7.286,WAV/PCM_16,0e1fb7f351300653047d24877e56a130603b27478b4fbfe627db4c9f7cf05e05,56a0f340613205ae,data/evaluation/robustness_v1/rob_is_hi_xtts_v2_02310__lowpass.wav
rob_is_hi_xtts_v2_02310__multi_codec,is_hi_xtts_v2_02310,fake,Hindi,IndicSynth,xtts_v2,test,multi_codec,7.286,WAV/PCM_16,59271e73f6e3ad62e4e75f91a2c4502645316141a3e15e54b686b9be334bf070,56a0f340613205ae,data/evaluation/robustness_v1/rob_is_hi_xtts_v2_02310__multi_codec.wav
rob_is_hi_xtts_v2_02314__mp3,is_hi_xtts_v2_02314,fake,Hindi,IndicSynth,xtts_v2,test,mp3,6.774,WAV/PCM_16,77b5ca1d970c1aa0ed7fbc244432df160148ed144abeb5a2e526ce13acb05966,56a0f340613205ae,data/evaluation/robustness_v1/rob_is_hi_xtts_v2_02314__mp3.wav
rob_is_hi_xtts_v2_02314__opus,is_hi_xtts_v2_02314,fake,Hindi,IndicSynth,xtts_v2,test,opus,6.774,WAV/PCM_16,c16fb49136e35c4b31e0c085772f9266c2d20bc5280b916421020ffb0ac9b0a6,56a0f340613205ae,data/evaluation/robustness_v1/rob_is_hi_xtts_v2_02314__opus.wav
rob_is_hi_xtts_v2_02314__telephone,is_hi_xtts_v2_02314,fake,Hindi,IndicSynth,xtts_v2,test,telephone,6.774,WAV/PCM_16,ad7b61d10903aae28ae84340bab956e7d89a9d9d708509b757349f8ab52ea48e,56a0f340613205ae,data/evaluation/robustness_v1/rob_is_hi_xtts_v2_02314__telephone.wav
rob_is_hi_xtts_v2_02314__lowpass,is_hi_xtts_v2_02314,fake,Hindi,IndicSynth,xtts_v2,test,lowpass,6.774,WAV/PCM_16,330e84a78a123266de227989730533d659a2fb2c194574a112259ba59eccb373,56a0f340613205ae,data/evaluation/robustness_v1/rob_is_hi_xtts_v2_02314__lowpass.wav
rob_is_hi_xtts_v2_02314__multi_codec,is_hi_xtts_v2_02314,fake,Hindi,IndicSynth,xtts_v2,test,multi_codec,6.774,WAV/PCM_16,3b2185c3667cf5d2439544b8e66796d0292be90cfd3095b39d54bb211987d9d7,56a0f340613205ae,data/evaluation/robustness_v1/rob_is_hi_xtts_v2_02314__multi_codec.wav
rob_is_hi_xtts_v2_02317__mp3,is_hi_xtts_v2_02317,fake,Hindi,IndicSynth,xtts_v2,test,mp3,5.846,WAV/PCM_16,1621f3776e06a210f6ae9a3501ffb55da890afbb8714cd21bd927c0369fbbc04,56a0f340613205ae,data/evaluation/robustness_v1/rob_is_hi_xtts_v2_02317__mp3.wav
rob_is_hi_xtts_v2_02317__opus,is_hi_xtts_v2_02317,fake,Hindi,IndicSynth,xtts_v2,test,opus,5.846,WAV/PCM_16,444094edffe1b81a5aa1765128b66d4caef222478b6365bf28480f8cb9ebcca9,56a0f340613205ae,data/evaluation/robustness_v1/rob_is_hi_xtts_v2_02317__opus.wav
rob_is_hi_xtts_v2_02317__telephone,is_hi_xtts_v2_02317,fake,Hindi,IndicSynth,xtts_v2,test,telephone,5.846,WAV/PCM_16,0cd673f344dbee7c323901b799b3d708d3c33986460ff85021c0fd899c3504ee,56a0f340613205ae,data/evaluation/robustness_v1/rob_is_hi_xtts_v2_02317__telephone.wav
rob_is_hi_xtts_v2_02317__lowpass,is_hi_xtts_v2_02317,fake,Hindi,IndicSynth,xtts_v2,test,lowpass,5.846,WAV/PCM_16,3013cc11d010b4fd67dbe74b8a87f807681d2ce2bce34766e4f0e33f2e62bb81,56a0f340613205ae,data/evaluation/robustness_v1/rob_is_hi_xtts_v2_02317__lowpass.wav
rob_is_hi_xtts_v2_02317__multi_codec,is_hi_xtts_v2_02317,fake,Hindi,IndicSynth,xtts_v2,test,multi_codec,5.846,WAV/PCM_16,425a65bd81a1d4d9a0e3ab9d3a0ea40bdf2f3a2ab0c59c6945f9973f43bde7bc,56a0f340613205ae,data/evaluation/robustness_v1/rob_is_hi_xtts_v2_02317__multi_codec.wav
rob_is_hi_freevc24_00000__mp3,is_hi_freevc24_00000,fake,Hindi,IndicSynth,freevc24,test,mp3,4.38,WAV/PCM_16,a8833613d081e63db8bb5426b4e77a1d976c034e376e4aeb3ef956850114dc4c,b539fb31c68b1b95,data/evaluation/robustness_v1/rob_is_hi_freevc24_00000__mp3.wav
rob_is_hi_freevc24_00000__opus,is_hi_freevc24_00000,fake,Hindi,IndicSynth,freevc24,test,opus,4.38,WAV/PCM_16,247dfb863ec5ab4dafc5522332606e61efcdf45a6d35cb8b90e14fdc8f9843d7,b539fb31c68b1b95,data/evaluation/robustness_v1/rob_is_hi_freevc24_00000__opus.wav
rob_is_hi_freevc24_00000__telephone,is_hi_freevc24_00000,fake,Hindi,IndicSynth,freevc24,test,telephone,4.38,WAV/PCM_16,2273deee4dad162ad8b43090ebff4d80e3167dfdd4012a377bda9e80ed9108a5,b539fb31c68b1b95,data/evaluation/robustness_v1/rob_is_hi_freevc24_00000__telephone.wav
rob_is_hi_freevc24_00000__lowpass,is_hi_freevc24_00000,fake,Hindi,IndicSynth,freevc24,test,lowpass,4.38,WAV/PCM_16,0ad01563db40a999c79e18d8305b91f4b99fc66e98588937166a9c55c910ff0b,b539fb31c68b1b95,data/evaluation/robustness_v1/rob_is_hi_freevc24_00000__lowpass.wav
rob_is_hi_freevc24_00000__multi_codec,is_hi_freevc24_00000,fake,Hindi,IndicSynth,freevc24,test,multi_codec,4.38,WAV/PCM_16,f4949ad603a1ca6d4df0ef59403af0d674fdefce713b88ff6404bb51efcbf20f,b539fb31c68b1b95,data/evaluation/robustness_v1/rob_is_hi_freevc24_00000__multi_codec.wav
rob_is_hi_freevc24_00012__mp3,is_hi_freevc24_00012,fake,Hindi,IndicSynth,freevc24,test,mp3,4.38,WAV/PCM_16,51293dcba37b221537547d255676350e03c56cdb61f538b001e9128e2be4e4a8,b539fb31c68b1b95,data/evaluation/robustness_v1/rob_is_hi_freevc24_00012__mp3.wav
rob_is_hi_freevc24_00012__opus,is_hi_freevc24_00012,fake,Hindi,IndicSynth,freevc24,test,opus,4.38,WAV/PCM_16,0ab81b23fcb8e0b3b1995515c7b473c0a033e3ec8dc67238cab7b5eff1a3f3cd,b539fb31c68b1b95,data/evaluation/robustness_v1/rob_is_hi_freevc24_00012__opus.wav
rob_is_hi_freevc24_00012__telephone,is_hi_freevc24_00012,fake,Hindi,IndicSynth,freevc24,test,telephone,4.38,WAV/PCM_16,de1eb55c4619ad1de6c3b1db97562577edc9fa8e148b2185554e68f0b9ff020c,b539fb31c68b1b95,data/evaluation/robustness_v1/rob_is_hi_freevc24_00012__telephone.wav
rob_is_hi_freevc24_00012__lowpass,is_hi_freevc24_00012,fake,Hindi,IndicSynth,freevc24,test,lowpass,4.38,WAV/PCM_16,4cc7232cfe50c743c9dd17c97022bb08e2b1d9e6dbe74616f3603d4472ce2f9b,b539fb31c68b1b95,data/evaluation/robustness_v1/rob_is_hi_freevc24_00012__lowpass.wav
rob_is_hi_freevc24_00012__multi_codec,is_hi_freevc24_00012,fake,Hindi,IndicSynth,freevc24,test,multi_codec,4.38,WAV/PCM_16,3201194d679b24528444e739a40be93173d8907ea39b99e24867a1c157ff5aaf,b539fb31c68b1b95,data/evaluation/robustness_v1/rob_is_hi_freevc24_00012__multi_codec.wav
rob_is_hi_freevc24_00018__mp3,is_hi_freevc24_00018,fake,Hindi,IndicSynth,freevc24,test,mp3,4.38,WAV/PCM_16,4cf14dbcaa79535e9d73430d29cfdae4667d5808c87b411caf675060a2e0abc3,b539fb31c68b1b95,data/evaluation/robustness_v1/rob_is_hi_freevc24_00018__mp3.wav
rob_is_hi_freevc24_00018__opus,is_hi_freevc24_00018,fake,Hindi,IndicSynth,freevc24,test,opus,4.38,WAV/PCM_16,19bb8813e8bb5f3475a115f82a5077cd0f476770e20494350ea3948f8ec5a2e8,b539fb31c68b1b95,data/evaluation/robustness_v1/rob_is_hi_freevc24_00018__opus.wav
rob_is_hi_freevc24_00018__telephone,is_hi_freevc24_00018,fake,Hindi,IndicSynth,freevc24,test,telephone,4.38,WAV/PCM_16,0c1595ebd3e5e0b718d713498986fbebd95fce1de522ddf983e1787d28e11ee3,b539fb31c68b1b95,data/evaluation/robustness_v1/rob_is_hi_freevc24_00018__telephone.wav
rob_is_hi_freevc24_00018__lowpass,is_hi_freevc24_00018,fake,Hindi,IndicSynth,freevc24,test,lowpass,4.38,WAV/PCM_16,9ac2fa9cfaa71010837549e8f2922d05629d6e86625e8c553c698471d14bc195,b539fb31c68b1b95,data/evaluation/robustness_v1/rob_is_hi_freevc24_00018__lowpass.wav
rob_is_hi_freevc24_00018__multi_codec,is_hi_freevc24_00018,fake,Hindi,IndicSynth,freevc24,test,multi_codec,4.38,WAV/PCM_16,37d0866a6b71c95a97e5371c2a8c41ecc9c41b355e8eb3fcc2b6c898bad1d476,b539fb31c68b1b95,data/evaluation/robustness_v1/rob_is_hi_freevc24_00018__multi_codec.wav
rob_is_hi_freevc24_00069__mp3,is_hi_freevc24_00069,fake,Hindi,IndicSynth,freevc24,test,mp3,4.28,WAV/PCM_16,c3e26b8763bb1bbe76f46dcb1544212613d180873c6ebf672bdfb5f5ccd4b766,065088b19825160f,data/evaluation/robustness_v1/rob_is_hi_freevc24_00069__mp3.wav
rob_is_hi_freevc24_00069__opus,is_hi_freevc24_00069,fake,Hindi,IndicSynth,freevc24,test,opus,4.28,WAV/PCM_16,53a12bd382ec52c74e350c4f2de25c6fb81703637b239058473950a6b5a7074b,065088b19825160f,data/evaluation/robustness_v1/rob_is_hi_freevc24_00069__opus.wav
rob_is_hi_freevc24_00069__telephone,is_hi_freevc24_00069,fake,Hindi,IndicSynth,freevc24,test,telephone,4.28,WAV/PCM_16,5243029c262463d8bf6af5db55385fbc1f7ded8dabc06b4729ca8f3307a00bcb,065088b19825160f,data/evaluation/robustness_v1/rob_is_hi_freevc24_00069__telephone.wav
rob_is_hi_freevc24_00069__lowpass,is_hi_freevc24_00069,fake,Hindi,IndicSynth,freevc24,test,lowpass,4.28,WAV/PCM_16,c462923590c1e07e48e209b814dcc6db9750b5198d6b8f668a9e2ddbb76e833c,065088b19825160f,data/evaluation/robustness_v1/rob_is_hi_freevc24_00069__lowpass.wav
rob_is_hi_freevc24_00069__multi_codec,is_hi_freevc24_00069,fake,Hindi,IndicSynth,freevc24,test,multi_codec,4.28,WAV/PCM_16,ec71b6bfbc13d995a463d7bcf4664a30922245f2d365b90edb4b25523ba864cd,065088b19825160f,data/evaluation/robustness_v1/rob_is_hi_freevc24_00069__multi_codec.wav
rob_is_hi_freevc24_00075__mp3,is_hi_freevc24_00075,fake,Hindi,IndicSynth,freevc24,test,mp3,4.28,WAV/PCM_16,5dc002b44092fa5d9f65925a1272aa3dd3d70e8629201dff1cce3993dd9e91dc,065088b19825160f,data/evaluation/robustness_v1/rob_is_hi_freevc24_00075__mp3.wav
rob_is_hi_freevc24_00075__opus,is_hi_freevc24_00075,fake,Hindi,IndicSynth,freevc24,test,opus,4.28,WAV/PCM_16,fb1511a6b3c97d2b4a9911065ba515318a9623fda463d4f78a44a01c63dccde4,065088b19825160f,data/evaluation/robustness_v1/rob_is_hi_freevc24_00075__opus.wav
rob_is_hi_freevc24_00075__telephone,is_hi_freevc24_00075,fake,Hindi,IndicSynth,freevc24,test,telephone,4.28,WAV/PCM_16,839a98c0a3a4d9cb3227449cefd1462a2fcba01c9a249e6eb977e54f55b2ae46,065088b19825160f,data/evaluation/robustness_v1/rob_is_hi_freevc24_00075__telephone.wav
rob_is_hi_freevc24_00075__lowpass,is_hi_freevc24_00075,fake,Hindi,IndicSynth,freevc24,test,lowpass,4.28,WAV/PCM_16,4859e3133118353d952e4db60e1b34596efd92d92cdeb0b82d90d7d32af3aa1e,065088b19825160f,data/evaluation/robustness_v1/rob_is_hi_freevc24_00075__lowpass.wav
rob_is_hi_freevc24_00075__multi_codec,is_hi_freevc24_00075,fake,Hindi,IndicSynth,freevc24,test,multi_codec,4.28,WAV/PCM_16,5ae7a4d6b5be665ede37d991f753f312822b392f4b3a70bddb68a83c20b8a810,065088b19825160f,data/evaluation/robustness_v1/rob_is_hi_freevc24_00075__multi_codec.wav
rob_is_hi_freevc24_00280__mp3,is_hi_freevc24_00280,fake,Hindi,IndicSynth,freevc24,test,mp3,6.76,WAV/PCM_16,e6bbe6e48db379dd5b0df6702491355bb20ade809d8db841b253dcbbaffacc56,6cf8394fb06a089f,data/evaluation/robustness_v1/rob_is_hi_freevc24_00280__mp3.wav
rob_is_hi_freevc24_00280__opus,is_hi_freevc24_00280,fake,Hindi,IndicSynth,freevc24,test,opus,6.76,WAV/PCM_16,4f5faeb52fbbd99c6fcc78e73a173985c10f5074f6e00d62ccc0d3d363da51a5,6cf8394fb06a089f,data/evaluation/robustness_v1/rob_is_hi_freevc24_00280__opus.wav
rob_is_hi_freevc24_00280__telephone,is_hi_freevc24_00280,fake,Hindi,IndicSynth,freevc24,test,telephone,6.76,WAV/PCM_16,43f039e68eefbcc3aa2df7340c479b4ccef8bd3e300fb4e1a58d7c334b712de9,6cf8394fb06a089f,data/evaluation/robustness_v1/rob_is_hi_freevc24_00280__telephone.wav
rob_is_hi_freevc24_00280__lowpass,is_hi_freevc24_00280,fake,Hindi,IndicSynth,freevc24,test,lowpass,6.76,WAV/PCM_16,2a8a9171759a4eb9b3d351fb3b2885c57296a8e4930ba47b44eb53e62a856673,6cf8394fb06a089f,data/evaluation/robustness_v1/rob_is_hi_freevc24_00280__lowpass.wav
rob_is_hi_freevc24_00280__multi_codec,is_hi_freevc24_00280,fake,Hindi,IndicSynth,freevc24,test,multi_codec,6.76,WAV/PCM_16,3f10437ec9a68f53990afcab5f4aed9fa1bbb37712b34280d65a7e36337cb5f3,6cf8394fb06a089f,data/evaluation/robustness_v1/rob_is_hi_freevc24_00280__multi_codec.wav
rob_is_hi_freevc24_00286__mp3,is_hi_freevc24_00286,fake,Hindi,IndicSynth,freevc24,test,mp3,6.76,WAV/PCM_16,ac4a7c416077b6a4343c9c6a101b46c750c1c1416c87b5f4f0717955f9a4753c,6cf8394fb06a089f,data/evaluation/robustness_v1/rob_is_hi_freevc24_00286__mp3.wav
rob_is_hi_freevc24_00286__opus,is_hi_freevc24_00286,fake,Hindi,IndicSynth,freevc24,test,opus,6.76,WAV/PCM_16,5305edb75ec3b2484d4b3550707c830b61b1c9043f8d7afd8be944e548b2882f,6cf8394fb06a089f,data/evaluation/robustness_v1/rob_is_hi_freevc24_00286__opus.wav
rob_is_hi_freevc24_00286__telephone,is_hi_freevc24_00286,fake,Hindi,IndicSynth,freevc24,test,telephone,6.76,WAV/PCM_16,beb3a6b9428c612dc3e699f2bb8a046192b4c3adc14bfd2c53b97840d851bae7,6cf8394fb06a089f,data/evaluation/robustness_v1/rob_is_hi_freevc24_00286__telephone.wav
rob_is_hi_freevc24_00286__lowpass,is_hi_freevc24_00286,fake,Hindi,IndicSynth,freevc24,test,lowpass,6.76,WAV/PCM_16,7a3a0cf867de32b0968089e61e4b5a636f5f15ae73101b96d9c82fb6601cc910,6cf8394fb06a089f,data/evaluation/robustness_v1/rob_is_hi_freevc24_00286__lowpass.wav
rob_is_hi_freevc24_00286__multi_codec,is_hi_freevc24_00286,fake,Hindi,IndicSynth,freevc24,test,multi_codec,6.76,WAV/PCM_16,958cbdb8245ebf0e6b050b7ef0242a6f4ad507b1320bc3a10bf86d448edc6773,6cf8394fb06a089f,data/evaluation/robustness_v1/rob_is_hi_freevc24_00286__multi_codec.wav
rob_is_hi_freevc24_00289__mp3,is_hi_freevc24_00289,fake,Hindi,IndicSynth,freevc24,test,mp3,6.76,WAV/PCM_16,da9aae4f06dd8a6f138eebb25604fe60f4f083f80d32bc78aece827e6c21121d,6cf8394fb06a089f,data/evaluation/robustness_v1/rob_is_hi_freevc24_00289__mp3.wav
rob_is_hi_freevc24_00289__opus,is_hi_freevc24_00289,fake,Hindi,IndicSynth,freevc24,test,opus,6.76,WAV/PCM_16,181352b6b9fd0e6dda10577eee5236016189511093d22d7906a0c9bbf2602ac0,6cf8394fb06a089f,data/evaluation/robustness_v1/rob_is_hi_freevc24_00289__opus.wav
rob_is_hi_freevc24_00289__telephone,is_hi_freevc24_00289,fake,Hindi,IndicSynth,freevc24,test,telephone,6.76,WAV/PCM_16,64650967253d98f81aa4484b3754f1213b83f7c43bc255e9e3cbc2ab4b79f721,6cf8394fb06a089f,data/evaluation/robustness_v1/rob_is_hi_freevc24_00289__telephone.wav
rob_is_hi_freevc24_00289__lowpass,is_hi_freevc24_00289,fake,Hindi,IndicSynth,freevc24,test,lowpass,6.76,WAV/PCM_16,0293224416173515b2cf2ccc63378ddfd760ea9abdd8483c4fda605e63a423d5,6cf8394fb06a089f,data/evaluation/robustness_v1/rob_is_hi_freevc24_00289__lowpass.wav
rob_is_hi_freevc24_00289__multi_codec,is_hi_freevc24_00289,fake,Hindi,IndicSynth,freevc24,test,multi_codec,6.76,WAV/PCM_16,e9a3012c0fa146e44e66d8100e68bd703b9b44ff0fc4cb312bf94d76043313a4,6cf8394fb06a089f,data/evaluation/robustness_v1/rob_is_hi_freevc24_00289__multi_codec.wav
rob_is_hi_freevc24_00400__mp3,is_hi_freevc24_00400,fake,Hindi,IndicSynth,freevc24,test,mp3,7.02,WAV/PCM_16,0f07d2dc6da28e70927e3959f0e0a951ad34a6ae70f3100951d50bb0b9e967f3,85930fc4a3d85bee,data/evaluation/robustness_v1/rob_is_hi_freevc24_00400__mp3.wav
rob_is_hi_freevc24_00400__opus,is_hi_freevc24_00400,fake,Hindi,IndicSynth,freevc24,test,opus,7.02,WAV/PCM_16,c8825748f1ba5c31bcf8a5ce5a1a2825ce81be9ebb374e4e028bd2a0ea1f39f1,85930fc4a3d85bee,data/evaluation/robustness_v1/rob_is_hi_freevc24_00400__opus.wav
rob_is_hi_freevc24_00400__telephone,is_hi_freevc24_00400,fake,Hindi,IndicSynth,freevc24,test,telephone,7.02,WAV/PCM_16,9dabe27b04ad8a65cd35fb88931a97fa51ed20db5d51402817e681e9118ca5e2,85930fc4a3d85bee,data/evaluation/robustness_v1/rob_is_hi_freevc24_00400__telephone.wav
rob_is_hi_freevc24_00400__lowpass,is_hi_freevc24_00400,fake,Hindi,IndicSynth,freevc24,test,lowpass,7.02,WAV/PCM_16,d008540bbbb7abb8d4b18ba358e39bf97cfeacb713c2e458f682ed84e8964b88,85930fc4a3d85bee,data/evaluation/robustness_v1/rob_is_hi_freevc24_00400__lowpass.wav
rob_is_hi_freevc24_00400__multi_codec,is_hi_freevc24_00400,fake,Hindi,IndicSynth,freevc24,test,multi_codec,7.02,WAV/PCM_16,f5429f7187239678fd2d856ac8b1ca958aa2d0d1797d7d4a48cf8e74556e9f1d,85930fc4a3d85bee,data/evaluation/robustness_v1/rob_is_hi_freevc24_00400__multi_codec.wav
rob_is_hi_freevc24_00404__mp3,is_hi_freevc24_00404,fake,Hindi,IndicSynth,freevc24,test,mp3,7.02,WAV/PCM_16,4fec33d5a8b277bca18ebd2422028950a7c201034203cc25508f99d7af00bd8c,85930fc4a3d85bee,data/evaluation/robustness_v1/rob_is_hi_freevc24_00404__mp3.wav
rob_is_hi_freevc24_00404__opus,is_hi_freevc24_00404,fake,Hindi,IndicSynth,freevc24,test,opus,7.02,WAV/PCM_16,311be1095cde9123c79ed731e99d05c9320faf3115815db90e7c89c068b688ae,85930fc4a3d85bee,data/evaluation/robustness_v1/rob_is_hi_freevc24_00404__opus.wav
rob_is_hi_freevc24_00404__telephone,is_hi_freevc24_00404,fake,Hindi,IndicSynth,freevc24,test,telephone,7.02,WAV/PCM_16,1ad420e202affc01b95cdda3eb0aca569cd5395bdc72ea92559367f5465f25b4,85930fc4a3d85bee,data/evaluation/robustness_v1/rob_is_hi_freevc24_00404__telephone.wav
rob_is_hi_freevc24_00404__lowpass,is_hi_freevc24_00404,fake,Hindi,IndicSynth,freevc24,test,lowpass,7.02,WAV/PCM_16,88793e15b8613f46c095e94a78ee1fc3e5c4e2481efb371eb4025c4e754c4b48,85930fc4a3d85bee,data/evaluation/robustness_v1/rob_is_hi_freevc24_00404__lowpass.wav
rob_is_hi_freevc24_00404__multi_codec,is_hi_freevc24_00404,fake,Hindi,IndicSynth,freevc24,test,multi_codec,7.02,WAV/PCM_16,370c0ca2527e30ae83ab431352f6b8ffd09f1a11066ed7b00d2b8d64faae8f07,85930fc4a3d85bee,data/evaluation/robustness_v1/rob_is_hi_freevc24_00404__multi_codec.wav
rob_is_hi_freevc24_00503__mp3,is_hi_freevc24_00503,fake,Hindi,IndicSynth,freevc24,test,mp3,2.96,WAV/PCM_16,a60129863752e181614de7d102fbb476a70cd377883108ff83fedf344d3fdfca,85a35f78c28c40a4,data/evaluation/robustness_v1/rob_is_hi_freevc24_00503__mp3.wav
rob_is_hi_freevc24_00503__opus,is_hi_freevc24_00503,fake,Hindi,IndicSynth,freevc24,test,opus,2.96,WAV/PCM_16,002a640eec884cce8e71e5f6d4ca6719eaa46e9ee4252ecf3045e4c814cf687c,85a35f78c28c40a4,data/evaluation/robustness_v1/rob_is_hi_freevc24_00503__opus.wav
rob_is_hi_freevc24_00503__telephone,is_hi_freevc24_00503,fake,Hindi,IndicSynth,freevc24,test,telephone,2.96,WAV/PCM_16,f6a6a06fa7a3c6744c02cedc8a9ea04d587085c533a5c32dcc7522b6c6f8664e,85a35f78c28c40a4,data/evaluation/robustness_v1/rob_is_hi_freevc24_00503__telephone.wav
rob_is_hi_freevc24_00503__lowpass,is_hi_freevc24_00503,fake,Hindi,IndicSynth,freevc24,test,lowpass,2.96,WAV/PCM_16,532247c4dddcf1621c27cf255b54905ef8c297761d1afd84e6422ce8c03bae05,85a35f78c28c40a4,data/evaluation/robustness_v1/rob_is_hi_freevc24_00503__lowpass.wav
rob_is_hi_freevc24_00503__multi_codec,is_hi_freevc24_00503,fake,Hindi,IndicSynth,freevc24,test,multi_codec,2.96,WAV/PCM_16,3bd220a8b32f7c3cefe10db22798be5da7903921c990f02da45d5a3ede50d3db,85a35f78c28c40a4,data/evaluation/robustness_v1/rob_is_hi_freevc24_00503__multi_codec.wav
rob_is_hi_freevc24_00504__mp3,is_hi_freevc24_00504,fake,Hindi,IndicSynth,freevc24,test,mp3,2.96,WAV/PCM_16,8b982e752e6db5292fd822edcd1a8e795cbb4511e1f40a4a3282b6528441a195,85a35f78c28c40a4,data/evaluation/robustness_v1/rob_is_hi_freevc24_00504__mp3.wav
rob_is_hi_freevc24_00504__opus,is_hi_freevc24_00504,fake,Hindi,IndicSynth,freevc24,test,opus,2.96,WAV/PCM_16,9acf5e1b760888103794099cf183616c3ddad865d249d729aeee85d42f60b50e,85a35f78c28c40a4,data/evaluation/robustness_v1/rob_is_hi_freevc24_00504__opus.wav
rob_is_hi_freevc24_00504__telephone,is_hi_freevc24_00504,fake,Hindi,IndicSynth,freevc24,test,telephone,2.96,WAV/PCM_16,e10519f7d5e6498347710cd64072491757d96a33eac7be820b52aeb8d4ed7be3,85a35f78c28c40a4,data/evaluation/robustness_v1/rob_is_hi_freevc24_00504__telephone.wav
rob_is_hi_freevc24_00504__lowpass,is_hi_freevc24_00504,fake,Hindi,IndicSynth,freevc24,test,lowpass,2.96,WAV/PCM_16,214401334ce81c9ca5f8169da7c70199fa33b6d6961893a793091038fa7f3039,85a35f78c28c40a4,data/evaluation/robustness_v1/rob_is_hi_freevc24_00504__lowpass.wav
rob_is_hi_freevc24_00504__multi_codec,is_hi_freevc24_00504,fake,Hindi,IndicSynth,freevc24,test,multi_codec,2.96,WAV/PCM_16,827b1c8b99e86d52b23a3df4c12cd30f5445ca6f094fc74c4bf30e55ef7159d6,85a35f78c28c40a4,data/evaluation/robustness_v1/rob_is_hi_freevc24_00504__multi_codec.wav
rob_is_hi_freevc24_00507__mp3,is_hi_freevc24_00507,fake,Hindi,IndicSynth,freevc24,test,mp3,2.96,WAV/PCM_16,591dd07cf976941f57a57d940d3501fa2f0f9ef50dfdc239319a086684cb49dc,85a35f78c28c40a4,data/evaluation/robustness_v1/rob_is_hi_freevc24_00507__mp3.wav
rob_is_hi_freevc24_00507__opus,is_hi_freevc24_00507,fake,Hindi,IndicSynth,freevc24,test,opus,2.96,WAV/PCM_16,1a60756bb10c7e634464a45a32cd6c70ee78558264b9974c7eace03ea6cc3958,85a35f78c28c40a4,data/evaluation/robustness_v1/rob_is_hi_freevc24_00507__opus.wav
rob_is_hi_freevc24_00507__telephone,is_hi_freevc24_00507,fake,Hindi,IndicSynth,freevc24,test,telephone,2.96,WAV/PCM_16,83c4f342685311444c70cc2632f24a14da7016dee131fa38d0220314422c2ca3,85a35f78c28c40a4,data/evaluation/robustness_v1/rob_is_hi_freevc24_00507__telephone.wav
rob_is_hi_freevc24_00507__lowpass,is_hi_freevc24_00507,fake,Hindi,IndicSynth,freevc24,test,lowpass,2.96,WAV/PCM_16,95561582073b40ac9d7f44d6b3687aa268afc5be6f58252a3a15fdb86dff2589,85a35f78c28c40a4,data/evaluation/robustness_v1/rob_is_hi_freevc24_00507__lowpass.wav
rob_is_hi_freevc24_00507__multi_codec,is_hi_freevc24_00507,fake,Hindi,IndicSynth,freevc24,test,multi_codec,2.96,WAV/PCM_16,372bcf2b04df4dc11d5ae894fe6fb076ba3a8e432def3471100f32ead3fe9535,85a35f78c28c40a4,data/evaluation/robustness_v1/rob_is_hi_freevc24_00507__multi_codec.wav
rob_is_hi_freevc24_00519__mp3,is_hi_freevc24_00519,fake,Hindi,IndicSynth,freevc24,test,mp3,4.24,WAV/PCM_16,8c15332196f32334353dca8fbf5164d4ca2442291fdfc5eace653d42aca6eb0d,487158a759799c17,data/evaluation/robustness_v1/rob_is_hi_freevc24_00519__mp3.wav
rob_is_hi_freevc24_00519__opus,is_hi_freevc24_00519,fake,Hindi,IndicSynth,freevc24,test,opus,4.24,WAV/PCM_16,6f9435ef9617fe7f37964fe1ad6c70523f938a296c0a9aabeacf81f12c0fc738,487158a759799c17,data/evaluation/robustness_v1/rob_is_hi_freevc24_00519__opus.wav
rob_is_hi_freevc24_00519__telephone,is_hi_freevc24_00519,fake,Hindi,IndicSynth,freevc24,test,telephone,4.24,WAV/PCM_16,2200b7e9afc24f2d4062f5b5ce776e0e9fd2494f564878d508c5dbbd4d8ce78c,487158a759799c17,data/evaluation/robustness_v1/rob_is_hi_freevc24_00519__telephone.wav
rob_is_hi_freevc24_00519__lowpass,is_hi_freevc24_00519,fake,Hindi,IndicSynth,freevc24,test,lowpass,4.24,WAV/PCM_16,f7a3ef4dee40b1651576e2e21a47b8054ab9fb8a18ba745b18f8a2cb546d2e63,487158a759799c17,data/evaluation/robustness_v1/rob_is_hi_freevc24_00519__lowpass.wav
rob_is_hi_freevc24_00519__multi_codec,is_hi_freevc24_00519,fake,Hindi,IndicSynth,freevc24,test,multi_codec,4.24,WAV/PCM_16,e948f11a37006b5c39df85d9324be7b401cc1f5bbc753c3cc2c71d5b14a87617,487158a759799c17,data/evaluation/robustness_v1/rob_is_hi_freevc24_00519__multi_codec.wav
rob_is_hi_freevc24_00520__mp3,is_hi_freevc24_00520,fake,Hindi,IndicSynth,freevc24,test,mp3,4.24,WAV/PCM_16,51e857e7b2c9fbe0ec75570e85ebd1d448a09bf755a3ae387b76655d94c38697,487158a759799c17,data/evaluation/robustness_v1/rob_is_hi_freevc24_00520__mp3.wav
rob_is_hi_freevc24_00520__opus,is_hi_freevc24_00520,fake,Hindi,IndicSynth,freevc24,test,opus,4.24,WAV/PCM_16,3c2bc8360b7f6d1380ba95cf79ff92907837da286df58b654e8676fae396ca07,487158a759799c17,data/evaluation/robustness_v1/rob_is_hi_freevc24_00520__opus.wav
rob_is_hi_freevc24_00520__telephone,is_hi_freevc24_00520,fake,Hindi,IndicSynth,freevc24,test,telephone,4.24,WAV/PCM_16,1abbc5e460e3ef85cb2b20edaa360131dd2a762d0b8d37ef8d0546fa66449f3e,487158a759799c17,data/evaluation/robustness_v1/rob_is_hi_freevc24_00520__telephone.wav
rob_is_hi_freevc24_00520__lowpass,is_hi_freevc24_00520,fake,Hindi,IndicSynth,freevc24,test,lowpass,4.24,WAV/PCM_16,bb372f6b2648ff37e551593d378777ecda91fa1bed8ab767cf355a80f872e678,487158a759799c17,data/evaluation/robustness_v1/rob_is_hi_freevc24_00520__lowpass.wav
rob_is_hi_freevc24_00520__multi_codec,is_hi_freevc24_00520,fake,Hindi,IndicSynth,freevc24,test,multi_codec,4.24,WAV/PCM_16,f5868eba8fd52a9edce6a74744321b708e8e7df5aadcae374906b7388fe504a8,487158a759799c17,data/evaluation/robustness_v1/rob_is_hi_freevc24_00520__multi_codec.wav
rob_is_hi_freevc24_00690__mp3,is_hi_freevc24_00690,fake,Hindi,IndicSynth,freevc24,test,mp3,7.62,WAV/PCM_16,29cff65e566350f18d709ac6c39d87b64075bde2c8072e02d29dc281ed78315e,79275f2b4c13ed9d,data/evaluation/robustness_v1/rob_is_hi_freevc24_00690__mp3.wav
rob_is_hi_freevc24_00690__opus,is_hi_freevc24_00690,fake,Hindi,IndicSynth,freevc24,test,opus,7.62,WAV/PCM_16,1db3771f12fff930eacaf5523332a53d180488052d6c1b1a95bf6ac8ff4de1a8,79275f2b4c13ed9d,data/evaluation/robustness_v1/rob_is_hi_freevc24_00690__opus.wav
rob_is_hi_freevc24_00690__telephone,is_hi_freevc24_00690,fake,Hindi,IndicSynth,freevc24,test,telephone,7.62,WAV/PCM_16,7ef0a1a6069787ce4eec51e627632a65bf7649a94a91d806899cc314f30df303,79275f2b4c13ed9d,data/evaluation/robustness_v1/rob_is_hi_freevc24_00690__telephone.wav
rob_is_hi_freevc24_00690__lowpass,is_hi_freevc24_00690,fake,Hindi,IndicSynth,freevc24,test,lowpass,7.62,WAV/PCM_16,6b200fc638fe79b103514292748999b065bd323848e556b5fc3bb4b234cc5025,79275f2b4c13ed9d,data/evaluation/robustness_v1/rob_is_hi_freevc24_00690__lowpass.wav
rob_is_hi_freevc24_00690__multi_codec,is_hi_freevc24_00690,fake,Hindi,IndicSynth,freevc24,test,multi_codec,7.62,WAV/PCM_16,700fbe63b6fb6041ab0dd50fd6cbdb6ddf86b160ec2a587ce9b4d9790fa1ad93,79275f2b4c13ed9d,data/evaluation/robustness_v1/rob_is_hi_freevc24_00690__multi_codec.wav
rob_is_hi_freevc24_00730__mp3,is_hi_freevc24_00730,fake,Hindi,IndicSynth,freevc24,test,mp3,8.66,WAV/PCM_16,f2e30fab9e0f6a569e585e5c66c6e09f9fdebe6b316bce2a2c3a6dcaf9b5dd44,08203b1988bf02c5,data/evaluation/robustness_v1/rob_is_hi_freevc24_00730__mp3.wav
rob_is_hi_freevc24_00730__opus,is_hi_freevc24_00730,fake,Hindi,IndicSynth,freevc24,test,opus,8.66,WAV/PCM_16,adef953c5056d21269594c9e1d9fdb3c72f5c5fc417676661bd39b8c58d6cb5b,08203b1988bf02c5,data/evaluation/robustness_v1/rob_is_hi_freevc24_00730__opus.wav
rob_is_hi_freevc24_00730__telephone,is_hi_freevc24_00730,fake,Hindi,IndicSynth,freevc24,test,telephone,8.66,WAV/PCM_16,648f90940453dc7e0ed616046cb92564e8ca095fb3b3587312201ccb543715e4,08203b1988bf02c5,data/evaluation/robustness_v1/rob_is_hi_freevc24_00730__telephone.wav
rob_is_hi_freevc24_00730__lowpass,is_hi_freevc24_00730,fake,Hindi,IndicSynth,freevc24,test,lowpass,8.66,WAV/PCM_16,a0182ac18ce736ad35c02ec308082516a50b6098981de24a255ffccc97edcd96,08203b1988bf02c5,data/evaluation/robustness_v1/rob_is_hi_freevc24_00730__lowpass.wav
rob_is_hi_freevc24_00730__multi_codec,is_hi_freevc24_00730,fake,Hindi,IndicSynth,freevc24,test,multi_codec,8.66,WAV/PCM_16,5dfb52cffa1a764dc20ca28d12a8ee32d6bee2f3f13ffd7e66256b99e4c2889f,08203b1988bf02c5,data/evaluation/robustness_v1/rob_is_hi_freevc24_00730__multi_codec.wav
rob_is_hi_freevc24_00733__mp3,is_hi_freevc24_00733,fake,Hindi,IndicSynth,freevc24,test,mp3,8.66,WAV/PCM_16,11da83f82cd576e13dbedd650fd99da7fa42138b091cfa7f4790ab2e5fd022f3,08203b1988bf02c5,data/evaluation/robustness_v1/rob_is_hi_freevc24_00733__mp3.wav
rob_is_hi_freevc24_00733__opus,is_hi_freevc24_00733,fake,Hindi,IndicSynth,freevc24,test,opus,8.66,WAV/PCM_16,e31cf10aab77443169a69475943108e8ab57bd48e53ce9bed8f4895427e448c7,08203b1988bf02c5,data/evaluation/robustness_v1/rob_is_hi_freevc24_00733__opus.wav
rob_is_hi_freevc24_00733__telephone,is_hi_freevc24_00733,fake,Hindi,IndicSynth,freevc24,test,telephone,8.66,WAV/PCM_16,377e2a168184bcc5a874b3b4803ecb51565726d805aa37126018f84c524e8b71,08203b1988bf02c5,data/evaluation/robustness_v1/rob_is_hi_freevc24_00733__telephone.wav
rob_is_hi_freevc24_00733__lowpass,is_hi_freevc24_00733,fake,Hindi,IndicSynth,freevc24,test,lowpass,8.66,WAV/PCM_16,1600d9679ab93e2c71160f08c4b6978a17ab8895a1198ea7d0048de72e2345aa,08203b1988bf02c5,data/evaluation/robustness_v1/rob_is_hi_freevc24_00733__lowpass.wav
rob_is_hi_freevc24_00733__multi_codec,is_hi_freevc24_00733,fake,Hindi,IndicSynth,freevc24,test,multi_codec,8.66,WAV/PCM_16,bd782e4525cbf595e1797ebd8f3825b92c321e95db384d7d032a47eb7b6b37a4,08203b1988bf02c5,data/evaluation/robustness_v1/rob_is_hi_freevc24_00733__multi_codec.wav
rob_is_hi_freevc24_00741__mp3,is_hi_freevc24_00741,fake,Hindi,IndicSynth,freevc24,test,mp3,8.66,WAV/PCM_16,287b411b2316ae6fa4587d4eb1ef3b49d6751d0f9a2a2428dac08e801055f190,08203b1988bf02c5,data/evaluation/robustness_v1/rob_is_hi_freevc24_00741__mp3.wav
rob_is_hi_freevc24_00741__opus,is_hi_freevc24_00741,fake,Hindi,IndicSynth,freevc24,test,opus,8.66,WAV/PCM_16,ca2469ad82b0df67e912922153421f6361189d5b9ce0029124b4948465ebe911,08203b1988bf02c5,data/evaluation/robustness_v1/rob_is_hi_freevc24_00741__opus.wav
rob_is_hi_freevc24_00741__telephone,is_hi_freevc24_00741,fake,Hindi,IndicSynth,freevc24,test,telephone,8.66,WAV/PCM_16,4f528b0e991fd966ca7c44deb3506c2d9c094f74feb7ec8bebee08bb1749734d,08203b1988bf02c5,data/evaluation/robustness_v1/rob_is_hi_freevc24_00741__telephone.wav
rob_is_hi_freevc24_00741__lowpass,is_hi_freevc24_00741,fake,Hindi,IndicSynth,freevc24,test,lowpass,8.66,WAV/PCM_16,2e82633424fb04e6a5c6769f62cd73d8660e2ebd3b56f55f3404460a9bb919a4,08203b1988bf02c5,data/evaluation/robustness_v1/rob_is_hi_freevc24_00741__lowpass.wav
rob_is_hi_freevc24_00741__multi_codec,is_hi_freevc24_00741,fake,Hindi,IndicSynth,freevc24,test,multi_codec,8.66,WAV/PCM_16,f126fac54f0bad1cf91d58f039f9bd8cdcf574693ae782638523da7bc0acff55,08203b1988bf02c5,data/evaluation/robustness_v1/rob_is_hi_freevc24_00741__multi_codec.wav
rob_is_hi_freevc24_00746__mp3,is_hi_freevc24_00746,fake,Hindi,IndicSynth,freevc24,test,mp3,8.66,WAV/PCM_16,f06d0607c7ac0abdecfcb381872a23f7357d6f94703fd8b748f1170a9e61a1eb,08203b1988bf02c5,data/evaluation/robustness_v1/rob_is_hi_freevc24_00746__mp3.wav
rob_is_hi_freevc24_00746__opus,is_hi_freevc24_00746,fake,Hindi,IndicSynth,freevc24,test,opus,8.66,WAV/PCM_16,fd42ccb594814909d32e748d22cb92b5b6dc71f83300d7fc0c93759da1267c71,08203b1988bf02c5,data/evaluation/robustness_v1/rob_is_hi_freevc24_00746__opus.wav
rob_is_hi_freevc24_00746__telephone,is_hi_freevc24_00746,fake,Hindi,IndicSynth,freevc24,test,telephone,8.66,WAV/PCM_16,306cc3706795e0dab9b906c20ac34928923caff875262c43091c38ecdb76247d,08203b1988bf02c5,data/evaluation/robustness_v1/rob_is_hi_freevc24_00746__telephone.wav
rob_is_hi_freevc24_00746__lowpass,is_hi_freevc24_00746,fake,Hindi,IndicSynth,freevc24,test,lowpass,8.66,WAV/PCM_16,1055a828b7f707f730dfefeeaa50bc2f4b66218f73f4e0fac47330bb0fdc3dbd,08203b1988bf02c5,data/evaluation/robustness_v1/rob_is_hi_freevc24_00746__lowpass.wav
rob_is_hi_freevc24_00746__multi_codec,is_hi_freevc24_00746,fake,Hindi,IndicSynth,freevc24,test,multi_codec,8.66,WAV/PCM_16,2b78698df7906afbc29b8af4e76c3ad15df0ca60c4d1d484e450729bd20c21f1,08203b1988bf02c5,data/evaluation/robustness_v1/rob_is_hi_freevc24_00746__multi_codec.wav
rob_is_hi_freevc24_00773__mp3,is_hi_freevc24_00773,fake,Hindi,IndicSynth,freevc24,test,mp3,6.96,WAV/PCM_16,a5172fcff3682de9bcf477209ccb9fead285039e2a000eb9555093524f9a79c8,801f722e219c7151,data/evaluation/robustness_v1/rob_is_hi_freevc24_00773__mp3.wav
rob_is_hi_freevc24_00773__opus,is_hi_freevc24_00773,fake,Hindi,IndicSynth,freevc24,test,opus,6.96,WAV/PCM_16,ff046faaebf4f6e0d3d04c9d85c7b8c3cb1bc263f31686e18178292f18032eb8,801f722e219c7151,data/evaluation/robustness_v1/rob_is_hi_freevc24_00773__opus.wav
rob_is_hi_freevc24_00773__telephone,is_hi_freevc24_00773,fake,Hindi,IndicSynth,freevc24,test,telephone,6.96,WAV/PCM_16,4d9a7d527b6dab1dcd0a4c31859f4b043ac2e6f4da120a29fcfb6a2e1a2da9d5,801f722e219c7151,data/evaluation/robustness_v1/rob_is_hi_freevc24_00773__telephone.wav
rob_is_hi_freevc24_00773__lowpass,is_hi_freevc24_00773,fake,Hindi,IndicSynth,freevc24,test,lowpass,6.96,WAV/PCM_16,be2f22cea51ed2a8cd35b38b3b847b0e4f85ffe6113f6a8ae9e9de60ed2bf2de,801f722e219c7151,data/evaluation/robustness_v1/rob_is_hi_freevc24_00773__lowpass.wav
rob_is_hi_freevc24_00773__multi_codec,is_hi_freevc24_00773,fake,Hindi,IndicSynth,freevc24,test,multi_codec,6.96,WAV/PCM_16,d321aa1252edba922b799bed9af2b42fdbed045429bcf7c9ff70ce9fc535d276,801f722e219c7151,data/evaluation/robustness_v1/rob_is_hi_freevc24_00773__multi_codec.wav
rob_is_hi_freevc24_00775__mp3,is_hi_freevc24_00775,fake,Hindi,IndicSynth,freevc24,test,mp3,6.96,WAV/PCM_16,24b5d71de4b741b0e02056e6058c50139c536c81c0505645d5415b77914ba610,801f722e219c7151,data/evaluation/robustness_v1/rob_is_hi_freevc24_00775__mp3.wav
rob_is_hi_freevc24_00775__opus,is_hi_freevc24_00775,fake,Hindi,IndicSynth,freevc24,test,opus,6.96,WAV/PCM_16,502f77e7d460009218e3ab2e07f4b03f2770b699e9332ee89f5cf31f0e91c5f4,801f722e219c7151,data/evaluation/robustness_v1/rob_is_hi_freevc24_00775__opus.wav
rob_is_hi_freevc24_00775__telephone,is_hi_freevc24_00775,fake,Hindi,IndicSynth,freevc24,test,telephone,6.96,WAV/PCM_16,8c922d132fe1a4751eb23a81857ecbfcb8b3de52f2945c015617134d24a0b467,801f722e219c7151,data/evaluation/robustness_v1/rob_is_hi_freevc24_00775__telephone.wav
rob_is_hi_freevc24_00775__lowpass,is_hi_freevc24_00775,fake,Hindi,IndicSynth,freevc24,test,lowpass,6.96,WAV/PCM_16,fa36c84c148875b01e1f1c2dfd9576fab116b93574b1ee18f416c35620be4aa9,801f722e219c7151,data/evaluation/robustness_v1/rob_is_hi_freevc24_00775__lowpass.wav
rob_is_hi_freevc24_00775__multi_codec,is_hi_freevc24_00775,fake,Hindi,IndicSynth,freevc24,test,multi_codec,6.96,WAV/PCM_16,7e082d539945c4370c6a306b8436ae2f1c3405a5b1b7a2e57036a8dce3a41e4a,801f722e219c7151,data/evaluation/robustness_v1/rob_is_hi_freevc24_00775__multi_codec.wav
rob_is_hi_freevc24_00802__mp3,is_hi_freevc24_00802,fake,Hindi,IndicSynth,freevc24,test,mp3,5.02,WAV/PCM_16,417941fd93e6283ab2f54b0f1a68ce95676ac8b8c3a59e634505f945b01ed358,065088b19825160f,data/evaluation/robustness_v1/rob_is_hi_freevc24_00802__mp3.wav
rob_is_hi_freevc24_00802__opus,is_hi_freevc24_00802,fake,Hindi,IndicSynth,freevc24,test,opus,5.02,WAV/PCM_16,329d39c18a5d80a31cca531d61ba34561ac658fbe96fc380b4118ff143535303,065088b19825160f,data/evaluation/robustness_v1/rob_is_hi_freevc24_00802__opus.wav
rob_is_hi_freevc24_00802__telephone,is_hi_freevc24_00802,fake,Hindi,IndicSynth,freevc24,test,telephone,5.02,WAV/PCM_16,9eca23a81c9b63f2aff83e6184140983a7503620505c8c4a1e5a7ec9b117cfe4,065088b19825160f,data/evaluation/robustness_v1/rob_is_hi_freevc24_00802__telephone.wav
rob_is_hi_freevc24_00802__lowpass,is_hi_freevc24_00802,fake,Hindi,IndicSynth,freevc24,test,lowpass,5.02,WAV/PCM_16,1cc2b19df609e46d0371ef21fe510425224612bac109f1fab1a81ae3be9712c1,065088b19825160f,data/evaluation/robustness_v1/rob_is_hi_freevc24_00802__lowpass.wav
rob_is_hi_freevc24_00802__multi_codec,is_hi_freevc24_00802,fake,Hindi,IndicSynth,freevc24,test,multi_codec,5.02,WAV/PCM_16,85332aa135e996da31170db2f736138f004bcb33152a8b0848c93c8d1c44d805,065088b19825160f,data/evaluation/robustness_v1/rob_is_hi_freevc24_00802__multi_codec.wav
rob_is_hi_freevc24_00805__mp3,is_hi_freevc24_00805,fake,Hindi,IndicSynth,freevc24,test,mp3,5.02,WAV/PCM_16,632d40fb8fd141b0e4d530420d31ce9973c50487fbdb8fef80a6a5a64225c617,065088b19825160f,data/evaluation/robustness_v1/rob_is_hi_freevc24_00805__mp3.wav
rob_is_hi_freevc24_00805__opus,is_hi_freevc24_00805,fake,Hindi,IndicSynth,freevc24,test,opus,5.02,WAV/PCM_16,a188575a6662b8b9e43bfc760e5220e7724accbcc9ecc13ba4a9510b9b8dc6f0,065088b19825160f,data/evaluation/robustness_v1/rob_is_hi_freevc24_00805__opus.wav
rob_is_hi_freevc24_00805__telephone,is_hi_freevc24_00805,fake,Hindi,IndicSynth,freevc24,test,telephone,5.02,WAV/PCM_16,789743e46df2eeb01832e3cbd828025a049d19ec734e1b57b0507aa5195f7fac,065088b19825160f,data/evaluation/robustness_v1/rob_is_hi_freevc24_00805__telephone.wav
rob_is_hi_freevc24_00805__lowpass,is_hi_freevc24_00805,fake,Hindi,IndicSynth,freevc24,test,lowpass,5.02,WAV/PCM_16,2eb6760369bd62b209f22d5535009f03fc43466dc114444f66aa2090095fbc13,065088b19825160f,data/evaluation/robustness_v1/rob_is_hi_freevc24_00805__lowpass.wav
rob_is_hi_freevc24_00805__multi_codec,is_hi_freevc24_00805,fake,Hindi,IndicSynth,freevc24,test,multi_codec,5.02,WAV/PCM_16,262bc7725e572f900a2127eb4c866a8a1ac432b1fe922c1b9e69f0447e4ed027,065088b19825160f,data/evaluation/robustness_v1/rob_is_hi_freevc24_00805__multi_codec.wav
rob_is_hi_freevc24_00806__mp3,is_hi_freevc24_00806,fake,Hindi,IndicSynth,freevc24,test,mp3,5.02,WAV/PCM_16,96004b21fdbcdb5631649adaaee55b4ceb5e4bdd3b7f286940717970bd50bacd,065088b19825160f,data/evaluation/robustness_v1/rob_is_hi_freevc24_00806__mp3.wav
rob_is_hi_freevc24_00806__opus,is_hi_freevc24_00806,fake,Hindi,IndicSynth,freevc24,test,opus,5.02,WAV/PCM_16,81f10d486d1c19c373449968be5c0415b15f3fcb08d55719784d9d2f5ffb6828,065088b19825160f,data/evaluation/robustness_v1/rob_is_hi_freevc24_00806__opus.wav
rob_is_hi_freevc24_00806__telephone,is_hi_freevc24_00806,fake,Hindi,IndicSynth,freevc24,test,telephone,5.02,WAV/PCM_16,d14993c674e1f648c1947b73048400b58a45d2f52f9af7b296ad45301802b90c,065088b19825160f,data/evaluation/robustness_v1/rob_is_hi_freevc24_00806__telephone.wav
rob_is_hi_freevc24_00806__lowpass,is_hi_freevc24_00806,fake,Hindi,IndicSynth,freevc24,test,lowpass,5.02,WAV/PCM_16,c89019f11112092900f8828cfdc30d0c1ed23d4f48e55cc77a1252aac1b39d1d,065088b19825160f,data/evaluation/robustness_v1/rob_is_hi_freevc24_00806__lowpass.wav
rob_is_hi_freevc24_00806__multi_codec,is_hi_freevc24_00806,fake,Hindi,IndicSynth,freevc24,test,multi_codec,5.02,WAV/PCM_16,635d4fd76096a66cd67f58a8cad6fb7f99485faabfe6b30dfbe29c865003e7eb,065088b19825160f,data/evaluation/robustness_v1/rob_is_hi_freevc24_00806__multi_codec.wav
rob_is_hi_freevc24_00839__mp3,is_hi_freevc24_00839,fake,Hindi,IndicSynth,freevc24,test,mp3,7.22,WAV/PCM_16,a1edcfd6d9a681ccf0aef1059977cc1474eff60eb450b7f943d6678e1e7c1c2d,487158a759799c17,data/evaluation/robustness_v1/rob_is_hi_freevc24_00839__mp3.wav
rob_is_hi_freevc24_00839__opus,is_hi_freevc24_00839,fake,Hindi,IndicSynth,freevc24,test,opus,7.22,WAV/PCM_16,f5ad06c98f92fe6df4f0ab8c7db113ab3e7a91fca1ef307cd2469393274e5114,487158a759799c17,data/evaluation/robustness_v1/rob_is_hi_freevc24_00839__opus.wav
rob_is_hi_freevc24_00839__telephone,is_hi_freevc24_00839,fake,Hindi,IndicSynth,freevc24,test,telephone,7.22,WAV/PCM_16,bb63a7245920153df2c308e01b5df2a6cd2f533bf50c20344d07af32ef0f48e2,487158a759799c17,data/evaluation/robustness_v1/rob_is_hi_freevc24_00839__telephone.wav
rob_is_hi_freevc24_00839__lowpass,is_hi_freevc24_00839,fake,Hindi,IndicSynth,freevc24,test,lowpass,7.22,WAV/PCM_16,ed2e3bbaa8b2a387b115c3321c144d587d245f40486f87d305ac22ff60ea5911,487158a759799c17,data/evaluation/robustness_v1/rob_is_hi_freevc24_00839__lowpass.wav
rob_is_hi_freevc24_00839__multi_codec,is_hi_freevc24_00839,fake,Hindi,IndicSynth,freevc24,test,multi_codec,7.22,WAV/PCM_16,6c81bddf3aeeecf9b9af36352c664ebd6ce9f2c6fce888d8d245f2255af3b56a,487158a759799c17,data/evaluation/robustness_v1/rob_is_hi_freevc24_00839__multi_codec.wav
rob_is_hi_freevc24_00840__mp3,is_hi_freevc24_00840,fake,Hindi,IndicSynth,freevc24,test,mp3,7.22,WAV/PCM_16,0754888b7faf4d24a035ad12c850dbf0524703b4e3e15c81beb240b7e8f8fe46,487158a759799c17,data/evaluation/robustness_v1/rob_is_hi_freevc24_00840__mp3.wav
rob_is_hi_freevc24_00840__opus,is_hi_freevc24_00840,fake,Hindi,IndicSynth,freevc24,test,opus,7.22,WAV/PCM_16,11f3a1943e0096dce73d52afc7492b6da2c5200acfac9e3549f34142fc930af5,487158a759799c17,data/evaluation/robustness_v1/rob_is_hi_freevc24_00840__opus.wav
rob_is_hi_freevc24_00840__telephone,is_hi_freevc24_00840,fake,Hindi,IndicSynth,freevc24,test,telephone,7.22,WAV/PCM_16,bd813c9b8da7205a04c101d71dbe735cbaa49a948665df654a2c50001eb7fcf2,487158a759799c17,data/evaluation/robustness_v1/rob_is_hi_freevc24_00840__telephone.wav
rob_is_hi_freevc24_00840__lowpass,is_hi_freevc24_00840,fake,Hindi,IndicSynth,freevc24,test,lowpass,7.22,WAV/PCM_16,2ada306c9047b339ca2ae25467d42a94255a99b92c171d5077d49fd31874bde6,487158a759799c17,data/evaluation/robustness_v1/rob_is_hi_freevc24_00840__lowpass.wav
rob_is_hi_freevc24_00840__multi_codec,is_hi_freevc24_00840,fake,Hindi,IndicSynth,freevc24,test,multi_codec,7.22,WAV/PCM_16,81f482d3b2bab6c76d664b81b706f4a0adb931fd274808fa0814905301229aaf,487158a759799c17,data/evaluation/robustness_v1/rob_is_hi_freevc24_00840__multi_codec.wav
rob_is_hi_freevc24_00931__mp3,is_hi_freevc24_00931,fake,Hindi,IndicSynth,freevc24,test,mp3,6.54,WAV/PCM_16,7920e6b6300ece6b38cf674d189194252318ca56d816c0affa6d6a0da11cdab1,4d367cd52c41eb30,data/evaluation/robustness_v1/rob_is_hi_freevc24_00931__mp3.wav
rob_is_hi_freevc24_00931__opus,is_hi_freevc24_00931,fake,Hindi,IndicSynth,freevc24,test,opus,6.54,WAV/PCM_16,52de5cecc410d44d7fcf6a00ffb73aa2c68e2464dd09638b2abd0974c5a9f3a0,4d367cd52c41eb30,data/evaluation/robustness_v1/rob_is_hi_freevc24_00931__opus.wav
rob_is_hi_freevc24_00931__telephone,is_hi_freevc24_00931,fake,Hindi,IndicSynth,freevc24,test,telephone,6.54,WAV/PCM_16,e84c96b4457342f2db4611eb38b49b947cd28090ac3c335cc29086b55dbffd12,4d367cd52c41eb30,data/evaluation/robustness_v1/rob_is_hi_freevc24_00931__telephone.wav
rob_is_hi_freevc24_00931__lowpass,is_hi_freevc24_00931,fake,Hindi,IndicSynth,freevc24,test,lowpass,6.54,WAV/PCM_16,6f211dc0d970d69fcc3adc1af8d20bd47c26a0787bde78ed61de5bdeb3b35c66,4d367cd52c41eb30,data/evaluation/robustness_v1/rob_is_hi_freevc24_00931__lowpass.wav
rob_is_hi_freevc24_00931__multi_codec,is_hi_freevc24_00931,fake,Hindi,IndicSynth,freevc24,test,multi_codec,6.54,WAV/PCM_16,af1c6a809522bab9b2144facf4705466ddb2bb855f2132986cded809b9683d56,4d367cd52c41eb30,data/evaluation/robustness_v1/rob_is_hi_freevc24_00931__multi_codec.wav
rob_is_hi_freevc24_00934__mp3,is_hi_freevc24_00934,fake,Hindi,IndicSynth,freevc24,test,mp3,6.54,WAV/PCM_16,d830c26b0dbf20550da4dbd08ab97b8f0c45ff8241b5966961080d3936c045ab,4d367cd52c41eb30,data/evaluation/robustness_v1/rob_is_hi_freevc24_00934__mp3.wav
rob_is_hi_freevc24_00934__opus,is_hi_freevc24_00934,fake,Hindi,IndicSynth,freevc24,test,opus,6.54,WAV/PCM_16,bd1e47f2d95e4fcf22232f7c2b875f46f13f60bfae855aafc2b222f81e7e7f9d,4d367cd52c41eb30,data/evaluation/robustness_v1/rob_is_hi_freevc24_00934__opus.wav
rob_is_hi_freevc24_00934__telephone,is_hi_freevc24_00934,fake,Hindi,IndicSynth,freevc24,test,telephone,6.54,WAV/PCM_16,d600a27c0ef0f919fd38e7e863f5a95ae97bcf81d7ad2d0c94226704612611b3,4d367cd52c41eb30,data/evaluation/robustness_v1/rob_is_hi_freevc24_00934__telephone.wav
rob_is_hi_freevc24_00934__lowpass,is_hi_freevc24_00934,fake,Hindi,IndicSynth,freevc24,test,lowpass,6.54,WAV/PCM_16,e4d7574fe894c7e69d32fa764df013fab6555ea7e0fcbcb36c8103edeca6a53c,4d367cd52c41eb30,data/evaluation/robustness_v1/rob_is_hi_freevc24_00934__lowpass.wav
rob_is_hi_freevc24_00934__multi_codec,is_hi_freevc24_00934,fake,Hindi,IndicSynth,freevc24,test,multi_codec,6.54,WAV/PCM_16,2eda2852d2462bed67e1ce5c19d07826439dd4b3150d23cc11b64d74a2142faf,4d367cd52c41eb30,data/evaluation/robustness_v1/rob_is_hi_freevc24_00934__multi_codec.wav
rob_is_hi_freevc24_00940__mp3,is_hi_freevc24_00940,fake,Hindi,IndicSynth,freevc24,test,mp3,6.54,WAV/PCM_16,8684398f6209477ae157049a6bd040ed571abd6a200db79c763cb077cce927c3,4d367cd52c41eb30,data/evaluation/robustness_v1/rob_is_hi_freevc24_00940__mp3.wav
rob_is_hi_freevc24_00940__opus,is_hi_freevc24_00940,fake,Hindi,IndicSynth,freevc24,test,opus,6.54,WAV/PCM_16,5cba640f3e0a12b18e521116ea342d041e3aae9d06775f3b8b084cb7dcc81dec,4d367cd52c41eb30,data/evaluation/robustness_v1/rob_is_hi_freevc24_00940__opus.wav
rob_is_hi_freevc24_00940__telephone,is_hi_freevc24_00940,fake,Hindi,IndicSynth,freevc24,test,telephone,6.54,WAV/PCM_16,33154298e927e6e49e133d17926cb1e4f938b195cd09b3d2a0ae2d0d20ca5532,4d367cd52c41eb30,data/evaluation/robustness_v1/rob_is_hi_freevc24_00940__telephone.wav
rob_is_hi_freevc24_00940__lowpass,is_hi_freevc24_00940,fake,Hindi,IndicSynth,freevc24,test,lowpass,6.54,WAV/PCM_16,5796e477030d5b433c8ab860d35f75ebf6201c1af11b15e6f024aa602e41776d,4d367cd52c41eb30,data/evaluation/robustness_v1/rob_is_hi_freevc24_00940__lowpass.wav
rob_is_hi_freevc24_00940__multi_codec,is_hi_freevc24_00940,fake,Hindi,IndicSynth,freevc24,test,multi_codec,6.54,WAV/PCM_16,f6900e2487cecb2c4ad1bd80a4cbb33513ffc02237193edeb74e297885b3f9a6,4d367cd52c41eb30,data/evaluation/robustness_v1/rob_is_hi_freevc24_00940__multi_codec.wav
rob_is_hi_freevc24_00941__mp3,is_hi_freevc24_00941,fake,Hindi,IndicSynth,freevc24,test,mp3,6.54,WAV/PCM_16,6f1ff6bbcb0c09db91ff11a841daaf3320015c9cc42addbee68c4b3e2a839d56,4d367cd52c41eb30,data/evaluation/robustness_v1/rob_is_hi_freevc24_00941__mp3.wav
rob_is_hi_freevc24_00941__opus,is_hi_freevc24_00941,fake,Hindi,IndicSynth,freevc24,test,opus,6.54,WAV/PCM_16,f2e757150d3b283e681aeb083b8917fe4bf724b8b24fe663ebc00315914f5136,4d367cd52c41eb30,data/evaluation/robustness_v1/rob_is_hi_freevc24_00941__opus.wav
rob_is_hi_freevc24_00941__telephone,is_hi_freevc24_00941,fake,Hindi,IndicSynth,freevc24,test,telephone,6.54,WAV/PCM_16,ff5fb1900d93c5d5638372f7b3254b2d283acfb367be41612da91f62610f5f99,4d367cd52c41eb30,data/evaluation/robustness_v1/rob_is_hi_freevc24_00941__telephone.wav
rob_is_hi_freevc24_00941__lowpass,is_hi_freevc24_00941,fake,Hindi,IndicSynth,freevc24,test,lowpass,6.54,WAV/PCM_16,4d173e37c7cccfdd3125698eddaa796e35ea0a9976c38740878c85df7253538c,4d367cd52c41eb30,data/evaluation/robustness_v1/rob_is_hi_freevc24_00941__lowpass.wav
rob_is_hi_freevc24_00941__multi_codec,is_hi_freevc24_00941,fake,Hindi,IndicSynth,freevc24,test,multi_codec,6.54,WAV/PCM_16,cab5dfdf986b818f21dff8aff75b572fbc30574a539acface81528135c6a4074,4d367cd52c41eb30,data/evaluation/robustness_v1/rob_is_hi_freevc24_00941__multi_codec.wav
rob_is_hi_freevc24_01096__mp3,is_hi_freevc24_01096,fake,Hindi,IndicSynth,freevc24,test,mp3,4.8,WAV/PCM_16,d40357e4c3dd4a48ca4c37e7cb905392c217d28a2c1534653baaa82c8bf4633b,85930fc4a3d85bee,data/evaluation/robustness_v1/rob_is_hi_freevc24_01096__mp3.wav
rob_is_hi_freevc24_01096__opus,is_hi_freevc24_01096,fake,Hindi,IndicSynth,freevc24,test,opus,4.8,WAV/PCM_16,0ff20a0825b7b2f1c930bf6354e214c9a47822b39e6ce47833102c492c1f7470,85930fc4a3d85bee,data/evaluation/robustness_v1/rob_is_hi_freevc24_01096__opus.wav
rob_is_hi_freevc24_01096__telephone,is_hi_freevc24_01096,fake,Hindi,IndicSynth,freevc24,test,telephone,4.8,WAV/PCM_16,2a60c72b55cdcf45154606a4766cdf1c26a7d6673ae79089a32dfbdabd7faf37,85930fc4a3d85bee,data/evaluation/robustness_v1/rob_is_hi_freevc24_01096__telephone.wav
rob_is_hi_freevc24_01096__lowpass,is_hi_freevc24_01096,fake,Hindi,IndicSynth,freevc24,test,lowpass,4.8,WAV/PCM_16,d46c01fe56401b1cfb88d0c8fb597b3af184de25246b94335adba7028cee5dc0,85930fc4a3d85bee,data/evaluation/robustness_v1/rob_is_hi_freevc24_01096__lowpass.wav
rob_is_hi_freevc24_01096__multi_codec,is_hi_freevc24_01096,fake,Hindi,IndicSynth,freevc24,test,multi_codec,4.8,WAV/PCM_16,77d8ee3954cdc6410759dfacbc815576d9eea40e04d3e98c82ddb51a74259e55,85930fc4a3d85bee,data/evaluation/robustness_v1/rob_is_hi_freevc24_01096__multi_codec.wav
rob_is_hi_freevc24_01099__mp3,is_hi_freevc24_01099,fake,Hindi,IndicSynth,freevc24,test,mp3,4.8,WAV/PCM_16,31265540fb0c06c1f5836a02dbbf46dc02154a9a1def558b3724114e68bac95c,85930fc4a3d85bee,data/evaluation/robustness_v1/rob_is_hi_freevc24_01099__mp3.wav
rob_is_hi_freevc24_01099__opus,is_hi_freevc24_01099,fake,Hindi,IndicSynth,freevc24,test,opus,4.8,WAV/PCM_16,d8945b1ade8f0992ec499bfefc1e861243f3dfaba1617d92df730df145dcbf59,85930fc4a3d85bee,data/evaluation/robustness_v1/rob_is_hi_freevc24_01099__opus.wav
rob_is_hi_freevc24_01099__telephone,is_hi_freevc24_01099,fake,Hindi,IndicSynth,freevc24,test,telephone,4.8,WAV/PCM_16,527090e4f78a8bf946c8bd299abec7fa7c5479c53a6b1461f99d8eb4a10e9f0d,85930fc4a3d85bee,data/evaluation/robustness_v1/rob_is_hi_freevc24_01099__telephone.wav
rob_is_hi_freevc24_01099__lowpass,is_hi_freevc24_01099,fake,Hindi,IndicSynth,freevc24,test,lowpass,4.8,WAV/PCM_16,cbafd9d5d81db073f5bdf25f9ca56f6cce3408093fdd7f026ebdbfe970c39c0d,85930fc4a3d85bee,data/evaluation/robustness_v1/rob_is_hi_freevc24_01099__lowpass.wav
rob_is_hi_freevc24_01099__multi_codec,is_hi_freevc24_01099,fake,Hindi,IndicSynth,freevc24,test,multi_codec,4.8,WAV/PCM_16,b108e4d1ed3f0073036785ff70734a2bcc07f6738d038f6cbad692b298272110,85930fc4a3d85bee,data/evaluation/robustness_v1/rob_is_hi_freevc24_01099__multi_codec.wav
rob_is_hi_freevc24_01135__mp3,is_hi_freevc24_01135,fake,Hindi,IndicSynth,freevc24,test,mp3,4.32,WAV/PCM_16,dbaa6b3d6ee8a4a78349ea9c542e23e776c960d29b3f8bf7eb18d5ef32995469,d39405010dd4d18a,data/evaluation/robustness_v1/rob_is_hi_freevc24_01135__mp3.wav
rob_is_hi_freevc24_01135__opus,is_hi_freevc24_01135,fake,Hindi,IndicSynth,freevc24,test,opus,4.32,WAV/PCM_16,8fa5ece5e91a531afef464c1c9d5c3a6b38f85f434ba982d919699e41cc1d718,d39405010dd4d18a,data/evaluation/robustness_v1/rob_is_hi_freevc24_01135__opus.wav
rob_is_hi_freevc24_01135__telephone,is_hi_freevc24_01135,fake,Hindi,IndicSynth,freevc24,test,telephone,4.32,WAV/PCM_16,409062f56dba534899f62b39873317e714d9c3a102d5f4792dea423074194bd2,d39405010dd4d18a,data/evaluation/robustness_v1/rob_is_hi_freevc24_01135__telephone.wav
rob_is_hi_freevc24_01135__lowpass,is_hi_freevc24_01135,fake,Hindi,IndicSynth,freevc24,test,lowpass,4.32,WAV/PCM_16,fb1c885e971c98690660581859cdcd51359b937f9505e03b5fe9c0744c81d8e4,d39405010dd4d18a,data/evaluation/robustness_v1/rob_is_hi_freevc24_01135__lowpass.wav
rob_is_hi_freevc24_01135__multi_codec,is_hi_freevc24_01135,fake,Hindi,IndicSynth,freevc24,test,multi_codec,4.32,WAV/PCM_16,26b9bb6f74dc064a82feb983eb3b7c722e45821a0c14f69647f2551e3ee36e95,d39405010dd4d18a,data/evaluation/robustness_v1/rob_is_hi_freevc24_01135__multi_codec.wav
rob_is_hi_freevc24_01142__mp3,is_hi_freevc24_01142,fake,Hindi,IndicSynth,freevc24,test,mp3,4.32,WAV/PCM_16,9665d97d65d2a9655c75d719c95769f6db148b160c74f48c31e872f74afd5d0a,d39405010dd4d18a,data/evaluation/robustness_v1/rob_is_hi_freevc24_01142__mp3.wav
rob_is_hi_freevc24_01142__opus,is_hi_freevc24_01142,fake,Hindi,IndicSynth,freevc24,test,opus,4.32,WAV/PCM_16,801231565954227a7d747cb9ed0a5527fa8d32be8d5be179fcf4a116bdf954af,d39405010dd4d18a,data/evaluation/robustness_v1/rob_is_hi_freevc24_01142__opus.wav
rob_is_hi_freevc24_01142__telephone,is_hi_freevc24_01142,fake,Hindi,IndicSynth,freevc24,test,telephone,4.32,WAV/PCM_16,741223a5eee708522b9d82e15298f91ad65469bc9bf67e5077b55d078fb7e348,d39405010dd4d18a,data/evaluation/robustness_v1/rob_is_hi_freevc24_01142__telephone.wav
rob_is_hi_freevc24_01142__lowpass,is_hi_freevc24_01142,fake,Hindi,IndicSynth,freevc24,test,lowpass,4.32,WAV/PCM_16,62e0440a3b671c6f133f29b6738590791e5d093dd025f5cb75fe9159e427d6ae,d39405010dd4d18a,data/evaluation/robustness_v1/rob_is_hi_freevc24_01142__lowpass.wav
rob_is_hi_freevc24_01142__multi_codec,is_hi_freevc24_01142,fake,Hindi,IndicSynth,freevc24,test,multi_codec,4.32,WAV/PCM_16,8e3e90980d18d136c24b724cf49c9a1447714430c8e85ed1b501399ad0bd4831,d39405010dd4d18a,data/evaluation/robustness_v1/rob_is_hi_freevc24_01142__multi_codec.wav
rob_is_hi_freevc24_01147__mp3,is_hi_freevc24_01147,fake,Hindi,IndicSynth,freevc24,test,mp3,4.32,WAV/PCM_16,92b0401aeb78a52006cb27105d9c8a938e12a30206c844cd5745930c47823c7e,d39405010dd4d18a,data/evaluation/robustness_v1/rob_is_hi_freevc24_01147__mp3.wav
rob_is_hi_freevc24_01147__opus,is_hi_freevc24_01147,fake,Hindi,IndicSynth,freevc24,test,opus,4.32,WAV/PCM_16,69bd89d106b910c20f1c6be3f90a1a97dd79fb03b48d3f05f7a24b655539bc44,d39405010dd4d18a,data/evaluation/robustness_v1/rob_is_hi_freevc24_01147__opus.wav
rob_is_hi_freevc24_01147__telephone,is_hi_freevc24_01147,fake,Hindi,IndicSynth,freevc24,test,telephone,4.32,WAV/PCM_16,bcad8c38a1631c9ec8b9b3f778a345033a8801c5136b3680fdbaa645c01cd367,d39405010dd4d18a,data/evaluation/robustness_v1/rob_is_hi_freevc24_01147__telephone.wav
rob_is_hi_freevc24_01147__lowpass,is_hi_freevc24_01147,fake,Hindi,IndicSynth,freevc24,test,lowpass,4.32,WAV/PCM_16,4eb8f09ab801ffe8e45f38081c79fe666d6cf4e53357344aa9e3130fa9c11e39,d39405010dd4d18a,data/evaluation/robustness_v1/rob_is_hi_freevc24_01147__lowpass.wav
rob_is_hi_freevc24_01147__multi_codec,is_hi_freevc24_01147,fake,Hindi,IndicSynth,freevc24,test,multi_codec,4.32,WAV/PCM_16,334f85a6ac5b86cc6d9dbf9935bb2276f15d85d495147213baaa2ba0ff394664,d39405010dd4d18a,data/evaluation/robustness_v1/rob_is_hi_freevc24_01147__multi_codec.wav
rob_is_hi_freevc24_01176__mp3,is_hi_freevc24_01176,fake,Hindi,IndicSynth,freevc24,test,mp3,5.32,WAV/PCM_16,82029a90daa1574f51231e83a7f3bbb416fc1131067419f375d4f604533f70e3,4d367cd52c41eb30,data/evaluation/robustness_v1/rob_is_hi_freevc24_01176__mp3.wav
rob_is_hi_freevc24_01176__opus,is_hi_freevc24_01176,fake,Hindi,IndicSynth,freevc24,test,opus,5.32,WAV/PCM_16,cc8e1692e7f17cba5c4e83744d5b55b3537d820617c06e20c715b6482d048c98,4d367cd52c41eb30,data/evaluation/robustness_v1/rob_is_hi_freevc24_01176__opus.wav
rob_is_hi_freevc24_01176__telephone,is_hi_freevc24_01176,fake,Hindi,IndicSynth,freevc24,test,telephone,5.32,WAV/PCM_16,ba44d36a1bee84a9606b68410d27fbb6cefad9463a2ca0360fc9a7a0c08b88ce,4d367cd52c41eb30,data/evaluation/robustness_v1/rob_is_hi_freevc24_01176__telephone.wav
rob_is_hi_freevc24_01176__lowpass,is_hi_freevc24_01176,fake,Hindi,IndicSynth,freevc24,test,lowpass,5.32,WAV/PCM_16,2017e0dcc09048d4daf3727cff1929fc2f6ea2f8a0f8161f23f08ddca8b9c17e,4d367cd52c41eb30,data/evaluation/robustness_v1/rob_is_hi_freevc24_01176__lowpass.wav
rob_is_hi_freevc24_01176__multi_codec,is_hi_freevc24_01176,fake,Hindi,IndicSynth,freevc24,test,multi_codec,5.32,WAV/PCM_16,26da79db72d96c570f2183ee3509e600993550f92b98721eb8cbad2d9c2fbc91,4d367cd52c41eb30,data/evaluation/robustness_v1/rob_is_hi_freevc24_01176__multi_codec.wav
rob_is_hi_freevc24_01179__mp3,is_hi_freevc24_01179,fake,Hindi,IndicSynth,freevc24,test,mp3,5.32,WAV/PCM_16,01519ce4b911ef67307af91d4fb19ef31f0e8a838132b5e5036ead27ee9f7c4a,4d367cd52c41eb30,data/evaluation/robustness_v1/rob_is_hi_freevc24_01179__mp3.wav
rob_is_hi_freevc24_01179__opus,is_hi_freevc24_01179,fake,Hindi,IndicSynth,freevc24,test,opus,5.32,WAV/PCM_16,8ec190a919240d4734cf84d4ad836f7e761d13f2fd128f7c726fbe9552b5009e,4d367cd52c41eb30,data/evaluation/robustness_v1/rob_is_hi_freevc24_01179__opus.wav
rob_is_hi_freevc24_01179__telephone,is_hi_freevc24_01179,fake,Hindi,IndicSynth,freevc24,test,telephone,5.32,WAV/PCM_16,d0657d25f7ae8a87ce90cf5561664a4293dcdeb63b8ca78af50f0eefb5cc416a,4d367cd52c41eb30,data/evaluation/robustness_v1/rob_is_hi_freevc24_01179__telephone.wav
rob_is_hi_freevc24_01179__lowpass,is_hi_freevc24_01179,fake,Hindi,IndicSynth,freevc24,test,lowpass,5.32,WAV/PCM_16,b192dcabd4ffe61dcdff48316f64dbc80f4dbde5134fb496a1e70e1cc0ac149b,4d367cd52c41eb30,data/evaluation/robustness_v1/rob_is_hi_freevc24_01179__lowpass.wav
rob_is_hi_freevc24_01179__multi_codec,is_hi_freevc24_01179,fake,Hindi,IndicSynth,freevc24,test,multi_codec,5.32,WAV/PCM_16,050e8788a90e84fad645f8763c48567eb319d38db3861a45db6ecdca7cd3f76b,4d367cd52c41eb30,data/evaluation/robustness_v1/rob_is_hi_freevc24_01179__multi_codec.wav
rob_is_hi_freevc24_01252__mp3,is_hi_freevc24_01252,fake,Hindi,IndicSynth,freevc24,test,mp3,7.1,WAV/PCM_16,7f5a2d5cc832a03588e7f22bd6c57a226d8363adabbcc3440acdc93380c5037c,79275f2b4c13ed9d,data/evaluation/robustness_v1/rob_is_hi_freevc24_01252__mp3.wav
rob_is_hi_freevc24_01252__opus,is_hi_freevc24_01252,fake,Hindi,IndicSynth,freevc24,test,opus,7.1,WAV/PCM_16,4c82cf7bac8f68bdf6fe5e505a233266f5e4bde60a7343646081fb36b40087bd,79275f2b4c13ed9d,data/evaluation/robustness_v1/rob_is_hi_freevc24_01252__opus.wav
rob_is_hi_freevc24_01252__telephone,is_hi_freevc24_01252,fake,Hindi,IndicSynth,freevc24,test,telephone,7.1,WAV/PCM_16,2a7892b8fe4bf90a691cff41aec42f60bdcee843a8e9cd45d7dd6311f95650b4,79275f2b4c13ed9d,data/evaluation/robustness_v1/rob_is_hi_freevc24_01252__telephone.wav
rob_is_hi_freevc24_01252__lowpass,is_hi_freevc24_01252,fake,Hindi,IndicSynth,freevc24,test,lowpass,7.1,WAV/PCM_16,5ee32a840b5dc3293b618bfa6cdd9a837bb339c752abf6d2627a376ff0461588,79275f2b4c13ed9d,data/evaluation/robustness_v1/rob_is_hi_freevc24_01252__lowpass.wav
rob_is_hi_freevc24_01252__multi_codec,is_hi_freevc24_01252,fake,Hindi,IndicSynth,freevc24,test,multi_codec,7.1,WAV/PCM_16,4cf9faa045cb41d0a1d332488ea3062fb383b73e8d410c80db36072d1fa4165c,79275f2b4c13ed9d,data/evaluation/robustness_v1/rob_is_hi_freevc24_01252__multi_codec.wav
rob_is_hi_freevc24_01266__mp3,is_hi_freevc24_01266,fake,Hindi,IndicSynth,freevc24,test,mp3,4.9,WAV/PCM_16,cabf403a5ad2ca61887d73118dd1e46f4ee6c74d321312d6b49c7d2f5dd1243d,08203b1988bf02c5,data/evaluation/robustness_v1/rob_is_hi_freevc24_01266__mp3.wav
rob_is_hi_freevc24_01266__opus,is_hi_freevc24_01266,fake,Hindi,IndicSynth,freevc24,test,opus,4.9,WAV/PCM_16,98fb44b368a265f0fd4d8197950b4c3e3e26cfb1b325fe3ab6dee87fa256814f,08203b1988bf02c5,data/evaluation/robustness_v1/rob_is_hi_freevc24_01266__opus.wav
rob_is_hi_freevc24_01266__telephone,is_hi_freevc24_01266,fake,Hindi,IndicSynth,freevc24,test,telephone,4.9,WAV/PCM_16,262ee5d6104c3ca987495d2855db651f65d89a33610e079a19bb4f9529e2da45,08203b1988bf02c5,data/evaluation/robustness_v1/rob_is_hi_freevc24_01266__telephone.wav
rob_is_hi_freevc24_01266__lowpass,is_hi_freevc24_01266,fake,Hindi,IndicSynth,freevc24,test,lowpass,4.9,WAV/PCM_16,790203eb2541f675c4c97bea68ed444d011436a12b8f0ed28ca6fb0361b30d35,08203b1988bf02c5,data/evaluation/robustness_v1/rob_is_hi_freevc24_01266__lowpass.wav
rob_is_hi_freevc24_01266__multi_codec,is_hi_freevc24_01266,fake,Hindi,IndicSynth,freevc24,test,multi_codec,4.9,WAV/PCM_16,d46e8d52a814acb813be644443fbb9de859199799e0c60d5a8cd152171697a32,08203b1988bf02c5,data/evaluation/robustness_v1/rob_is_hi_freevc24_01266__multi_codec.wav
rob_is_hi_freevc24_01272__mp3,is_hi_freevc24_01272,fake,Hindi,IndicSynth,freevc24,test,mp3,4.9,WAV/PCM_16,12193418a3a646a64de4be61c03ad126bbec2bf6477acbe08cd556242b5b67a0,08203b1988bf02c5,data/evaluation/robustness_v1/rob_is_hi_freevc24_01272__mp3.wav
rob_is_hi_freevc24_01272__opus,is_hi_freevc24_01272,fake,Hindi,IndicSynth,freevc24,test,opus,4.9,WAV/PCM_16,5ff4e8b6a7a7268b3bed47761609c196ba02dc05dbc6dbebb8a4f141329c60d5,08203b1988bf02c5,data/evaluation/robustness_v1/rob_is_hi_freevc24_01272__opus.wav
rob_is_hi_freevc24_01272__telephone,is_hi_freevc24_01272,fake,Hindi,IndicSynth,freevc24,test,telephone,4.9,WAV/PCM_16,3601c71721a85df677bde447680546e6002fe3e14f224ea5c9bf6534dfa8a681,08203b1988bf02c5,data/evaluation/robustness_v1/rob_is_hi_freevc24_01272__telephone.wav
rob_is_hi_freevc24_01272__lowpass,is_hi_freevc24_01272,fake,Hindi,IndicSynth,freevc24,test,lowpass,4.9,WAV/PCM_16,d497202fa0a29c76b18c40e2f2155960b5df29f713e22762502fc0f9cea035f4,08203b1988bf02c5,data/evaluation/robustness_v1/rob_is_hi_freevc24_01272__lowpass.wav
rob_is_hi_freevc24_01272__multi_codec,is_hi_freevc24_01272,fake,Hindi,IndicSynth,freevc24,test,multi_codec,4.9,WAV/PCM_16,ed03af26a54c52b9da690752c71324bf1bf0fa277648a3415db79c1f799238c9,08203b1988bf02c5,data/evaluation/robustness_v1/rob_is_hi_freevc24_01272__multi_codec.wav
rob_is_hi_freevc24_01281__mp3,is_hi_freevc24_01281,fake,Hindi,IndicSynth,freevc24,test,mp3,6.84,WAV/PCM_16,cb33dde61fd057c202fee155568cf2d7756c423d679ad7cfec05627db767e539,b539fb31c68b1b95,data/evaluation/robustness_v1/rob_is_hi_freevc24_01281__mp3.wav
rob_is_hi_freevc24_01281__opus,is_hi_freevc24_01281,fake,Hindi,IndicSynth,freevc24,test,opus,6.84,WAV/PCM_16,6734f4c8650921f0c2603201567302fabed809e6c75a2339f86f1ba287f7812f,b539fb31c68b1b95,data/evaluation/robustness_v1/rob_is_hi_freevc24_01281__opus.wav
rob_is_hi_freevc24_01281__telephone,is_hi_freevc24_01281,fake,Hindi,IndicSynth,freevc24,test,telephone,6.84,WAV/PCM_16,6c5232dda32f721cc4ad28edac56ddc9fdbc4dbce727dfe50b7631588e19242f,b539fb31c68b1b95,data/evaluation/robustness_v1/rob_is_hi_freevc24_01281__telephone.wav
rob_is_hi_freevc24_01281__lowpass,is_hi_freevc24_01281,fake,Hindi,IndicSynth,freevc24,test,lowpass,6.84,WAV/PCM_16,50ce043d46ccaff64a3ef01745fa507729414e8b86a9b239568c6ada9b4b498b,b539fb31c68b1b95,data/evaluation/robustness_v1/rob_is_hi_freevc24_01281__lowpass.wav
rob_is_hi_freevc24_01281__multi_codec,is_hi_freevc24_01281,fake,Hindi,IndicSynth,freevc24,test,multi_codec,6.84,WAV/PCM_16,4438a4ed3105e7f88cbbea7d418e899399b62ff6abda0f39ce2fb2dec70b2335,b539fb31c68b1b95,data/evaluation/robustness_v1/rob_is_hi_freevc24_01281__multi_codec.wav
rob_is_hi_freevc24_01284__mp3,is_hi_freevc24_01284,fake,Hindi,IndicSynth,freevc24,test,mp3,6.84,WAV/PCM_16,743a1f0053ef4c3fc40a0dc229b6fd20992d75f148ee1f0b1248e29ece4cd073,b539fb31c68b1b95,data/evaluation/robustness_v1/rob_is_hi_freevc24_01284__mp3.wav
rob_is_hi_freevc24_01284__opus,is_hi_freevc24_01284,fake,Hindi,IndicSynth,freevc24,test,opus,6.84,WAV/PCM_16,b65804543bb84d66ab820eef7149ee59747458adff6712df362c3f6208a3a8f3,b539fb31c68b1b95,data/evaluation/robustness_v1/rob_is_hi_freevc24_01284__opus.wav
rob_is_hi_freevc24_01284__telephone,is_hi_freevc24_01284,fake,Hindi,IndicSynth,freevc24,test,telephone,6.84,WAV/PCM_16,72bc607a6678cfa477a73f03ea71e9651718fc3e925378c8b834d8d0c142058f,b539fb31c68b1b95,data/evaluation/robustness_v1/rob_is_hi_freevc24_01284__telephone.wav
rob_is_hi_freevc24_01284__lowpass,is_hi_freevc24_01284,fake,Hindi,IndicSynth,freevc24,test,lowpass,6.84,WAV/PCM_16,53b6e4a78cb84964a4717e0f3c1b394ead4ee2afcac453f0233b16990f3a10eb,b539fb31c68b1b95,data/evaluation/robustness_v1/rob_is_hi_freevc24_01284__lowpass.wav
rob_is_hi_freevc24_01284__multi_codec,is_hi_freevc24_01284,fake,Hindi,IndicSynth,freevc24,test,multi_codec,6.84,WAV/PCM_16,05e5144370b2d69449792866f54d1d06bcbba5851a773d32f2168eb4e83fa547,b539fb31c68b1b95,data/evaluation/robustness_v1/rob_is_hi_freevc24_01284__multi_codec.wav
rob_is_hi_freevc24_01327__mp3,is_hi_freevc24_01327,fake,Hindi,IndicSynth,freevc24,test,mp3,3.3,WAV/PCM_16,bcb3ebadc845c2a3d8263e9951a911f95d11830a63a75501cdc0205d9671eca5,6cf8394fb06a089f,data/evaluation/robustness_v1/rob_is_hi_freevc24_01327__mp3.wav
rob_is_hi_freevc24_01327__opus,is_hi_freevc24_01327,fake,Hindi,IndicSynth,freevc24,test,opus,3.3,WAV/PCM_16,16c7b641146c8a6b44467c4eed7a629fe8420609186c032ba4ad0948798adda4,6cf8394fb06a089f,data/evaluation/robustness_v1/rob_is_hi_freevc24_01327__opus.wav
rob_is_hi_freevc24_01327__telephone,is_hi_freevc24_01327,fake,Hindi,IndicSynth,freevc24,test,telephone,3.3,WAV/PCM_16,0aa350b52b46f567240d28219a8ffaa8e1cf71450d99b0d2d259e14dae67dc30,6cf8394fb06a089f,data/evaluation/robustness_v1/rob_is_hi_freevc24_01327__telephone.wav
rob_is_hi_freevc24_01327__lowpass,is_hi_freevc24_01327,fake,Hindi,IndicSynth,freevc24,test,lowpass,3.3,WAV/PCM_16,a3999a2385414613ac24a54524f6e631471610f904c9d5449a1953df7cd6d976,6cf8394fb06a089f,data/evaluation/robustness_v1/rob_is_hi_freevc24_01327__lowpass.wav
rob_is_hi_freevc24_01327__multi_codec,is_hi_freevc24_01327,fake,Hindi,IndicSynth,freevc24,test,multi_codec,3.3,WAV/PCM_16,5286cb3ffb91d3f361978f68c2f0397aa4b38de1faa1d670e249523efd200eaf,6cf8394fb06a089f,data/evaluation/robustness_v1/rob_is_hi_freevc24_01327__multi_codec.wav
rob_is_hi_freevc24_01329__mp3,is_hi_freevc24_01329,fake,Hindi,IndicSynth,freevc24,test,mp3,3.3,WAV/PCM_16,fee706caec68637b32722ca1f80ead79038c0abbb40c3635c8903fafbcd13317,6cf8394fb06a089f,data/evaluation/robustness_v1/rob_is_hi_freevc24_01329__mp3.wav
rob_is_hi_freevc24_01329__opus,is_hi_freevc24_01329,fake,Hindi,IndicSynth,freevc24,test,opus,3.3,WAV/PCM_16,0e9b3c1d08c1cda2a6219b9513e31c452e2443a2e62f60955d6a1b16d24aed69,6cf8394fb06a089f,data/evaluation/robustness_v1/rob_is_hi_freevc24_01329__opus.wav
rob_is_hi_freevc24_01329__telephone,is_hi_freevc24_01329,fake,Hindi,IndicSynth,freevc24,test,telephone,3.3,WAV/PCM_16,700f444e4d0d81e6e65e7c7d1f279aab950760303064b1a3eaa040a15fe10de3,6cf8394fb06a089f,data/evaluation/robustness_v1/rob_is_hi_freevc24_01329__telephone.wav
rob_is_hi_freevc24_01329__lowpass,is_hi_freevc24_01329,fake,Hindi,IndicSynth,freevc24,test,lowpass,3.3,WAV/PCM_16,789cabe6c9ad922484b3151be62e2dc36f4cf79b2cf24902f28dd4c5db353691,6cf8394fb06a089f,data/evaluation/robustness_v1/rob_is_hi_freevc24_01329__lowpass.wav
rob_is_hi_freevc24_01329__multi_codec,is_hi_freevc24_01329,fake,Hindi,IndicSynth,freevc24,test,multi_codec,3.3,WAV/PCM_16,d96b5b3b1e3250a47e4453bfcde0ca56b9441ce548fedd845984c83332c381a2,6cf8394fb06a089f,data/evaluation/robustness_v1/rob_is_hi_freevc24_01329__multi_codec.wav
rob_is_hi_freevc24_01330__mp3,is_hi_freevc24_01330,fake,Hindi,IndicSynth,freevc24,test,mp3,3.3,WAV/PCM_16,04ef28f30bed396fb66e789859695f961ca05269fe129f1cd2ffebc269b5a5e0,6cf8394fb06a089f,data/evaluation/robustness_v1/rob_is_hi_freevc24_01330__mp3.wav
rob_is_hi_freevc24_01330__opus,is_hi_freevc24_01330,fake,Hindi,IndicSynth,freevc24,test,opus,3.3,WAV/PCM_16,498cc8ce50571e4b0b657d846af706ef75d4af8e88c68f1e6a9c73866a02476b,6cf8394fb06a089f,data/evaluation/robustness_v1/rob_is_hi_freevc24_01330__opus.wav
rob_is_hi_freevc24_01330__telephone,is_hi_freevc24_01330,fake,Hindi,IndicSynth,freevc24,test,telephone,3.3,WAV/PCM_16,4f49949a7a1cb2bb9415f185515939c690b9f9ffc51d68575bb53ba27cd728f4,6cf8394fb06a089f,data/evaluation/robustness_v1/rob_is_hi_freevc24_01330__telephone.wav
rob_is_hi_freevc24_01330__lowpass,is_hi_freevc24_01330,fake,Hindi,IndicSynth,freevc24,test,lowpass,3.3,WAV/PCM_16,ac50d4bc54626e014553604f88a1ee2da1151edcd86f6fbd8ba11dd01df0d3b8,6cf8394fb06a089f,data/evaluation/robustness_v1/rob_is_hi_freevc24_01330__lowpass.wav
rob_is_hi_freevc24_01330__multi_codec,is_hi_freevc24_01330,fake,Hindi,IndicSynth,freevc24,test,multi_codec,3.3,WAV/PCM_16,bd87c64298e72433829457c506528eff21e664dad1d232d46bc192c556f5851b,6cf8394fb06a089f,data/evaluation/robustness_v1/rob_is_hi_freevc24_01330__multi_codec.wav
rob_is_hi_freevc24_01533__mp3,is_hi_freevc24_01533,fake,Hindi,IndicSynth,freevc24,test,mp3,4.74,WAV/PCM_16,57f004016e44a3aad7eb9c6d3bb415fcd4f79a4d34f7af56e23ddf43d2ea17f9,801f722e219c7151,data/evaluation/robustness_v1/rob_is_hi_freevc24_01533__mp3.wav
rob_is_hi_freevc24_01533__opus,is_hi_freevc24_01533,fake,Hindi,IndicSynth,freevc24,test,opus,4.74,WAV/PCM_16,b1dd8a6c1743aa11b86d0f4c37f528285dffb7a4f6ee7ba079c2c3123490d0fc,801f722e219c7151,data/evaluation/robustness_v1/rob_is_hi_freevc24_01533__opus.wav
rob_is_hi_freevc24_01533__telephone,is_hi_freevc24_01533,fake,Hindi,IndicSynth,freevc24,test,telephone,4.74,WAV/PCM_16,e8f4c1c6aae9c38e36a46640b1c65454fca0d0aa656a1e781b45fff82e81f535,801f722e219c7151,data/evaluation/robustness_v1/rob_is_hi_freevc24_01533__telephone.wav
rob_is_hi_freevc24_01533__lowpass,is_hi_freevc24_01533,fake,Hindi,IndicSynth,freevc24,test,lowpass,4.74,WAV/PCM_16,5f79d3f100fc1e738b96ef8fd15b6dfec0e4bfba6b2aca0b4161f48d5ff54730,801f722e219c7151,data/evaluation/robustness_v1/rob_is_hi_freevc24_01533__lowpass.wav
rob_is_hi_freevc24_01533__multi_codec,is_hi_freevc24_01533,fake,Hindi,IndicSynth,freevc24,test,multi_codec,4.74,WAV/PCM_16,dac31d5b212ea115aeb6146e4469bcd7e469aa47c63ad262bbf6788f3432ccfb,801f722e219c7151,data/evaluation/robustness_v1/rob_is_hi_freevc24_01533__multi_codec.wav
rob_is_hi_freevc24_01534__mp3,is_hi_freevc24_01534,fake,Hindi,IndicSynth,freevc24,test,mp3,4.74,WAV/PCM_16,3255e05e0f86ada4bfa3df1c8b9e8c52730ac4677f34a43a60209b5445fc3e46,801f722e219c7151,data/evaluation/robustness_v1/rob_is_hi_freevc24_01534__mp3.wav
rob_is_hi_freevc24_01534__opus,is_hi_freevc24_01534,fake,Hindi,IndicSynth,freevc24,test,opus,4.74,WAV/PCM_16,18c230e7d1780312dd3121a1b68afcc25eafd74ebceb5726b3b92f013bd08aca,801f722e219c7151,data/evaluation/robustness_v1/rob_is_hi_freevc24_01534__opus.wav
rob_is_hi_freevc24_01534__telephone,is_hi_freevc24_01534,fake,Hindi,IndicSynth,freevc24,test,telephone,4.74,WAV/PCM_16,47b5457384e8ae2b92a2b04897030f68f34de17c858b347acc553e912cd5f8bb,801f722e219c7151,data/evaluation/robustness_v1/rob_is_hi_freevc24_01534__telephone.wav
rob_is_hi_freevc24_01534__lowpass,is_hi_freevc24_01534,fake,Hindi,IndicSynth,freevc24,test,lowpass,4.74,WAV/PCM_16,351336308ad9c18b7756f49d4288010aec474258dc1b13b81fcf70fb0d40153b,801f722e219c7151,data/evaluation/robustness_v1/rob_is_hi_freevc24_01534__lowpass.wav
rob_is_hi_freevc24_01534__multi_codec,is_hi_freevc24_01534,fake,Hindi,IndicSynth,freevc24,test,multi_codec,4.74,WAV/PCM_16,487972fa57d9929d15b407348f0e432d89ea859c4a54d2ec066756e6624c171a,801f722e219c7151,data/evaluation/robustness_v1/rob_is_hi_freevc24_01534__multi_codec.wav
rob_is_hi_freevc24_01547__mp3,is_hi_freevc24_01547,fake,Hindi,IndicSynth,freevc24,test,mp3,3.88,WAV/PCM_16,5e9fd101644575e65d480be0ce582342171a23c2e5d8c033565793f8a62f6764,24f68f5cd7f8dd66,data/evaluation/robustness_v1/rob_is_hi_freevc24_01547__mp3.wav
rob_is_hi_freevc24_01547__opus,is_hi_freevc24_01547,fake,Hindi,IndicSynth,freevc24,test,opus,3.88,WAV/PCM_16,b90e08d63f21670b105434b4fb325d68da231a2ffc6885f1b88b937e3730da2c,24f68f5cd7f8dd66,data/evaluation/robustness_v1/rob_is_hi_freevc24_01547__opus.wav
rob_is_hi_freevc24_01547__telephone,is_hi_freevc24_01547,fake,Hindi,IndicSynth,freevc24,test,telephone,3.88,WAV/PCM_16,9eb38ef34e4c24a229e9d20e490537af7db6e87b6abcd2e47b434437ba3a1087,24f68f5cd7f8dd66,data/evaluation/robustness_v1/rob_is_hi_freevc24_01547__telephone.wav
rob_is_hi_freevc24_01547__lowpass,is_hi_freevc24_01547,fake,Hindi,IndicSynth,freevc24,test,lowpass,3.88,WAV/PCM_16,ea6eef135225187c0e17d0083858ee73555f0ca8185e42fde9007e623d2da145,24f68f5cd7f8dd66,data/evaluation/robustness_v1/rob_is_hi_freevc24_01547__lowpass.wav
rob_is_hi_freevc24_01547__multi_codec,is_hi_freevc24_01547,fake,Hindi,IndicSynth,freevc24,test,multi_codec,3.88,WAV/PCM_16,21a8784598892776e65d0da485662abd189e0b3676d0f88e0a7cfa2cba1c8aff,24f68f5cd7f8dd66,data/evaluation/robustness_v1/rob_is_hi_freevc24_01547__multi_codec.wav
rob_is_hi_freevc24_01552__mp3,is_hi_freevc24_01552,fake,Hindi,IndicSynth,freevc24,test,mp3,3.88,WAV/PCM_16,e2a19134bcca22c904a46f70eb7e5c1418451dc48dfa2e3beda40d2b838d1693,24f68f5cd7f8dd66,data/evaluation/robustness_v1/rob_is_hi_freevc24_01552__mp3.wav
rob_is_hi_freevc24_01552__opus,is_hi_freevc24_01552,fake,Hindi,IndicSynth,freevc24,test,opus,3.88,WAV/PCM_16,73c0d485bf1f3764d30ba493534119b14610e77a3826371dc4ecee38587d1855,24f68f5cd7f8dd66,data/evaluation/robustness_v1/rob_is_hi_freevc24_01552__opus.wav
rob_is_hi_freevc24_01552__telephone,is_hi_freevc24_01552,fake,Hindi,IndicSynth,freevc24,test,telephone,3.88,WAV/PCM_16,fd2bdd31be8984db056172ff7e8855d85da060b388ed80f46725cec0c463b536,24f68f5cd7f8dd66,data/evaluation/robustness_v1/rob_is_hi_freevc24_01552__telephone.wav
rob_is_hi_freevc24_01552__lowpass,is_hi_freevc24_01552,fake,Hindi,IndicSynth,freevc24,test,lowpass,3.88,WAV/PCM_16,5db2ad96a5e2df862cf5bdef03a231dbbbdccfd6a8666e477d11efacb46ed4b4,24f68f5cd7f8dd66,data/evaluation/robustness_v1/rob_is_hi_freevc24_01552__lowpass.wav
rob_is_hi_freevc24_01552__multi_codec,is_hi_freevc24_01552,fake,Hindi,IndicSynth,freevc24,test,multi_codec,3.88,WAV/PCM_16,942bd119153633382381cbf60b0cf094c9846505cbbe7afdda83cd98855ff99e,24f68f5cd7f8dd66,data/evaluation/robustness_v1/rob_is_hi_freevc24_01552__multi_codec.wav
rob_is_hi_freevc24_01555__mp3,is_hi_freevc24_01555,fake,Hindi,IndicSynth,freevc24,test,mp3,3.88,WAV/PCM_16,69006c02bc3e57752a2733785110783f99d17f97c8988d650b2762170e16a7d4,24f68f5cd7f8dd66,data/evaluation/robustness_v1/rob_is_hi_freevc24_01555__mp3.wav
rob_is_hi_freevc24_01555__opus,is_hi_freevc24_01555,fake,Hindi,IndicSynth,freevc24,test,opus,3.88,WAV/PCM_16,dea9b3f50b1b6ced821f9a35f41456df535d6a09a234ede112e2830e67efe23c,24f68f5cd7f8dd66,data/evaluation/robustness_v1/rob_is_hi_freevc24_01555__opus.wav
rob_is_hi_freevc24_01555__telephone,is_hi_freevc24_01555,fake,Hindi,IndicSynth,freevc24,test,telephone,3.88,WAV/PCM_16,886cc0ab3453093fc3efec42618900cf714a9aa273c83a87da5d5fe1fa4a7a7d,24f68f5cd7f8dd66,data/evaluation/robustness_v1/rob_is_hi_freevc24_01555__telephone.wav
rob_is_hi_freevc24_01555__lowpass,is_hi_freevc24_01555,fake,Hindi,IndicSynth,freevc24,test,lowpass,3.88,WAV/PCM_16,b011302a4279b9272f1eaa17cfe10f69ee89e538675c7e2e700c219253e86d8c,24f68f5cd7f8dd66,data/evaluation/robustness_v1/rob_is_hi_freevc24_01555__lowpass.wav
rob_is_hi_freevc24_01555__multi_codec,is_hi_freevc24_01555,fake,Hindi,IndicSynth,freevc24,test,multi_codec,3.88,WAV/PCM_16,a656b61dac9ea58182e7fb57d5f6d3670691bb6f67aca88581e14430739f2817,24f68f5cd7f8dd66,data/evaluation/robustness_v1/rob_is_hi_freevc24_01555__multi_codec.wav
rob_is_hi_freevc24_01558__mp3,is_hi_freevc24_01558,fake,Hindi,IndicSynth,freevc24,test,mp3,3.88,WAV/PCM_16,ce19947bd942e8dbf261500a2aa6511df08fbbeafc999dd5fa62f6c164e3ff2e,24f68f5cd7f8dd66,data/evaluation/robustness_v1/rob_is_hi_freevc24_01558__mp3.wav
rob_is_hi_freevc24_01558__opus,is_hi_freevc24_01558,fake,Hindi,IndicSynth,freevc24,test,opus,3.88,WAV/PCM_16,9dc18d6cb69e81ed75d8ec45d6ac653c292f61f44482f5f372d4cb317b9ffbc1,24f68f5cd7f8dd66,data/evaluation/robustness_v1/rob_is_hi_freevc24_01558__opus.wav
rob_is_hi_freevc24_01558__telephone,is_hi_freevc24_01558,fake,Hindi,IndicSynth,freevc24,test,telephone,3.88,WAV/PCM_16,5ed7766e6b2aa89c94064d33a03d0fd0973e29a8faca58cc59e5c6314ef26b3c,24f68f5cd7f8dd66,data/evaluation/robustness_v1/rob_is_hi_freevc24_01558__telephone.wav
rob_is_hi_freevc24_01558__lowpass,is_hi_freevc24_01558,fake,Hindi,IndicSynth,freevc24,test,lowpass,3.88,WAV/PCM_16,9505f36c2cbbb941df0a38bc1e58c09e28a2179c6f592de8cbd441e2fc8da83c,24f68f5cd7f8dd66,data/evaluation/robustness_v1/rob_is_hi_freevc24_01558__lowpass.wav
rob_is_hi_freevc24_01558__multi_codec,is_hi_freevc24_01558,fake,Hindi,IndicSynth,freevc24,test,multi_codec,3.88,WAV/PCM_16,78cefa69542e5966eb0818daef7d72c79facd9ffd043de99123e9241e545a64e,24f68f5cd7f8dd66,data/evaluation/robustness_v1/rob_is_hi_freevc24_01558__multi_codec.wav
rob_is_hi_freevc24_01574__mp3,is_hi_freevc24_01574,fake,Hindi,IndicSynth,freevc24,test,mp3,7.46,WAV/PCM_16,91fc107810aeef0e9e2c8d06d866d2ed638eee45f360cc44f16b9ce6edbc8d13,801f722e219c7151,data/evaluation/robustness_v1/rob_is_hi_freevc24_01574__mp3.wav
rob_is_hi_freevc24_01574__opus,is_hi_freevc24_01574,fake,Hindi,IndicSynth,freevc24,test,opus,7.46,WAV/PCM_16,87bd3bec14ca0f9c0e010a2865f6b43a6463ad10a8c993f3b68fa938e1bffd87,801f722e219c7151,data/evaluation/robustness_v1/rob_is_hi_freevc24_01574__opus.wav
rob_is_hi_freevc24_01574__telephone,is_hi_freevc24_01574,fake,Hindi,IndicSynth,freevc24,test,telephone,7.46,WAV/PCM_16,fd523d9614199b92f1dd1a48fe911605f0e2c89a687f2292d4af73a1f626bb84,801f722e219c7151,data/evaluation/robustness_v1/rob_is_hi_freevc24_01574__telephone.wav
rob_is_hi_freevc24_01574__lowpass,is_hi_freevc24_01574,fake,Hindi,IndicSynth,freevc24,test,lowpass,7.46,WAV/PCM_16,fc2e917adeadd7cf9baf6d6cc01531828e6168459e85f574c8ec8e0c54933cfb,801f722e219c7151,data/evaluation/robustness_v1/rob_is_hi_freevc24_01574__lowpass.wav
rob_is_hi_freevc24_01574__multi_codec,is_hi_freevc24_01574,fake,Hindi,IndicSynth,freevc24,test,multi_codec,7.46,WAV/PCM_16,1b7d75f9ee99c09aeadfb31aa338bdd23bc415c0576570e02bf4304aebf804da,801f722e219c7151,data/evaluation/robustness_v1/rob_is_hi_freevc24_01574__multi_codec.wav
rob_is_hi_freevc24_01576__mp3,is_hi_freevc24_01576,fake,Hindi,IndicSynth,freevc24,test,mp3,7.46,WAV/PCM_16,5e7c0e52e3c4f0afe2fc17a74e26bc0b4eae6df691ce9e3d2e6fb9fccfddad86,801f722e219c7151,data/evaluation/robustness_v1/rob_is_hi_freevc24_01576__mp3.wav
rob_is_hi_freevc24_01576__opus,is_hi_freevc24_01576,fake,Hindi,IndicSynth,freevc24,test,opus,7.46,WAV/PCM_16,654b77aad16aaa899fbd50c17c88fb3b00f11e0f0f350b0f3b85442038347de0,801f722e219c7151,data/evaluation/robustness_v1/rob_is_hi_freevc24_01576__opus.wav
rob_is_hi_freevc24_01576__telephone,is_hi_freevc24_01576,fake,Hindi,IndicSynth,freevc24,test,telephone,7.46,WAV/PCM_16,97e5972f9feb99542bfcc17a15496e4a5c6a8346864632b9f539d91c1665d097,801f722e219c7151,data/evaluation/robustness_v1/rob_is_hi_freevc24_01576__telephone.wav
rob_is_hi_freevc24_01576__lowpass,is_hi_freevc24_01576,fake,Hindi,IndicSynth,freevc24,test,lowpass,7.46,WAV/PCM_16,8acd811871fffb9dc73da401979c6a86998cd0760ead7d3061cb0b30f2b2c639,801f722e219c7151,data/evaluation/robustness_v1/rob_is_hi_freevc24_01576__lowpass.wav
rob_is_hi_freevc24_01576__multi_codec,is_hi_freevc24_01576,fake,Hindi,IndicSynth,freevc24,test,multi_codec,7.46,WAV/PCM_16,fbd293a863c80bd92f33e1a8df54dfaa3a909136acb5ef9dfde1cc2fe4dc8548,801f722e219c7151,data/evaluation/robustness_v1/rob_is_hi_freevc24_01576__multi_codec.wav
rob_is_hi_freevc24_02121__mp3,is_hi_freevc24_02121,fake,Hindi,IndicSynth,freevc24,test,mp3,6.7,WAV/PCM_16,614b7b17804cc5b1fbdb274aa104e7230742b6f21e8ebd457b7b01eccf2ab463,9266745d34fb8776,data/evaluation/robustness_v1/rob_is_hi_freevc24_02121__mp3.wav
rob_is_hi_freevc24_02121__opus,is_hi_freevc24_02121,fake,Hindi,IndicSynth,freevc24,test,opus,6.7,WAV/PCM_16,3a5626525c03a75156313edf321bfc336395b4548787126faa265f7971f0c78a,9266745d34fb8776,data/evaluation/robustness_v1/rob_is_hi_freevc24_02121__opus.wav
rob_is_hi_freevc24_02121__telephone,is_hi_freevc24_02121,fake,Hindi,IndicSynth,freevc24,test,telephone,6.7,WAV/PCM_16,bbdf257824cfa7e1e71bd8facb8c80d3d3834a21f67d0da8bd420630d1538004,9266745d34fb8776,data/evaluation/robustness_v1/rob_is_hi_freevc24_02121__telephone.wav
rob_is_hi_freevc24_02121__lowpass,is_hi_freevc24_02121,fake,Hindi,IndicSynth,freevc24,test,lowpass,6.7,WAV/PCM_16,875912537c89980e4abab06dfef445e7ad22de09fd9c92e94779f08e1502a55d,9266745d34fb8776,data/evaluation/robustness_v1/rob_is_hi_freevc24_02121__lowpass.wav
rob_is_hi_freevc24_02121__multi_codec,is_hi_freevc24_02121,fake,Hindi,IndicSynth,freevc24,test,multi_codec,6.7,WAV/PCM_16,a10e6e03d96f8dce3a50bd953afb2e2a1ba9bd96f2052f7a2472ef25e83f5b0b,9266745d34fb8776,data/evaluation/robustness_v1/rob_is_hi_freevc24_02121__multi_codec.wav
rob_is_hi_freevc24_02127__mp3,is_hi_freevc24_02127,fake,Hindi,IndicSynth,freevc24,test,mp3,6.7,WAV/PCM_16,8c653efd8fb529b33e162ebf238422f9534010ba2502d428e40ef4d6aded16fe,9266745d34fb8776,data/evaluation/robustness_v1/rob_is_hi_freevc24_02127__mp3.wav
rob_is_hi_freevc24_02127__opus,is_hi_freevc24_02127,fake,Hindi,IndicSynth,freevc24,test,opus,6.7,WAV/PCM_16,a0ceb857962539eee1cf77ab98760286f23c76ed60e7957058a9890accadfd0a,9266745d34fb8776,data/evaluation/robustness_v1/rob_is_hi_freevc24_02127__opus.wav
rob_is_hi_freevc24_02127__telephone,is_hi_freevc24_02127,fake,Hindi,IndicSynth,freevc24,test,telephone,6.7,WAV/PCM_16,1d6feff1219a78c815d8b7a688dedd82151279c5ea5ce2a843444bfe9089199d,9266745d34fb8776,data/evaluation/robustness_v1/rob_is_hi_freevc24_02127__telephone.wav
rob_is_hi_freevc24_02127__lowpass,is_hi_freevc24_02127,fake,Hindi,IndicSynth,freevc24,test,lowpass,6.7,WAV/PCM_16,99ee2f1a8fe1736f7a06b5d13176c0d6d17b33a6a5aa6fc1827aa958b820e9ff,9266745d34fb8776,data/evaluation/robustness_v1/rob_is_hi_freevc24_02127__lowpass.wav
rob_is_hi_freevc24_02127__multi_codec,is_hi_freevc24_02127,fake,Hindi,IndicSynth,freevc24,test,multi_codec,6.7,WAV/PCM_16,cf4cbd365269bf660092fd61119e2448f09990017ead7cb634fd5ca229387f4e,9266745d34fb8776,data/evaluation/robustness_v1/rob_is_hi_freevc24_02127__multi_codec.wav
rob_is_hi_freevc24_02128__mp3,is_hi_freevc24_02128,fake,Hindi,IndicSynth,freevc24,test,mp3,6.7,WAV/PCM_16,fde0dc63be543c4a4f4ef0b229228cd60a19d683bdac4bab6c494bef0a46e5e7,9266745d34fb8776,data/evaluation/robustness_v1/rob_is_hi_freevc24_02128__mp3.wav
rob_is_hi_freevc24_02128__opus,is_hi_freevc24_02128,fake,Hindi,IndicSynth,freevc24,test,opus,6.7,WAV/PCM_16,d5a0de5eeb803a6262dc10660e348cef7655faa2f795caae044812b8e9cb954f,9266745d34fb8776,data/evaluation/robustness_v1/rob_is_hi_freevc24_02128__opus.wav
rob_is_hi_freevc24_02128__telephone,is_hi_freevc24_02128,fake,Hindi,IndicSynth,freevc24,test,telephone,6.7,WAV/PCM_16,137e2090bf851da7768be1cc005062fc94b182f7ea408fe5ba9c3fbfd59721b4,9266745d34fb8776,data/evaluation/robustness_v1/rob_is_hi_freevc24_02128__telephone.wav
rob_is_hi_freevc24_02128__lowpass,is_hi_freevc24_02128,fake,Hindi,IndicSynth,freevc24,test,lowpass,6.7,WAV/PCM_16,5ca8eccbdbc6a4b6828376efdad8f202fe9ae9eddd79237b59e57d32fd4d834d,9266745d34fb8776,data/evaluation/robustness_v1/rob_is_hi_freevc24_02128__lowpass.wav
rob_is_hi_freevc24_02128__multi_codec,is_hi_freevc24_02128,fake,Hindi,IndicSynth,freevc24,test,multi_codec,6.7,WAV/PCM_16,d8637ae6ac83fced0274e70c09daca41794e2d5103e589e51b0ec2cc6bea7c9c,9266745d34fb8776,data/evaluation/robustness_v1/rob_is_hi_freevc24_02128__multi_codec.wav
rob_mucs_hi_en_00012__mp3,mucs_hi_en_00012,real,Hinglish,MUCS_OpenSLR104,,test,mp3,5.0,WAV/PCM_16,2a558f61065b52446eaaf9a8db00afd246e559cec2caa852d32913fd61b9fc0a,d8327f40543912a4,data/evaluation/robustness_v1/rob_mucs_hi_en_00012__mp3.wav
rob_mucs_hi_en_00012__opus,mucs_hi_en_00012,real,Hinglish,MUCS_OpenSLR104,,test,opus,5.0,WAV/PCM_16,ec1dd213041b99741132639ff3dc3f4b5c2c731d1df3d2990d5b2ef3c0d5c606,d8327f40543912a4,data/evaluation/robustness_v1/rob_mucs_hi_en_00012__opus.wav
rob_mucs_hi_en_00012__telephone,mucs_hi_en_00012,real,Hinglish,MUCS_OpenSLR104,,test,telephone,5.0,WAV/PCM_16,54572a2cf803a40ac3b67caa8dfc6468cb20d5a06dc1734f95ec7991a652ff18,d8327f40543912a4,data/evaluation/robustness_v1/rob_mucs_hi_en_00012__telephone.wav
rob_mucs_hi_en_00012__lowpass,mucs_hi_en_00012,real,Hinglish,MUCS_OpenSLR104,,test,lowpass,5.0,WAV/PCM_16,066fd7cb8c97ff7f4d39411ff87719f0c0813f3f5b94e685ba91657f6a7e4595,d8327f40543912a4,data/evaluation/robustness_v1/rob_mucs_hi_en_00012__lowpass.wav
rob_mucs_hi_en_00012__multi_codec,mucs_hi_en_00012,real,Hinglish,MUCS_OpenSLR104,,test,multi_codec,5.0,WAV/PCM_16,072e2ca6d233313face342de17f451471ffe40dbfa80453fbd6c1ecc3b86ba52,d8327f40543912a4,data/evaluation/robustness_v1/rob_mucs_hi_en_00012__multi_codec.wav
rob_mucs_hi_en_00178__mp3,mucs_hi_en_00178,real,Hinglish,MUCS_OpenSLR104,,test,mp3,9.0,WAV/PCM_16,51db60855b4baa75512a8a95cfce7c7cb7f3eb9024ec4c0952361b95f6703656,5f85b02639ba7e5d,data/evaluation/robustness_v1/rob_mucs_hi_en_00178__mp3.wav
rob_mucs_hi_en_00178__opus,mucs_hi_en_00178,real,Hinglish,MUCS_OpenSLR104,,test,opus,9.0,WAV/PCM_16,5cc8108a8fb33441508319df95a503cf59ec518819c0b06d1e6cc37b427b41cb,5f85b02639ba7e5d,data/evaluation/robustness_v1/rob_mucs_hi_en_00178__opus.wav
rob_mucs_hi_en_00178__telephone,mucs_hi_en_00178,real,Hinglish,MUCS_OpenSLR104,,test,telephone,9.0,WAV/PCM_16,1018c8e42f68ae0c2b00b29ceabef2a6619eb99622e40cbf494cb3d5950fc5bc,5f85b02639ba7e5d,data/evaluation/robustness_v1/rob_mucs_hi_en_00178__telephone.wav
rob_mucs_hi_en_00178__lowpass,mucs_hi_en_00178,real,Hinglish,MUCS_OpenSLR104,,test,lowpass,9.0,WAV/PCM_16,729a5d2f54aab76c44f46efd4337f5f30f27be2068a56a8aac8c88eb5c9efd82,5f85b02639ba7e5d,data/evaluation/robustness_v1/rob_mucs_hi_en_00178__lowpass.wav
rob_mucs_hi_en_00178__multi_codec,mucs_hi_en_00178,real,Hinglish,MUCS_OpenSLR104,,test,multi_codec,9.0,WAV/PCM_16,e0445fc3e5ba95f7f6939aa39e108d38dee2de216d7b1161aa39a365be5d642d,5f85b02639ba7e5d,data/evaluation/robustness_v1/rob_mucs_hi_en_00178__multi_codec.wav
rob_mucs_hi_en_00248__mp3,mucs_hi_en_00248,real,Hinglish,MUCS_OpenSLR104,,test,mp3,3.0,WAV/PCM_16,1b84f94fac5c2f5da4c4a115e5b1d49ae9d81a2a83785e7ede88d02fd9c61f63,2594e95e209a903e,data/evaluation/robustness_v1/rob_mucs_hi_en_00248__mp3.wav
rob_mucs_hi_en_00248__opus,mucs_hi_en_00248,real,Hinglish,MUCS_OpenSLR104,,test,opus,3.0,WAV/PCM_16,ca09403ad8e1fe7ab2024c96b44bd7d329c9df85dbe778627459208c685fe844,2594e95e209a903e,data/evaluation/robustness_v1/rob_mucs_hi_en_00248__opus.wav
rob_mucs_hi_en_00248__telephone,mucs_hi_en_00248,real,Hinglish,MUCS_OpenSLR104,,test,telephone,3.0,WAV/PCM_16,799fa48ee964dfdd1833666127e1ef307733a2669a41503cac509850fad15522,2594e95e209a903e,data/evaluation/robustness_v1/rob_mucs_hi_en_00248__telephone.wav
rob_mucs_hi_en_00248__lowpass,mucs_hi_en_00248,real,Hinglish,MUCS_OpenSLR104,,test,lowpass,3.0,WAV/PCM_16,18dcb521072f63e9af696fa6a87843d47445c30b57d54a338ff8f13a1855919e,2594e95e209a903e,data/evaluation/robustness_v1/rob_mucs_hi_en_00248__lowpass.wav
rob_mucs_hi_en_00248__multi_codec,mucs_hi_en_00248,real,Hinglish,MUCS_OpenSLR104,,test,multi_codec,3.0,WAV/PCM_16,10557168fafefa5731b2d742355bfa625cdb8aa09ee8ed3c3591f027f4b24fa5,2594e95e209a903e,data/evaluation/robustness_v1/rob_mucs_hi_en_00248__multi_codec.wav
rob_mucs_hi_en_00330__mp3,mucs_hi_en_00330,real,Hinglish,MUCS_OpenSLR104,,test,mp3,4.0,WAV/PCM_16,a5794e50a0a8c33bd1055017311a5eb215369ae33cffc3c708f0bba04801e125,5d58c42dc5200ed7,data/evaluation/robustness_v1/rob_mucs_hi_en_00330__mp3.wav
rob_mucs_hi_en_00330__opus,mucs_hi_en_00330,real,Hinglish,MUCS_OpenSLR104,,test,opus,4.0,WAV/PCM_16,90df42ac03a315b52072f51586c4fb49678860f79112cf38348708ba87286008,5d58c42dc5200ed7,data/evaluation/robustness_v1/rob_mucs_hi_en_00330__opus.wav
rob_mucs_hi_en_00330__telephone,mucs_hi_en_00330,real,Hinglish,MUCS_OpenSLR104,,test,telephone,4.0,WAV/PCM_16,a559c13673f1bf9bc451e3f78b98bb0fa21baa02f8cbb38f3976fbe4ae6687ba,5d58c42dc5200ed7,data/evaluation/robustness_v1/rob_mucs_hi_en_00330__telephone.wav
rob_mucs_hi_en_00330__lowpass,mucs_hi_en_00330,real,Hinglish,MUCS_OpenSLR104,,test,lowpass,4.0,WAV/PCM_16,00beaa4551e6973939f7877531771e486132522ffb1d6a0cb1c8d77c9e2798b0,5d58c42dc5200ed7,data/evaluation/robustness_v1/rob_mucs_hi_en_00330__lowpass.wav
rob_mucs_hi_en_00330__multi_codec,mucs_hi_en_00330,real,Hinglish,MUCS_OpenSLR104,,test,multi_codec,4.0,WAV/PCM_16,e0b5cd632a2c687d04874e8abdc6b40b387cab541f4a9d9ffad5d23b06d82f08,5d58c42dc5200ed7,data/evaluation/robustness_v1/rob_mucs_hi_en_00330__multi_codec.wav
rob_mucs_hi_en_00333__mp3,mucs_hi_en_00333,real,Hinglish,MUCS_OpenSLR104,,test,mp3,9.0,WAV/PCM_16,0f3833516188668b04a7e7405ce7727e59f6ab5c889e5b81f301e06bd3707cf2,996ed6a681a2b0ff,data/evaluation/robustness_v1/rob_mucs_hi_en_00333__mp3.wav
rob_mucs_hi_en_00333__opus,mucs_hi_en_00333,real,Hinglish,MUCS_OpenSLR104,,test,opus,9.0,WAV/PCM_16,e03593253d1179631476359f07f2c992dadcca2063fce197463878539bfb9f6f,996ed6a681a2b0ff,data/evaluation/robustness_v1/rob_mucs_hi_en_00333__opus.wav
rob_mucs_hi_en_00333__telephone,mucs_hi_en_00333,real,Hinglish,MUCS_OpenSLR104,,test,telephone,9.0,WAV/PCM_16,9aac22af318cce4d90edbc11f520ee1bb8bc6b1e065eb2a768c45bd915b31a98,996ed6a681a2b0ff,data/evaluation/robustness_v1/rob_mucs_hi_en_00333__telephone.wav
rob_mucs_hi_en_00333__lowpass,mucs_hi_en_00333,real,Hinglish,MUCS_OpenSLR104,,test,lowpass,9.0,WAV/PCM_16,9d41f8510e3b6e34ef7f6aed4a073cbc5843b7dc667d60e3e08bbec41e200456,996ed6a681a2b0ff,data/evaluation/robustness_v1/rob_mucs_hi_en_00333__lowpass.wav
rob_mucs_hi_en_00333__multi_codec,mucs_hi_en_00333,real,Hinglish,MUCS_OpenSLR104,,test,multi_codec,9.0,WAV/PCM_16,c8436b9a88879993237b7c171c51ee443289dd29cad2afd0bbb1fd5eaabc3185,996ed6a681a2b0ff,data/evaluation/robustness_v1/rob_mucs_hi_en_00333__multi_codec.wav
rob_mucs_hi_en_00372__mp3,mucs_hi_en_00372,real,Hinglish,MUCS_OpenSLR104,,test,mp3,3.0,WAV/PCM_16,887ce5c85fb127ff90fbeaf49a596591d12a62ffe0239dc59972382032b99e15,1721caaae3b26027,data/evaluation/robustness_v1/rob_mucs_hi_en_00372__mp3.wav
rob_mucs_hi_en_00372__opus,mucs_hi_en_00372,real,Hinglish,MUCS_OpenSLR104,,test,opus,3.0,WAV/PCM_16,71b75669915253f2ce6905160d922e9ce741ac8234e92e20af359fa58b39ce7d,1721caaae3b26027,data/evaluation/robustness_v1/rob_mucs_hi_en_00372__opus.wav
rob_mucs_hi_en_00372__telephone,mucs_hi_en_00372,real,Hinglish,MUCS_OpenSLR104,,test,telephone,3.0,WAV/PCM_16,4e7d53df4aa66cb8179492e7195f6505cc1b55fede72027435aeb400e94d17df,1721caaae3b26027,data/evaluation/robustness_v1/rob_mucs_hi_en_00372__telephone.wav
rob_mucs_hi_en_00372__lowpass,mucs_hi_en_00372,real,Hinglish,MUCS_OpenSLR104,,test,lowpass,3.0,WAV/PCM_16,83b1a7fd45daa7023c2056ed84bcac5b9bd155533a568968b05ed8100b0c8b21,1721caaae3b26027,data/evaluation/robustness_v1/rob_mucs_hi_en_00372__lowpass.wav
rob_mucs_hi_en_00372__multi_codec,mucs_hi_en_00372,real,Hinglish,MUCS_OpenSLR104,,test,multi_codec,3.0,WAV/PCM_16,8dc12617adb496ef3d952d2775e17e28537984ed455192181c0b20c02b4631bf,1721caaae3b26027,data/evaluation/robustness_v1/rob_mucs_hi_en_00372__multi_codec.wav
rob_mucs_hi_en_00384__mp3,mucs_hi_en_00384,real,Hinglish,MUCS_OpenSLR104,,test,mp3,2.0,WAV/PCM_16,ddb87878872256eb44a2939db8498311265c5316f64fdf565d0f63834d8729fd,3532de8f6feeb46f,data/evaluation/robustness_v1/rob_mucs_hi_en_00384__mp3.wav
rob_mucs_hi_en_00384__opus,mucs_hi_en_00384,real,Hinglish,MUCS_OpenSLR104,,test,opus,2.0,WAV/PCM_16,3fee2bf44ecd82a1bd47c9eb35bde7f8ac2ae70a005de3c6de9f5c51185a20ca,3532de8f6feeb46f,data/evaluation/robustness_v1/rob_mucs_hi_en_00384__opus.wav
rob_mucs_hi_en_00384__telephone,mucs_hi_en_00384,real,Hinglish,MUCS_OpenSLR104,,test,telephone,2.0,WAV/PCM_16,c110babe35ab1c1f7f579f0bf0f15dd61e2f5eabd60b53e0625c26fd48824fd2,3532de8f6feeb46f,data/evaluation/robustness_v1/rob_mucs_hi_en_00384__telephone.wav
rob_mucs_hi_en_00384__lowpass,mucs_hi_en_00384,real,Hinglish,MUCS_OpenSLR104,,test,lowpass,2.0,WAV/PCM_16,757882212f7cb7a21d746cebba76a1b61bda12fc022785c677c446e35fa731b0,3532de8f6feeb46f,data/evaluation/robustness_v1/rob_mucs_hi_en_00384__lowpass.wav
rob_mucs_hi_en_00384__multi_codec,mucs_hi_en_00384,real,Hinglish,MUCS_OpenSLR104,,test,multi_codec,2.0,WAV/PCM_16,0ddbb7b0d007d9697b21b68ee112503ab50f83867deca2f255d1c02291d0b080,3532de8f6feeb46f,data/evaluation/robustness_v1/rob_mucs_hi_en_00384__multi_codec.wav
rob_mucs_hi_en_00387__mp3,mucs_hi_en_00387,real,Hinglish,MUCS_OpenSLR104,,test,mp3,3.0,WAV/PCM_16,57d854aa48b50b3bffae56662846024275062f1311fedcc658c6ba37556e47de,abe2bbddff524f9c,data/evaluation/robustness_v1/rob_mucs_hi_en_00387__mp3.wav
rob_mucs_hi_en_00387__opus,mucs_hi_en_00387,real,Hinglish,MUCS_OpenSLR104,,test,opus,3.0,WAV/PCM_16,7493d348f83e76dcac609e61133df7e554a8da422a4f23343e989e0244a757f8,abe2bbddff524f9c,data/evaluation/robustness_v1/rob_mucs_hi_en_00387__opus.wav
rob_mucs_hi_en_00387__telephone,mucs_hi_en_00387,real,Hinglish,MUCS_OpenSLR104,,test,telephone,3.0,WAV/PCM_16,1e30bbc01821fbd9619ffd33693abea76faceaf16e0e3ba467f773b445fd797f,abe2bbddff524f9c,data/evaluation/robustness_v1/rob_mucs_hi_en_00387__telephone.wav
rob_mucs_hi_en_00387__lowpass,mucs_hi_en_00387,real,Hinglish,MUCS_OpenSLR104,,test,lowpass,3.0,WAV/PCM_16,9ced42b93a6a10409462ccf47a0f04aecba4bb299cb2cca34e62ac5445a10bf6,abe2bbddff524f9c,data/evaluation/robustness_v1/rob_mucs_hi_en_00387__lowpass.wav
rob_mucs_hi_en_00387__multi_codec,mucs_hi_en_00387,real,Hinglish,MUCS_OpenSLR104,,test,multi_codec,3.0,WAV/PCM_16,1f606c91979acd270137904cca110b49e90fd38cdaf99c2135571c59f43d0e62,abe2bbddff524f9c,data/evaluation/robustness_v1/rob_mucs_hi_en_00387__multi_codec.wav
rob_mucs_hi_en_00388__mp3,mucs_hi_en_00388,real,Hinglish,MUCS_OpenSLR104,,test,mp3,5.0,WAV/PCM_16,b695cf46c633d29b2b1a1c341553703719793f2c1a47fb4241589833bd4eb747,284a7b29f7937dff,data/evaluation/robustness_v1/rob_mucs_hi_en_00388__mp3.wav
rob_mucs_hi_en_00388__opus,mucs_hi_en_00388,real,Hinglish,MUCS_OpenSLR104,,test,opus,5.0,WAV/PCM_16,32dac6b5a62027553990adf53cfc4bed46ef42c91b535105759dd0288f04dc51,284a7b29f7937dff,data/evaluation/robustness_v1/rob_mucs_hi_en_00388__opus.wav
rob_mucs_hi_en_00388__telephone,mucs_hi_en_00388,real,Hinglish,MUCS_OpenSLR104,,test,telephone,5.0,WAV/PCM_16,7774a24c4ea36eef9682ca31297a471caabc4b559ed8dd8a0b623dfd7d6d22d2,284a7b29f7937dff,data/evaluation/robustness_v1/rob_mucs_hi_en_00388__telephone.wav
rob_mucs_hi_en_00388__lowpass,mucs_hi_en_00388,real,Hinglish,MUCS_OpenSLR104,,test,lowpass,5.0,WAV/PCM_16,7786156a675550b3a28660dcb666bc979eacc0110d85c11f8be2111e696120dd,284a7b29f7937dff,data/evaluation/robustness_v1/rob_mucs_hi_en_00388__lowpass.wav
rob_mucs_hi_en_00388__multi_codec,mucs_hi_en_00388,real,Hinglish,MUCS_OpenSLR104,,test,multi_codec,5.0,WAV/PCM_16,5efcd066e19de6aae2011eccca8f263dcfd18bd08201e732e28d6f184740906b,284a7b29f7937dff,data/evaluation/robustness_v1/rob_mucs_hi_en_00388__multi_codec.wav
rob_mucs_hi_en_00391__mp3,mucs_hi_en_00391,real,Hinglish,MUCS_OpenSLR104,,test,mp3,5.0,WAV/PCM_16,9e0bdbf7920f03b560d7e46dbce2cbee34607633baf34248e8f94236d0a01ec9,e9de4a4530a0771e,data/evaluation/robustness_v1/rob_mucs_hi_en_00391__mp3.wav
rob_mucs_hi_en_00391__opus,mucs_hi_en_00391,real,Hinglish,MUCS_OpenSLR104,,test,opus,5.0,WAV/PCM_16,9102691271ec3a80b8a29137c46ff25a414bd79c061ed3a60515cc8b9a763d55,e9de4a4530a0771e,data/evaluation/robustness_v1/rob_mucs_hi_en_00391__opus.wav
rob_mucs_hi_en_00391__telephone,mucs_hi_en_00391,real,Hinglish,MUCS_OpenSLR104,,test,telephone,5.0,WAV/PCM_16,047ebd86327ac00e068e6e03a92dd6cdb4b40acae362dfc5780ac4ff262f1166,e9de4a4530a0771e,data/evaluation/robustness_v1/rob_mucs_hi_en_00391__telephone.wav
rob_mucs_hi_en_00391__lowpass,mucs_hi_en_00391,real,Hinglish,MUCS_OpenSLR104,,test,lowpass,5.0,WAV/PCM_16,f86ac8f89d41e118d3eaa83a660f5d59f723bdfaeb9d9642ca4843216fd936a3,e9de4a4530a0771e,data/evaluation/robustness_v1/rob_mucs_hi_en_00391__lowpass.wav
rob_mucs_hi_en_00391__multi_codec,mucs_hi_en_00391,real,Hinglish,MUCS_OpenSLR104,,test,multi_codec,5.0,WAV/PCM_16,ffb2c7eb05128efe9ec915e7988fb3fc8044c7220452bad8942e058ef5232311,e9de4a4530a0771e,data/evaluation/robustness_v1/rob_mucs_hi_en_00391__multi_codec.wav
rob_mucs_hi_en_00404__mp3,mucs_hi_en_00404,real,Hinglish,MUCS_OpenSLR104,,test,mp3,6.0,WAV/PCM_16,97fd8a21e3d2c2defdba48c6d11d262d4748084e4a0fd19ae20381eff0b57a7b,e5a34342245ababf,data/evaluation/robustness_v1/rob_mucs_hi_en_00404__mp3.wav
rob_mucs_hi_en_00404__opus,mucs_hi_en_00404,real,Hinglish,MUCS_OpenSLR104,,test,opus,6.0,WAV/PCM_16,3cac30594bc2cbecc20cac2c8a25983a4a10e97cf04cc6cf77f56ff257a7410a,e5a34342245ababf,data/evaluation/robustness_v1/rob_mucs_hi_en_00404__opus.wav
rob_mucs_hi_en_00404__telephone,mucs_hi_en_00404,real,Hinglish,MUCS_OpenSLR104,,test,telephone,6.0,WAV/PCM_16,1db6870840246e6e64fcccc82e926f06a2c3fe430cfe0ec09391e81ad47ce672,e5a34342245ababf,data/evaluation/robustness_v1/rob_mucs_hi_en_00404__telephone.wav
rob_mucs_hi_en_00404__lowpass,mucs_hi_en_00404,real,Hinglish,MUCS_OpenSLR104,,test,lowpass,6.0,WAV/PCM_16,b5ecd63825eed250a235a00ef0929daaf69fc7d6af9725555bc0fa86b8e83113,e5a34342245ababf,data/evaluation/robustness_v1/rob_mucs_hi_en_00404__lowpass.wav
rob_mucs_hi_en_00404__multi_codec,mucs_hi_en_00404,real,Hinglish,MUCS_OpenSLR104,,test,multi_codec,6.0,WAV/PCM_16,4a08f79c2ac1a91af24689e988dfec05b0fbb9687641d91d66414c2f089e6a5f,e5a34342245ababf,data/evaluation/robustness_v1/rob_mucs_hi_en_00404__multi_codec.wav
rob_mucs_hi_en_00442__mp3,mucs_hi_en_00442,real,Hinglish,MUCS_OpenSLR104,,test,mp3,8.0,WAV/PCM_16,a56f85776774b28d609cb375bb20fc7d875b130755158ef1767a4c8edadafff4,606b1705072b4152,data/evaluation/robustness_v1/rob_mucs_hi_en_00442__mp3.wav
rob_mucs_hi_en_00442__opus,mucs_hi_en_00442,real,Hinglish,MUCS_OpenSLR104,,test,opus,8.0,WAV/PCM_16,a164b40b7456cfd850ca5f5d6e1ba76277147511efbff9a7f1238cd5745cb082,606b1705072b4152,data/evaluation/robustness_v1/rob_mucs_hi_en_00442__opus.wav
rob_mucs_hi_en_00442__telephone,mucs_hi_en_00442,real,Hinglish,MUCS_OpenSLR104,,test,telephone,8.0,WAV/PCM_16,bb2b2a6e0086375dab1f95f531e4a54858530d6aae6a1168a0a8df87f8af5dbf,606b1705072b4152,data/evaluation/robustness_v1/rob_mucs_hi_en_00442__telephone.wav
rob_mucs_hi_en_00442__lowpass,mucs_hi_en_00442,real,Hinglish,MUCS_OpenSLR104,,test,lowpass,8.0,WAV/PCM_16,8bec410971301a33376f58bcc1fd054af46a9496137fb1f243bf40f60a58d127,606b1705072b4152,data/evaluation/robustness_v1/rob_mucs_hi_en_00442__lowpass.wav
rob_mucs_hi_en_00442__multi_codec,mucs_hi_en_00442,real,Hinglish,MUCS_OpenSLR104,,test,multi_codec,8.0,WAV/PCM_16,a5e9915b2b0fceab772a7f835480c0f85411f36dc6e7850fbb03da71f66b03f1,606b1705072b4152,data/evaluation/robustness_v1/rob_mucs_hi_en_00442__multi_codec.wav
rob_mucs_hi_en_00443__mp3,mucs_hi_en_00443,real,Hinglish,MUCS_OpenSLR104,,test,mp3,5.0,WAV/PCM_16,70e321aac91f0537cd67f790da34176999b8ea3164465137983ae47ed8a18085,b255c8d3fc404b20,data/evaluation/robustness_v1/rob_mucs_hi_en_00443__mp3.wav
rob_mucs_hi_en_00443__opus,mucs_hi_en_00443,real,Hinglish,MUCS_OpenSLR104,,test,opus,5.0,WAV/PCM_16,455c542e49dd84b3ae9ce27145cda66b394acfc82aa35e4ad8f0fcb99844b3bc,b255c8d3fc404b20,data/evaluation/robustness_v1/rob_mucs_hi_en_00443__opus.wav
rob_mucs_hi_en_00443__telephone,mucs_hi_en_00443,real,Hinglish,MUCS_OpenSLR104,,test,telephone,5.0,WAV/PCM_16,9047908ce23470608636c77f6d1185a359fdda2745017807991d9fdb462baf33,b255c8d3fc404b20,data/evaluation/robustness_v1/rob_mucs_hi_en_00443__telephone.wav
rob_mucs_hi_en_00443__lowpass,mucs_hi_en_00443,real,Hinglish,MUCS_OpenSLR104,,test,lowpass,5.0,WAV/PCM_16,f8e751ab7fb29ed27c1b1780c248a734cc164820ed9d3d36e6929bc459bcb3f7,b255c8d3fc404b20,data/evaluation/robustness_v1/rob_mucs_hi_en_00443__lowpass.wav
rob_mucs_hi_en_00443__multi_codec,mucs_hi_en_00443,real,Hinglish,MUCS_OpenSLR104,,test,multi_codec,5.0,WAV/PCM_16,c984913276c4cefe5760945646fbc930540fe0d66c130e78490d6b9553bf3fa9,b255c8d3fc404b20,data/evaluation/robustness_v1/rob_mucs_hi_en_00443__multi_codec.wav
rob_mucs_hi_en_00487__mp3,mucs_hi_en_00487,real,Hinglish,MUCS_OpenSLR104,,test,mp3,4.0,WAV/PCM_16,ecdd6992a14729dac50a4f3049d912cce0f0c7709bf8b7d4eac1baabb39c39e2,a99bd64d617fd8c8,data/evaluation/robustness_v1/rob_mucs_hi_en_00487__mp3.wav
rob_mucs_hi_en_00487__opus,mucs_hi_en_00487,real,Hinglish,MUCS_OpenSLR104,,test,opus,4.0,WAV/PCM_16,0f4236c2d4d3af349e4b702919708a61bc4e2dd9e5179a4deed1c8b356469dae,a99bd64d617fd8c8,data/evaluation/robustness_v1/rob_mucs_hi_en_00487__opus.wav
rob_mucs_hi_en_00487__telephone,mucs_hi_en_00487,real,Hinglish,MUCS_OpenSLR104,,test,telephone,4.0,WAV/PCM_16,aa94767575c24171109937834e12c15868aa04269f5e3bf347e629a9efb6dbb4,a99bd64d617fd8c8,data/evaluation/robustness_v1/rob_mucs_hi_en_00487__telephone.wav
rob_mucs_hi_en_00487__lowpass,mucs_hi_en_00487,real,Hinglish,MUCS_OpenSLR104,,test,lowpass,4.0,WAV/PCM_16,426fea0ae491179bf0b9611d4316932ea3962fb0fa04ae3201dcdf5386873587,a99bd64d617fd8c8,data/evaluation/robustness_v1/rob_mucs_hi_en_00487__lowpass.wav
rob_mucs_hi_en_00487__multi_codec,mucs_hi_en_00487,real,Hinglish,MUCS_OpenSLR104,,test,multi_codec,4.0,WAV/PCM_16,68562fbb1765b6e1eb6529ba22237de73bcf0995a7561f7867594d0ba77ac5e7,a99bd64d617fd8c8,data/evaluation/robustness_v1/rob_mucs_hi_en_00487__multi_codec.wav
rob_mucs_hi_en_00505__mp3,mucs_hi_en_00505,real,Hinglish,MUCS_OpenSLR104,,test,mp3,4.0,WAV/PCM_16,4896b27160298fcb492442ab53f9394acc915c5b9cb406ec471e8231c7aeb1c2,deae480b11d7fd0e,data/evaluation/robustness_v1/rob_mucs_hi_en_00505__mp3.wav
rob_mucs_hi_en_00505__opus,mucs_hi_en_00505,real,Hinglish,MUCS_OpenSLR104,,test,opus,4.0,WAV/PCM_16,ee89ef70d08ee1a0c08e54a3da24c6c531eed015c41297b979d5b89a24cbee07,deae480b11d7fd0e,data/evaluation/robustness_v1/rob_mucs_hi_en_00505__opus.wav
rob_mucs_hi_en_00505__telephone,mucs_hi_en_00505,real,Hinglish,MUCS_OpenSLR104,,test,telephone,4.0,WAV/PCM_16,d6dd36a3de4c5726bc8da6341c11edbdea4811538d69d8c9520d8dc69df3c3c0,deae480b11d7fd0e,data/evaluation/robustness_v1/rob_mucs_hi_en_00505__telephone.wav
rob_mucs_hi_en_00505__lowpass,mucs_hi_en_00505,real,Hinglish,MUCS_OpenSLR104,,test,lowpass,4.0,WAV/PCM_16,c79b8203c56f3a680beb0f5a3d36bc937f479b8330130314272caf0103e1aa09,deae480b11d7fd0e,data/evaluation/robustness_v1/rob_mucs_hi_en_00505__lowpass.wav
rob_mucs_hi_en_00505__multi_codec,mucs_hi_en_00505,real,Hinglish,MUCS_OpenSLR104,,test,multi_codec,4.0,WAV/PCM_16,acad59bc5fa1da0dbe1c44521f36b7993cb9f64b2cf1bd35869730cd4532850e,deae480b11d7fd0e,data/evaluation/robustness_v1/rob_mucs_hi_en_00505__multi_codec.wav
rob_mucs_hi_en_01007__mp3,mucs_hi_en_01007,real,Hinglish,MUCS_OpenSLR104,,test,mp3,4.0,WAV/PCM_16,63635c172f56834c7e4d9b3a99a221d9e5bfd73c53b8f338a4a4f83521a92d0d,a99bd64d617fd8c8,data/evaluation/robustness_v1/rob_mucs_hi_en_01007__mp3.wav
rob_mucs_hi_en_01007__opus,mucs_hi_en_01007,real,Hinglish,MUCS_OpenSLR104,,test,opus,4.0,WAV/PCM_16,c3ab65ae12c378a1de0680f4c0197302abe96c04758d33856aedaf5853fa3dbe,a99bd64d617fd8c8,data/evaluation/robustness_v1/rob_mucs_hi_en_01007__opus.wav
rob_mucs_hi_en_01007__telephone,mucs_hi_en_01007,real,Hinglish,MUCS_OpenSLR104,,test,telephone,4.0,WAV/PCM_16,f06de75e13322641d4a3d16bfce7f82f421787f113d0a0d86a8d73a9d3eea576,a99bd64d617fd8c8,data/evaluation/robustness_v1/rob_mucs_hi_en_01007__telephone.wav
rob_mucs_hi_en_01007__lowpass,mucs_hi_en_01007,real,Hinglish,MUCS_OpenSLR104,,test,lowpass,4.0,WAV/PCM_16,11981a26b69d8dffa4653c794c2913c008bc0fbb349db6c69decce0bf0894945,a99bd64d617fd8c8,data/evaluation/robustness_v1/rob_mucs_hi_en_01007__lowpass.wav
rob_mucs_hi_en_01007__multi_codec,mucs_hi_en_01007,real,Hinglish,MUCS_OpenSLR104,,test,multi_codec,4.0,WAV/PCM_16,c64eb96ce82432ef2a0a02e40d54e19d7493ce776a4d59ae7a375fbb3e885b81,a99bd64d617fd8c8,data/evaluation/robustness_v1/rob_mucs_hi_en_01007__multi_codec.wav
rob_mucs_hi_en_01025__mp3,mucs_hi_en_01025,real,Hinglish,MUCS_OpenSLR104,,test,mp3,6.0,WAV/PCM_16,7f1266d96aeea13a866ba4b737212de8eb8478cde6b4baf5ac9a4905c80a5fbf,deae480b11d7fd0e,data/evaluation/robustness_v1/rob_mucs_hi_en_01025__mp3.wav
rob_mucs_hi_en_01025__opus,mucs_hi_en_01025,real,Hinglish,MUCS_OpenSLR104,,test,opus,6.0,WAV/PCM_16,d232038edc2b826224548cb04e912c055e9e44d8e20e73a3e4a206052fe6a95a,deae480b11d7fd0e,data/evaluation/robustness_v1/rob_mucs_hi_en_01025__opus.wav
rob_mucs_hi_en_01025__telephone,mucs_hi_en_01025,real,Hinglish,MUCS_OpenSLR104,,test,telephone,6.0,WAV/PCM_16,6866d97195c08e50f33e0a4352390e925175fcdc7f1852545de3c9436a8d6ed5,deae480b11d7fd0e,data/evaluation/robustness_v1/rob_mucs_hi_en_01025__telephone.wav
rob_mucs_hi_en_01025__lowpass,mucs_hi_en_01025,real,Hinglish,MUCS_OpenSLR104,,test,lowpass,6.0,WAV/PCM_16,23c336e4239f99b28a86ba2421ea7169f8b2a820dd7c1a7a124cb5bd15c46a1d,deae480b11d7fd0e,data/evaluation/robustness_v1/rob_mucs_hi_en_01025__lowpass.wav
rob_mucs_hi_en_01025__multi_codec,mucs_hi_en_01025,real,Hinglish,MUCS_OpenSLR104,,test,multi_codec,6.0,WAV/PCM_16,2e7c20463be6c740741b0f08fa8ec707bbfcd341bab01e6de2011cbeeddba5c0,deae480b11d7fd0e,data/evaluation/robustness_v1/rob_mucs_hi_en_01025__multi_codec.wav
rob_mucs_hi_en_01026__mp3,mucs_hi_en_01026,real,Hinglish,MUCS_OpenSLR104,,test,mp3,5.0,WAV/PCM_16,a8791c24264143461cafb2c43aef47692c3629453ce04d7039d70d28251251dd,fe56d8d6a0c721d7,data/evaluation/robustness_v1/rob_mucs_hi_en_01026__mp3.wav
rob_mucs_hi_en_01026__opus,mucs_hi_en_01026,real,Hinglish,MUCS_OpenSLR104,,test,opus,5.0,WAV/PCM_16,ebd41a1f1dd1a6a6897d6df8313a6745a988e2beb005f678ad28f379d41eb3a2,fe56d8d6a0c721d7,data/evaluation/robustness_v1/rob_mucs_hi_en_01026__opus.wav
rob_mucs_hi_en_01026__telephone,mucs_hi_en_01026,real,Hinglish,MUCS_OpenSLR104,,test,telephone,5.0,WAV/PCM_16,64d5bd0f106fa45250371a9c3a55b364f4652a78f4af9860001a7cdc80e679e0,fe56d8d6a0c721d7,data/evaluation/robustness_v1/rob_mucs_hi_en_01026__telephone.wav
rob_mucs_hi_en_01026__lowpass,mucs_hi_en_01026,real,Hinglish,MUCS_OpenSLR104,,test,lowpass,5.0,WAV/PCM_16,dccd96b379a9afaa7711b4015de47b11d6de6bff63ee73c09c89557115685f75,fe56d8d6a0c721d7,data/evaluation/robustness_v1/rob_mucs_hi_en_01026__lowpass.wav
rob_mucs_hi_en_01026__multi_codec,mucs_hi_en_01026,real,Hinglish,MUCS_OpenSLR104,,test,multi_codec,5.0,WAV/PCM_16,9ad5d1f5ca72a90b813fe4b5862688b72ae4012192d1bae21a21b93dcfcbfc9c,fe56d8d6a0c721d7,data/evaluation/robustness_v1/rob_mucs_hi_en_01026__multi_codec.wav
rob_mucs_hi_en_01108__mp3,mucs_hi_en_01108,real,Hinglish,MUCS_OpenSLR104,,test,mp3,7.0,WAV/PCM_16,a0bba44e786e8c462184dbd288eaba31dca644717909980d8e149b3a7654ce8e,675824c492381487,data/evaluation/robustness_v1/rob_mucs_hi_en_01108__mp3.wav
rob_mucs_hi_en_01108__opus,mucs_hi_en_01108,real,Hinglish,MUCS_OpenSLR104,,test,opus,7.0,WAV/PCM_16,c0b5cbc0f7f52495e5068b80231835e6e2a1b40a0b33308c84dbfb8963623e32,675824c492381487,data/evaluation/robustness_v1/rob_mucs_hi_en_01108__opus.wav
rob_mucs_hi_en_01108__telephone,mucs_hi_en_01108,real,Hinglish,MUCS_OpenSLR104,,test,telephone,7.0,WAV/PCM_16,70f02fbf16026dca261c597955d120a55dfdacf32d33cf297f3d3ed9fcd1d2c4,675824c492381487,data/evaluation/robustness_v1/rob_mucs_hi_en_01108__telephone.wav
rob_mucs_hi_en_01108__lowpass,mucs_hi_en_01108,real,Hinglish,MUCS_OpenSLR104,,test,lowpass,7.0,WAV/PCM_16,227e51b33e8cab2192715889af5c79891d36a428e7c83a66d83a53cf2dabd032,675824c492381487,data/evaluation/robustness_v1/rob_mucs_hi_en_01108__lowpass.wav
rob_mucs_hi_en_01108__multi_codec,mucs_hi_en_01108,real,Hinglish,MUCS_OpenSLR104,,test,multi_codec,7.0,WAV/PCM_16,a2a2d9161ca85b8c9246b373aab5c1ac767ee6066a5d916242d75542d63305ba,675824c492381487,data/evaluation/robustness_v1/rob_mucs_hi_en_01108__multi_codec.wav
rob_mucs_hi_en_01218__mp3,mucs_hi_en_01218,real,Hinglish,MUCS_OpenSLR104,,test,mp3,9.0,WAV/PCM_16,3977cf8c714850c726522b1bd71273e21d72c6a21b228f5b5b3864a4edc5ef51,5f85b02639ba7e5d,data/evaluation/robustness_v1/rob_mucs_hi_en_01218__mp3.wav
rob_mucs_hi_en_01218__opus,mucs_hi_en_01218,real,Hinglish,MUCS_OpenSLR104,,test,opus,9.0,WAV/PCM_16,9efe0da2976ebe5cb2ab936c6c785a08daa7f36d12b02e4ea3a7e27ec98cf6bb,5f85b02639ba7e5d,data/evaluation/robustness_v1/rob_mucs_hi_en_01218__opus.wav
rob_mucs_hi_en_01218__telephone,mucs_hi_en_01218,real,Hinglish,MUCS_OpenSLR104,,test,telephone,9.0,WAV/PCM_16,149b4d8f9c16f5c3566340b26a20aac9bbce73c53e2fc0bcb6739f13419f2093,5f85b02639ba7e5d,data/evaluation/robustness_v1/rob_mucs_hi_en_01218__telephone.wav
rob_mucs_hi_en_01218__lowpass,mucs_hi_en_01218,real,Hinglish,MUCS_OpenSLR104,,test,lowpass,9.0,WAV/PCM_16,c54284fb652e5d89af3f6f92a9aee44f693ddb25b3c0a3af93e8775ea6c8088b,5f85b02639ba7e5d,data/evaluation/robustness_v1/rob_mucs_hi_en_01218__lowpass.wav
rob_mucs_hi_en_01218__multi_codec,mucs_hi_en_01218,real,Hinglish,MUCS_OpenSLR104,,test,multi_codec,9.0,WAV/PCM_16,dd817145a79a280fce34a3e0fda682c1520b725107fbc57ea9d0d9256c3a5bd7,5f85b02639ba7e5d,data/evaluation/robustness_v1/rob_mucs_hi_en_01218__multi_codec.wav
rob_mucs_hi_en_01371__mp3,mucs_hi_en_01371,real,Hinglish,MUCS_OpenSLR104,,test,mp3,5.0,WAV/PCM_16,74b6a6c89eac3114633fb825958619f05fdb35c472d62e14b0b4be5db0f6686e,b476ff386872ae3a,data/evaluation/robustness_v1/rob_mucs_hi_en_01371__mp3.wav
rob_mucs_hi_en_01371__opus,mucs_hi_en_01371,real,Hinglish,MUCS_OpenSLR104,,test,opus,5.0,WAV/PCM_16,b57067865ab630e9c6c085ad3693b3ddf2e36f5c89b556b43c199b601f9fc3ec,b476ff386872ae3a,data/evaluation/robustness_v1/rob_mucs_hi_en_01371__opus.wav
rob_mucs_hi_en_01371__telephone,mucs_hi_en_01371,real,Hinglish,MUCS_OpenSLR104,,test,telephone,5.0,WAV/PCM_16,8f7376d4e1f80e38a56dc72176fa3553da934c214b7e8f38280c242e2e6a4887,b476ff386872ae3a,data/evaluation/robustness_v1/rob_mucs_hi_en_01371__telephone.wav
rob_mucs_hi_en_01371__lowpass,mucs_hi_en_01371,real,Hinglish,MUCS_OpenSLR104,,test,lowpass,5.0,WAV/PCM_16,91a75d95a9776312e815cbaddb0f4f15fe71a2d7e4d9643d726d6a5dd2ac0386,b476ff386872ae3a,data/evaluation/robustness_v1/rob_mucs_hi_en_01371__lowpass.wav
rob_mucs_hi_en_01371__multi_codec,mucs_hi_en_01371,real,Hinglish,MUCS_OpenSLR104,,test,multi_codec,5.0,WAV/PCM_16,323d2f0df3bdd6953fa2735841cc42a4ec6ce7899e97512bd8a711e377ae4bad,b476ff386872ae3a,data/evaluation/robustness_v1/rob_mucs_hi_en_01371__multi_codec.wav
rob_mucs_hi_en_01390__mp3,mucs_hi_en_01390,real,Hinglish,MUCS_OpenSLR104,,test,mp3,3.0,WAV/PCM_16,e9b8daedf5bb257c117d7690025d90c2c004014f8568e52b64d01a1466f42687,452977c52473c026,data/evaluation/robustness_v1/rob_mucs_hi_en_01390__mp3.wav
rob_mucs_hi_en_01390__opus,mucs_hi_en_01390,real,Hinglish,MUCS_OpenSLR104,,test,opus,3.0,WAV/PCM_16,28c3a25c3913f85257bffca461727d37f8583e02243cbbbd735a9e632f27bc69,452977c52473c026,data/evaluation/robustness_v1/rob_mucs_hi_en_01390__opus.wav
rob_mucs_hi_en_01390__telephone,mucs_hi_en_01390,real,Hinglish,MUCS_OpenSLR104,,test,telephone,3.0,WAV/PCM_16,a89183de4735e36d89f5ad4a2e3a28c7980d2ac9b8f35ae380a6b8c60c8fc7f3,452977c52473c026,data/evaluation/robustness_v1/rob_mucs_hi_en_01390__telephone.wav
rob_mucs_hi_en_01390__lowpass,mucs_hi_en_01390,real,Hinglish,MUCS_OpenSLR104,,test,lowpass,3.0,WAV/PCM_16,98318ff97c9a5e96a079a557bcf51b2a9401da3a74667a9adeab43874756bd0b,452977c52473c026,data/evaluation/robustness_v1/rob_mucs_hi_en_01390__lowpass.wav
rob_mucs_hi_en_01390__multi_codec,mucs_hi_en_01390,real,Hinglish,MUCS_OpenSLR104,,test,multi_codec,3.0,WAV/PCM_16,18a514376a47244545f32f55810a25a4301d0b9e7d2140bfa48a391314adba53,452977c52473c026,data/evaluation/robustness_v1/rob_mucs_hi_en_01390__multi_codec.wav
rob_mucs_hi_en_01394__mp3,mucs_hi_en_01394,real,Hinglish,MUCS_OpenSLR104,,test,mp3,13.0,WAV/PCM_16,31114047aa967a6c32e1a3cf229b9b3b21c3e005e863e2631ed670b19ed91a35,369933686915a6a7,data/evaluation/robustness_v1/rob_mucs_hi_en_01394__mp3.wav
rob_mucs_hi_en_01394__opus,mucs_hi_en_01394,real,Hinglish,MUCS_OpenSLR104,,test,opus,13.0,WAV/PCM_16,6eaf137bb7288603fe994441c2d439c0762669a5eeef994cfada77885652dd5d,369933686915a6a7,data/evaluation/robustness_v1/rob_mucs_hi_en_01394__opus.wav
rob_mucs_hi_en_01394__telephone,mucs_hi_en_01394,real,Hinglish,MUCS_OpenSLR104,,test,telephone,13.0,WAV/PCM_16,0c4215f36c78204ac0c3f7515b3cf5a9e4d5916c277fc449078c9c2b666dbe98,369933686915a6a7,data/evaluation/robustness_v1/rob_mucs_hi_en_01394__telephone.wav
rob_mucs_hi_en_01394__lowpass,mucs_hi_en_01394,real,Hinglish,MUCS_OpenSLR104,,test,lowpass,13.0,WAV/PCM_16,7a8e0a4c5ad45d86b3b51e38f3123c0c585052006f7f5d0636b64f770a9f0a88,369933686915a6a7,data/evaluation/robustness_v1/rob_mucs_hi_en_01394__lowpass.wav
rob_mucs_hi_en_01394__multi_codec,mucs_hi_en_01394,real,Hinglish,MUCS_OpenSLR104,,test,multi_codec,13.0,WAV/PCM_16,7c22cae6544773970913bfb53f0f16a8a69ebc03e0c3c82d87f2187170320c8e,369933686915a6a7,data/evaluation/robustness_v1/rob_mucs_hi_en_01394__multi_codec.wav
rob_mucs_hi_en_01416__mp3,mucs_hi_en_01416,real,Hinglish,MUCS_OpenSLR104,,test,mp3,5.0,WAV/PCM_16,08bed2580e48152a7db7dade5c71840ada072eb7a406c73b52594b81701e967d,7998a9c00cde055e,data/evaluation/robustness_v1/rob_mucs_hi_en_01416__mp3.wav
rob_mucs_hi_en_01416__opus,mucs_hi_en_01416,real,Hinglish,MUCS_OpenSLR104,,test,opus,5.0,WAV/PCM_16,bf4d271a9003bdb23d8d59f1406b487ad1464825b33d6799c39ec5d144a8d83c,7998a9c00cde055e,data/evaluation/robustness_v1/rob_mucs_hi_en_01416__opus.wav
rob_mucs_hi_en_01416__telephone,mucs_hi_en_01416,real,Hinglish,MUCS_OpenSLR104,,test,telephone,5.0,WAV/PCM_16,24a31eb7166ac577302520841da366fa26394410cf52f6bb9c7d8bad3e228593,7998a9c00cde055e,data/evaluation/robustness_v1/rob_mucs_hi_en_01416__telephone.wav
rob_mucs_hi_en_01416__lowpass,mucs_hi_en_01416,real,Hinglish,MUCS_OpenSLR104,,test,lowpass,5.0,WAV/PCM_16,17acd67679a2f97943a1a398894a1127ee3536fa015aa6eeb11934b76a08edf3,7998a9c00cde055e,data/evaluation/robustness_v1/rob_mucs_hi_en_01416__lowpass.wav
rob_mucs_hi_en_01416__multi_codec,mucs_hi_en_01416,real,Hinglish,MUCS_OpenSLR104,,test,multi_codec,5.0,WAV/PCM_16,3ab14de45601b9480c81710f88a9d6beef81ce24e0ff47be92a19b0867ff5662,7998a9c00cde055e,data/evaluation/robustness_v1/rob_mucs_hi_en_01416__multi_codec.wav
rob_mucs_hi_en_01419__mp3,mucs_hi_en_01419,real,Hinglish,MUCS_OpenSLR104,,test,mp3,6.0,WAV/PCM_16,5f6850331ffd468b14ac30992d27c62419afa95156002a33e20efa47b1769c4c,7ee10284e80b36d4,data/evaluation/robustness_v1/rob_mucs_hi_en_01419__mp3.wav
rob_mucs_hi_en_01419__opus,mucs_hi_en_01419,real,Hinglish,MUCS_OpenSLR104,,test,opus,6.0,WAV/PCM_16,7cf8aec932dfff55a1d8e0b95ae03ead662dec750b6d4f31d40bac1ffcbf3f71,7ee10284e80b36d4,data/evaluation/robustness_v1/rob_mucs_hi_en_01419__opus.wav
rob_mucs_hi_en_01419__telephone,mucs_hi_en_01419,real,Hinglish,MUCS_OpenSLR104,,test,telephone,6.0,WAV/PCM_16,896e108cfac902bddaf4fbf21112d135654fa9c7835bda675cd036b7c2207a48,7ee10284e80b36d4,data/evaluation/robustness_v1/rob_mucs_hi_en_01419__telephone.wav
rob_mucs_hi_en_01419__lowpass,mucs_hi_en_01419,real,Hinglish,MUCS_OpenSLR104,,test,lowpass,6.0,WAV/PCM_16,50a4b688ef336bd2444e15b09a1fa34caa25ff5e5584ab59406819a2020b5a24,7ee10284e80b36d4,data/evaluation/robustness_v1/rob_mucs_hi_en_01419__lowpass.wav
rob_mucs_hi_en_01419__multi_codec,mucs_hi_en_01419,real,Hinglish,MUCS_OpenSLR104,,test,multi_codec,6.0,WAV/PCM_16,e2b5d64223e40815991f462587860b1c0fdcd7427d3eba04989bd3eaf4a2cee5,7ee10284e80b36d4,data/evaluation/robustness_v1/rob_mucs_hi_en_01419__multi_codec.wav
rob_mucs_hi_en_01431__mp3,mucs_hi_en_01431,real,Hinglish,MUCS_OpenSLR104,,test,mp3,11.0,WAV/PCM_16,fa173945fdf06503ef5ba1e0ae767c5d681114cc127682920542fc29aa06d151,e9de4a4530a0771e,data/evaluation/robustness_v1/rob_mucs_hi_en_01431__mp3.wav
rob_mucs_hi_en_01431__opus,mucs_hi_en_01431,real,Hinglish,MUCS_OpenSLR104,,test,opus,11.0,WAV/PCM_16,dd679e7c0bff538d3a91219dffb068c57a4648422ddd6bf03d9921a69b1b0acd,e9de4a4530a0771e,data/evaluation/robustness_v1/rob_mucs_hi_en_01431__opus.wav
rob_mucs_hi_en_01431__telephone,mucs_hi_en_01431,real,Hinglish,MUCS_OpenSLR104,,test,telephone,11.0,WAV/PCM_16,4b264d5790acae87211cb41eb462ae60d22081b68942004ecce79959bc5c7c0a,e9de4a4530a0771e,data/evaluation/robustness_v1/rob_mucs_hi_en_01431__telephone.wav
rob_mucs_hi_en_01431__lowpass,mucs_hi_en_01431,real,Hinglish,MUCS_OpenSLR104,,test,lowpass,11.0,WAV/PCM_16,033376964c26a69d52d83526a23edaa574b837b1355e9af265109edbdfa557b8,e9de4a4530a0771e,data/evaluation/robustness_v1/rob_mucs_hi_en_01431__lowpass.wav
rob_mucs_hi_en_01431__multi_codec,mucs_hi_en_01431,real,Hinglish,MUCS_OpenSLR104,,test,multi_codec,11.0,WAV/PCM_16,253d6d99b2b76fb61df747e42071f2cacccad4ea4c62cb44c663b91fe54cc61c,e9de4a4530a0771e,data/evaluation/robustness_v1/rob_mucs_hi_en_01431__multi_codec.wav
rob_mucs_hi_en_01443__mp3,mucs_hi_en_01443,real,Hinglish,MUCS_OpenSLR104,,test,mp3,4.0,WAV/PCM_16,99500ffb823a9e88e83d4e01a1151f8b9e2c4e0812b384c9fbd8774220619fc1,acfb1c2103327e68,data/evaluation/robustness_v1/rob_mucs_hi_en_01443__mp3.wav
rob_mucs_hi_en_01443__opus,mucs_hi_en_01443,real,Hinglish,MUCS_OpenSLR104,,test,opus,4.0,WAV/PCM_16,6e8a42fdfe1d5a97d063b98f87615c55e015b0b00bad3e326ef0806416c40fac,acfb1c2103327e68,data/evaluation/robustness_v1/rob_mucs_hi_en_01443__opus.wav
rob_mucs_hi_en_01443__telephone,mucs_hi_en_01443,real,Hinglish,MUCS_OpenSLR104,,test,telephone,4.0,WAV/PCM_16,2152713007c1b92de646e62bddaa5477111230985d95f19b5bca80807cdff70a,acfb1c2103327e68,data/evaluation/robustness_v1/rob_mucs_hi_en_01443__telephone.wav
rob_mucs_hi_en_01443__lowpass,mucs_hi_en_01443,real,Hinglish,MUCS_OpenSLR104,,test,lowpass,4.0,WAV/PCM_16,978cdf739405e182ecf344d04225db220b24bde370b7da2fadc55c4db0f2b401,acfb1c2103327e68,data/evaluation/robustness_v1/rob_mucs_hi_en_01443__lowpass.wav
rob_mucs_hi_en_01443__multi_codec,mucs_hi_en_01443,real,Hinglish,MUCS_OpenSLR104,,test,multi_codec,4.0,WAV/PCM_16,fff3b76a2def8fee63e7325c037b893da6fe29fa31c16fa482081cd4dd6b59b2,acfb1c2103327e68,data/evaluation/robustness_v1/rob_mucs_hi_en_01443__multi_codec.wav
rob_mucs_hi_en_01447__mp3,mucs_hi_en_01447,real,Hinglish,MUCS_OpenSLR104,,test,mp3,4.0,WAV/PCM_16,dd3535086443bc1006de4309594ae052d24d6e37dfeb1470a2054014699787a7,455a482c1eeea5f7,data/evaluation/robustness_v1/rob_mucs_hi_en_01447__mp3.wav
rob_mucs_hi_en_01447__opus,mucs_hi_en_01447,real,Hinglish,MUCS_OpenSLR104,,test,opus,4.0,WAV/PCM_16,2dfe422f7f61d8d864c683b8327f11c884dc72cc36e26ba5adc54b60a0c01c47,455a482c1eeea5f7,data/evaluation/robustness_v1/rob_mucs_hi_en_01447__opus.wav
rob_mucs_hi_en_01447__telephone,mucs_hi_en_01447,real,Hinglish,MUCS_OpenSLR104,,test,telephone,4.0,WAV/PCM_16,33303d5438177c89d9d194d2416589453943bdec59e8d03b85cc32681ab63c66,455a482c1eeea5f7,data/evaluation/robustness_v1/rob_mucs_hi_en_01447__telephone.wav
rob_mucs_hi_en_01447__lowpass,mucs_hi_en_01447,real,Hinglish,MUCS_OpenSLR104,,test,lowpass,4.0,WAV/PCM_16,304b62677bff6a7606aa6b5fab1d714e3ef7c06951ec8275dbd108bd2d1957ac,455a482c1eeea5f7,data/evaluation/robustness_v1/rob_mucs_hi_en_01447__lowpass.wav
rob_mucs_hi_en_01447__multi_codec,mucs_hi_en_01447,real,Hinglish,MUCS_OpenSLR104,,test,multi_codec,4.0,WAV/PCM_16,4eef2232e3793a0581712af5352fdfcb80ac65884bf474f9d6cd46df6ee6c2fe,455a482c1eeea5f7,data/evaluation/robustness_v1/rob_mucs_hi_en_01447__multi_codec.wav
rob_mucs_hi_en_01466__mp3,mucs_hi_en_01466,real,Hinglish,MUCS_OpenSLR104,,test,mp3,7.0,WAV/PCM_16,6e62a04dc47d6518e5f6de737e621affccc2a3aca743f960a915a2f0c4cd1ae7,61b4fe0a003994e2,data/evaluation/robustness_v1/rob_mucs_hi_en_01466__mp3.wav
rob_mucs_hi_en_01466__opus,mucs_hi_en_01466,real,Hinglish,MUCS_OpenSLR104,,test,opus,7.0,WAV/PCM_16,7bdbddbeb6d593dc44f8e362201b7c498db771ce56cfa1b7ff7c5e338a427163,61b4fe0a003994e2,data/evaluation/robustness_v1/rob_mucs_hi_en_01466__opus.wav
rob_mucs_hi_en_01466__telephone,mucs_hi_en_01466,real,Hinglish,MUCS_OpenSLR104,,test,telephone,7.0,WAV/PCM_16,a18bf68d72e6f4de376c89425d464013c3a6e37446f12709fdf2b38b3cfc77ba,61b4fe0a003994e2,data/evaluation/robustness_v1/rob_mucs_hi_en_01466__telephone.wav
rob_mucs_hi_en_01466__lowpass,mucs_hi_en_01466,real,Hinglish,MUCS_OpenSLR104,,test,lowpass,7.0,WAV/PCM_16,e375b42f29e94c03ca79d43b26f39246b17bd26dc1a9f937fb2dd79a3dcfbbea,61b4fe0a003994e2,data/evaluation/robustness_v1/rob_mucs_hi_en_01466__lowpass.wav
rob_mucs_hi_en_01466__multi_codec,mucs_hi_en_01466,real,Hinglish,MUCS_OpenSLR104,,test,multi_codec,7.0,WAV/PCM_16,95e471da33e3065340dd2f7a3ffb92f69d855d3edeeb919546ce8153b3cf20fc,61b4fe0a003994e2,data/evaluation/robustness_v1/rob_mucs_hi_en_01466__multi_codec.wav
rob_mucs_hi_en_01537__mp3,mucs_hi_en_01537,real,Hinglish,MUCS_OpenSLR104,,test,mp3,8.0,WAV/PCM_16,e351143fc1e5551e6a548e93467e5affddc9abacc2238ef823a157576588fdb0,46d024f8a97765d9,data/evaluation/robustness_v1/rob_mucs_hi_en_01537__mp3.wav
rob_mucs_hi_en_01537__opus,mucs_hi_en_01537,real,Hinglish,MUCS_OpenSLR104,,test,opus,8.0,WAV/PCM_16,2e54a4f4b7f9d463ac16a6a4d3de2b390aa0345feaa277ed335286592b4033f2,46d024f8a97765d9,data/evaluation/robustness_v1/rob_mucs_hi_en_01537__opus.wav
rob_mucs_hi_en_01537__telephone,mucs_hi_en_01537,real,Hinglish,MUCS_OpenSLR104,,test,telephone,8.0,WAV/PCM_16,8cd3c1ae0742386f2dee9eaa0831a4d639a660e1dac30bb070142847074bc2ac,46d024f8a97765d9,data/evaluation/robustness_v1/rob_mucs_hi_en_01537__telephone.wav
rob_mucs_hi_en_01537__lowpass,mucs_hi_en_01537,real,Hinglish,MUCS_OpenSLR104,,test,lowpass,8.0,WAV/PCM_16,f8a3cd0f478490d748e210b2ee391d7fa456f525e0105f4306870d8e688959d6,46d024f8a97765d9,data/evaluation/robustness_v1/rob_mucs_hi_en_01537__lowpass.wav
rob_mucs_hi_en_01537__multi_codec,mucs_hi_en_01537,real,Hinglish,MUCS_OpenSLR104,,test,multi_codec,8.0,WAV/PCM_16,900065dd073bf7a36bf719bc4bdcc319bf230c4743b8b1c2e9c5af3d2736f645,46d024f8a97765d9,data/evaluation/robustness_v1/rob_mucs_hi_en_01537__multi_codec.wav
rob_mucs_hi_en_01619__mp3,mucs_hi_en_01619,real,Hinglish,MUCS_OpenSLR104,,test,mp3,5.0,WAV/PCM_16,78a19009feece5e1f7c85ba887abf015bd08f58302026e60857781884c370b17,e89967edf28bb02d,data/evaluation/robustness_v1/rob_mucs_hi_en_01619__mp3.wav
rob_mucs_hi_en_01619__opus,mucs_hi_en_01619,real,Hinglish,MUCS_OpenSLR104,,test,opus,5.0,WAV/PCM_16,b67133bd9d19d9eb722dad9d94b9d7bb8459abcff6ae5dd0caf6ffdd067fc1cf,e89967edf28bb02d,data/evaluation/robustness_v1/rob_mucs_hi_en_01619__opus.wav
rob_mucs_hi_en_01619__telephone,mucs_hi_en_01619,real,Hinglish,MUCS_OpenSLR104,,test,telephone,5.0,WAV/PCM_16,80c69e52c4014dc2f98cb1d41011e31183ca6935f4193f57455e62fc5086f914,e89967edf28bb02d,data/evaluation/robustness_v1/rob_mucs_hi_en_01619__telephone.wav
rob_mucs_hi_en_01619__lowpass,mucs_hi_en_01619,real,Hinglish,MUCS_OpenSLR104,,test,lowpass,5.0,WAV/PCM_16,0af4f02865a62322b5a7d00ac491966566d089257a713ed3f2853930f8bcf059,e89967edf28bb02d,data/evaluation/robustness_v1/rob_mucs_hi_en_01619__lowpass.wav
rob_mucs_hi_en_01619__multi_codec,mucs_hi_en_01619,real,Hinglish,MUCS_OpenSLR104,,test,multi_codec,5.0,WAV/PCM_16,e209707277e3fb5593fe1870d8ad0a5c91702b57ed412b656346a49fbf29fc4b,e89967edf28bb02d,data/evaluation/robustness_v1/rob_mucs_hi_en_01619__multi_codec.wav
rob_mucs_hi_en_01738__mp3,mucs_hi_en_01738,real,Hinglish,MUCS_OpenSLR104,,test,mp3,4.0,WAV/PCM_16,cc55f630b65a0eb80c59bf250ce2aa414942fa055d9b99c078b0de36232af44b,5f85b02639ba7e5d,data/evaluation/robustness_v1/rob_mucs_hi_en_01738__mp3.wav
rob_mucs_hi_en_01738__opus,mucs_hi_en_01738,real,Hinglish,MUCS_OpenSLR104,,test,opus,4.0,WAV/PCM_16,d06f973dd90646cf4aff03adc46f79e3564137e711a8845c4141a8470d025633,5f85b02639ba7e5d,data/evaluation/robustness_v1/rob_mucs_hi_en_01738__opus.wav
rob_mucs_hi_en_01738__telephone,mucs_hi_en_01738,real,Hinglish,MUCS_OpenSLR104,,test,telephone,4.0,WAV/PCM_16,d0327102c832d37443cccf549654df60313f904d7ac370ab1a7176b75e2736b8,5f85b02639ba7e5d,data/evaluation/robustness_v1/rob_mucs_hi_en_01738__telephone.wav
rob_mucs_hi_en_01738__lowpass,mucs_hi_en_01738,real,Hinglish,MUCS_OpenSLR104,,test,lowpass,4.0,WAV/PCM_16,41167974fa30b02a37249170dd7058f3dec199c24496be855a3573f80976be92,5f85b02639ba7e5d,data/evaluation/robustness_v1/rob_mucs_hi_en_01738__lowpass.wav
rob_mucs_hi_en_01738__multi_codec,mucs_hi_en_01738,real,Hinglish,MUCS_OpenSLR104,,test,multi_codec,4.0,WAV/PCM_16,bc658492c0b6192124153b6a9a13482c54acf6af31db74ef67ed64cf04d554eb,5f85b02639ba7e5d,data/evaluation/robustness_v1/rob_mucs_hi_en_01738__multi_codec.wav
rob_mucs_hi_en_01808__mp3,mucs_hi_en_01808,real,Hinglish,MUCS_OpenSLR104,,test,mp3,4.0,WAV/PCM_16,22b7413614d15fc111e876a0b7db50fc79732358e2f5b90e8d85e024bafb70b4,2594e95e209a903e,data/evaluation/robustness_v1/rob_mucs_hi_en_01808__mp3.wav
rob_mucs_hi_en_01808__opus,mucs_hi_en_01808,real,Hinglish,MUCS_OpenSLR104,,test,opus,4.0,WAV/PCM_16,a33201841ea38ef00f1791a5c03ff5c7277c839254ce6759eafca75f977c0747,2594e95e209a903e,data/evaluation/robustness_v1/rob_mucs_hi_en_01808__opus.wav
rob_mucs_hi_en_01808__telephone,mucs_hi_en_01808,real,Hinglish,MUCS_OpenSLR104,,test,telephone,4.0,WAV/PCM_16,62a5f08e9e628fc8f1904dc03e771520e3892627bdf9c0adb464665ae99dfc16,2594e95e209a903e,data/evaluation/robustness_v1/rob_mucs_hi_en_01808__telephone.wav
rob_mucs_hi_en_01808__lowpass,mucs_hi_en_01808,real,Hinglish,MUCS_OpenSLR104,,test,lowpass,4.0,WAV/PCM_16,1aac0270b018f2a50c0be6b3b600ce5fdeac860ed1e1dbc57571167b7ef1b75f,2594e95e209a903e,data/evaluation/robustness_v1/rob_mucs_hi_en_01808__lowpass.wav
rob_mucs_hi_en_01808__multi_codec,mucs_hi_en_01808,real,Hinglish,MUCS_OpenSLR104,,test,multi_codec,4.0,WAV/PCM_16,c1a7928ad0e437167e371a9afbbd789687260a5ceb2ccb640e6f45c5b184f890,2594e95e209a903e,data/evaluation/robustness_v1/rob_mucs_hi_en_01808__multi_codec.wav
rob_mucs_hi_en_01896__mp3,mucs_hi_en_01896,real,Hinglish,MUCS_OpenSLR104,,test,mp3,5.0,WAV/PCM_16,3cec45c6de21c75f2c44c2f32d945a69af14b46eeeb291a474df73fac6dd6d8b,ab11e28a4884728f,data/evaluation/robustness_v1/rob_mucs_hi_en_01896__mp3.wav
rob_mucs_hi_en_01896__opus,mucs_hi_en_01896,real,Hinglish,MUCS_OpenSLR104,,test,opus,5.0,WAV/PCM_16,72bef14468c2d7b966a1b7f4cd0555e2ca494ca30c142bf617edde880742373e,ab11e28a4884728f,data/evaluation/robustness_v1/rob_mucs_hi_en_01896__opus.wav
rob_mucs_hi_en_01896__telephone,mucs_hi_en_01896,real,Hinglish,MUCS_OpenSLR104,,test,telephone,5.0,WAV/PCM_16,35a0ccc07631ff040adc9075aa2419bd59c0bed55ff5c259aa6a3dbf47b3db13,ab11e28a4884728f,data/evaluation/robustness_v1/rob_mucs_hi_en_01896__telephone.wav
rob_mucs_hi_en_01896__lowpass,mucs_hi_en_01896,real,Hinglish,MUCS_OpenSLR104,,test,lowpass,5.0,WAV/PCM_16,c828d2fab29b95c750541b43b10975dc7fe45191b5eb77bc8ea48bd36bc83080,ab11e28a4884728f,data/evaluation/robustness_v1/rob_mucs_hi_en_01896__lowpass.wav
rob_mucs_hi_en_01896__multi_codec,mucs_hi_en_01896,real,Hinglish,MUCS_OpenSLR104,,test,multi_codec,5.0,WAV/PCM_16,3a71a527c4cf2daf85a81d19a7c188939ab71565652e3858ed3b991c1428c789,ab11e28a4884728f,data/evaluation/robustness_v1/rob_mucs_hi_en_01896__multi_codec.wav
rob_mucs_hi_en_01906__mp3,mucs_hi_en_01906,real,Hinglish,MUCS_OpenSLR104,,test,mp3,5.0,WAV/PCM_16,036257187a00bdcf873f9b9be6e328578e49a68ad025d7d7441a030262d753ff,3320a470eb6e6fc8,data/evaluation/robustness_v1/rob_mucs_hi_en_01906__mp3.wav
rob_mucs_hi_en_01906__opus,mucs_hi_en_01906,real,Hinglish,MUCS_OpenSLR104,,test,opus,5.0,WAV/PCM_16,08d79e06a96882be1194cc6ad62b28e9417d90e87cb9490881a913b2f79e709d,3320a470eb6e6fc8,data/evaluation/robustness_v1/rob_mucs_hi_en_01906__opus.wav
rob_mucs_hi_en_01906__telephone,mucs_hi_en_01906,real,Hinglish,MUCS_OpenSLR104,,test,telephone,5.0,WAV/PCM_16,64226cf51100b0652cadca135ec677ef22a17dc2f1be67aee482b3993b4046ed,3320a470eb6e6fc8,data/evaluation/robustness_v1/rob_mucs_hi_en_01906__telephone.wav
rob_mucs_hi_en_01906__lowpass,mucs_hi_en_01906,real,Hinglish,MUCS_OpenSLR104,,test,lowpass,5.0,WAV/PCM_16,b1aa0e9914c84a5efbab67cd1d8a0be9c5cb39a6c2c2c7513e39ffc3a750c97c,3320a470eb6e6fc8,data/evaluation/robustness_v1/rob_mucs_hi_en_01906__lowpass.wav
rob_mucs_hi_en_01906__multi_codec,mucs_hi_en_01906,real,Hinglish,MUCS_OpenSLR104,,test,multi_codec,5.0,WAV/PCM_16,135397a5c34cf2474551b300a78979c191b135edc2cacf9c06913f98a172cf8c,3320a470eb6e6fc8,data/evaluation/robustness_v1/rob_mucs_hi_en_01906__multi_codec.wav
rob_mucs_hi_en_01939__mp3,mucs_hi_en_01939,real,Hinglish,MUCS_OpenSLR104,,test,mp3,7.0,WAV/PCM_16,970d0fb4b5a8f0a5ae5232f9e4b4625e7922a48e5666175cb89d78012f56a72c,7ee10284e80b36d4,data/evaluation/robustness_v1/rob_mucs_hi_en_01939__mp3.wav
rob_mucs_hi_en_01939__opus,mucs_hi_en_01939,real,Hinglish,MUCS_OpenSLR104,,test,opus,7.0,WAV/PCM_16,db4a8f1597584b2b42646377c0cbc3018fb22e3cd5e356c0b191bd7a1f1a6f33,7ee10284e80b36d4,data/evaluation/robustness_v1/rob_mucs_hi_en_01939__opus.wav
rob_mucs_hi_en_01939__telephone,mucs_hi_en_01939,real,Hinglish,MUCS_OpenSLR104,,test,telephone,7.0,WAV/PCM_16,47fae91248bc57f5918d6c6b77680ab171afc1436d4447767bd69e2058631d78,7ee10284e80b36d4,data/evaluation/robustness_v1/rob_mucs_hi_en_01939__telephone.wav
rob_mucs_hi_en_01939__lowpass,mucs_hi_en_01939,real,Hinglish,MUCS_OpenSLR104,,test,lowpass,7.0,WAV/PCM_16,2bbefee43357bfe5028c47d768999fd00cd984070057a06b03f68d4c16c8b62e,7ee10284e80b36d4,data/evaluation/robustness_v1/rob_mucs_hi_en_01939__lowpass.wav
rob_mucs_hi_en_01939__multi_codec,mucs_hi_en_01939,real,Hinglish,MUCS_OpenSLR104,,test,multi_codec,7.0,WAV/PCM_16,dccf8b170a634a2c1ab4e70fc8d817f3d7f12e910a59c535966dfba225f53905,7ee10284e80b36d4,data/evaluation/robustness_v1/rob_mucs_hi_en_01939__multi_codec.wav
rob_mucs_hi_en_01941__mp3,mucs_hi_en_01941,real,Hinglish,MUCS_OpenSLR104,,test,mp3,11.0,WAV/PCM_16,5f984f2e6d79b1d7574c6b4ab265b9e9e693f771bd80917bfb796c72dd1dbb57,928bdd7159412997,data/evaluation/robustness_v1/rob_mucs_hi_en_01941__mp3.wav
rob_mucs_hi_en_01941__opus,mucs_hi_en_01941,real,Hinglish,MUCS_OpenSLR104,,test,opus,11.0,WAV/PCM_16,675011a6f0147b49b409f7dac9b128ed7a77ceba19f606002dc03e51e506bcfb,928bdd7159412997,data/evaluation/robustness_v1/rob_mucs_hi_en_01941__opus.wav
rob_mucs_hi_en_01941__telephone,mucs_hi_en_01941,real,Hinglish,MUCS_OpenSLR104,,test,telephone,11.0,WAV/PCM_16,604a5752de0acf4f726ccd9cad6a36d21c07b0ae668f101c50cf11763f3b19e0,928bdd7159412997,data/evaluation/robustness_v1/rob_mucs_hi_en_01941__telephone.wav
rob_mucs_hi_en_01941__lowpass,mucs_hi_en_01941,real,Hinglish,MUCS_OpenSLR104,,test,lowpass,11.0,WAV/PCM_16,da22f6ee7de9aebf6983e58a8d9695c11af04fbb0ebd5147c4be7b67e4ce5c8e,928bdd7159412997,data/evaluation/robustness_v1/rob_mucs_hi_en_01941__lowpass.wav
rob_mucs_hi_en_01941__multi_codec,mucs_hi_en_01941,real,Hinglish,MUCS_OpenSLR104,,test,multi_codec,11.0,WAV/PCM_16,47f66c9d55ef2fc7517362f39db373a1d86f2220207b9f5ed6d067dd6b00d33e,928bdd7159412997,data/evaluation/robustness_v1/rob_mucs_hi_en_01941__multi_codec.wav
rob_mucs_hi_en_02032__mp3,mucs_hi_en_02032,real,Hinglish,MUCS_OpenSLR104,,test,mp3,7.0,WAV/PCM_16,46e44c20b6eb7aca23c7f5b37b6c560d72c159a308008d19765f0c9a5f0b9060,86c47937fb3a884d,data/evaluation/robustness_v1/rob_mucs_hi_en_02032__mp3.wav
rob_mucs_hi_en_02032__opus,mucs_hi_en_02032,real,Hinglish,MUCS_OpenSLR104,,test,opus,7.0,WAV/PCM_16,c93250913f9a0d83627202e856205b08fde733990ad909af84f9c09f984e2830,86c47937fb3a884d,data/evaluation/robustness_v1/rob_mucs_hi_en_02032__opus.wav
rob_mucs_hi_en_02032__telephone,mucs_hi_en_02032,real,Hinglish,MUCS_OpenSLR104,,test,telephone,7.0,WAV/PCM_16,3695e4169e2af9b4b0d69fa8ff654cc1a3823e3d1d9e4fb0b6581c432737ae61,86c47937fb3a884d,data/evaluation/robustness_v1/rob_mucs_hi_en_02032__telephone.wav
rob_mucs_hi_en_02032__lowpass,mucs_hi_en_02032,real,Hinglish,MUCS_OpenSLR104,,test,lowpass,7.0,WAV/PCM_16,716e086f0a7a7e0df550b1b6adca1e8c03f9e56e23005788f04c4d44090a4f4a,86c47937fb3a884d,data/evaluation/robustness_v1/rob_mucs_hi_en_02032__lowpass.wav
rob_mucs_hi_en_02032__multi_codec,mucs_hi_en_02032,real,Hinglish,MUCS_OpenSLR104,,test,multi_codec,7.0,WAV/PCM_16,c90360085e0f084c84d774903ba8ca3dc7cb180771cf8fe145ff4e3f568d2528,86c47937fb3a884d,data/evaluation/robustness_v1/rob_mucs_hi_en_02032__multi_codec.wav
rob_mucs_hi_en_02328__mp3,mucs_hi_en_02328,real,Hinglish,MUCS_OpenSLR104,,test,mp3,3.0,WAV/PCM_16,8e9c65efcd231fd14f57c252cb88700dcc872fa7eba2738384a9fa44e529dcab,2594e95e209a903e,data/evaluation/robustness_v1/rob_mucs_hi_en_02328__mp3.wav
rob_mucs_hi_en_02328__opus,mucs_hi_en_02328,real,Hinglish,MUCS_OpenSLR104,,test,opus,3.0,WAV/PCM_16,a3dc4fb0706d1793fc1d5721550271be3cd6d272fcd57b32e45847583b906867,2594e95e209a903e,data/evaluation/robustness_v1/rob_mucs_hi_en_02328__opus.wav
rob_mucs_hi_en_02328__telephone,mucs_hi_en_02328,real,Hinglish,MUCS_OpenSLR104,,test,telephone,3.0,WAV/PCM_16,c5c3adb13d30e6871654e27ee554abdb69344ea0d73cd0b729f9609a2bb5c744,2594e95e209a903e,data/evaluation/robustness_v1/rob_mucs_hi_en_02328__telephone.wav
rob_mucs_hi_en_02328__lowpass,mucs_hi_en_02328,real,Hinglish,MUCS_OpenSLR104,,test,lowpass,3.0,WAV/PCM_16,653c7c8debfd8ad31a5f626a4dda5286d97ed120d2d486f7ccb58b6fb3889aa9,2594e95e209a903e,data/evaluation/robustness_v1/rob_mucs_hi_en_02328__lowpass.wav
rob_mucs_hi_en_02328__multi_codec,mucs_hi_en_02328,real,Hinglish,MUCS_OpenSLR104,,test,multi_codec,3.0,WAV/PCM_16,c838bad6dfcae5b154fccb25f8981e91c9e2fc2cbb5e0b0b517e45fce4701452,2594e95e209a903e,data/evaluation/robustness_v1/rob_mucs_hi_en_02328__multi_codec.wav
rob_mucs_hi_en_02412__mp3,mucs_hi_en_02412,real,Hinglish,MUCS_OpenSLR104,,test,mp3,5.05,WAV/PCM_16,054c4a8b1aff885abb203f3438e848840761af53d5ec8ff2de4f85039780f9bb,5bc497e2df8dd9a0,data/evaluation/robustness_v1/rob_mucs_hi_en_02412__mp3.wav
rob_mucs_hi_en_02412__opus,mucs_hi_en_02412,real,Hinglish,MUCS_OpenSLR104,,test,opus,5.05,WAV/PCM_16,41f3c58157ddc4cc3e90c39ef8db045e43cef8698baffbcd083105b588a4116e,5bc497e2df8dd9a0,data/evaluation/robustness_v1/rob_mucs_hi_en_02412__opus.wav
rob_mucs_hi_en_02412__telephone,mucs_hi_en_02412,real,Hinglish,MUCS_OpenSLR104,,test,telephone,5.05,WAV/PCM_16,0fd0db815e1c11199cf01d76adadce6ba5bb27a65d3a009b9f586ebf89e12df5,5bc497e2df8dd9a0,data/evaluation/robustness_v1/rob_mucs_hi_en_02412__telephone.wav
rob_mucs_hi_en_02412__lowpass,mucs_hi_en_02412,real,Hinglish,MUCS_OpenSLR104,,test,lowpass,5.05,WAV/PCM_16,1bd33a9ed4d6fa5526cc405db7d0746aeec70b1c4a4f36ed2f6d12fc9e09b678,5bc497e2df8dd9a0,data/evaluation/robustness_v1/rob_mucs_hi_en_02412__lowpass.wav
rob_mucs_hi_en_02412__multi_codec,mucs_hi_en_02412,real,Hinglish,MUCS_OpenSLR104,,test,multi_codec,5.05,WAV/PCM_16,7509b2715a644fee57273387c554eed0d13abd2861b9415e9bd9b2035f447fb9,5bc497e2df8dd9a0,data/evaluation/robustness_v1/rob_mucs_hi_en_02412__multi_codec.wav
rob_mucs_hi_en_02459__mp3,mucs_hi_en_02459,real,Hinglish,MUCS_OpenSLR104,,test,mp3,3.0,WAV/PCM_16,6178b8284d7e3fa06b76824d818a7cda9b28ca1465def62e2dff0242e28b6e38,7ee10284e80b36d4,data/evaluation/robustness_v1/rob_mucs_hi_en_02459__mp3.wav
rob_mucs_hi_en_02459__opus,mucs_hi_en_02459,real,Hinglish,MUCS_OpenSLR104,,test,opus,3.0,WAV/PCM_16,1fcccacb7ba8f5ba493bcf90514cfe9a5654fe4c4fe4b564db1473adeb723814,7ee10284e80b36d4,data/evaluation/robustness_v1/rob_mucs_hi_en_02459__opus.wav
rob_mucs_hi_en_02459__telephone,mucs_hi_en_02459,real,Hinglish,MUCS_OpenSLR104,,test,telephone,3.0,WAV/PCM_16,689745c448bf9f8d8f1c411eb3b32ed95c098b5e0d5911461d6a7bdb1ff6d702,7ee10284e80b36d4,data/evaluation/robustness_v1/rob_mucs_hi_en_02459__telephone.wav
rob_mucs_hi_en_02459__lowpass,mucs_hi_en_02459,real,Hinglish,MUCS_OpenSLR104,,test,lowpass,3.0,WAV/PCM_16,0899248ef925794f12fb2ffb74d50221955ba43a496029c93104a5ec92d1b63e,7ee10284e80b36d4,data/evaluation/robustness_v1/rob_mucs_hi_en_02459__lowpass.wav
rob_mucs_hi_en_02459__multi_codec,mucs_hi_en_02459,real,Hinglish,MUCS_OpenSLR104,,test,multi_codec,3.0,WAV/PCM_16,1a882ede9a251ba6ef63fa77fdc8cf0c80b42e3d51adf61da4d520ce5c9d226b,7ee10284e80b36d4,data/evaluation/robustness_v1/rob_mucs_hi_en_02459__multi_codec.wav
rob_mucs_hi_en_02461__mp3,mucs_hi_en_02461,real,Hinglish,MUCS_OpenSLR104,,test,mp3,5.0,WAV/PCM_16,ad4fe66567993ef660edecd0ac3865ed137c239f877ffff9d0c3cc638f574420,928bdd7159412997,data/evaluation/robustness_v1/rob_mucs_hi_en_02461__mp3.wav
rob_mucs_hi_en_02461__opus,mucs_hi_en_02461,real,Hinglish,MUCS_OpenSLR104,,test,opus,5.0,WAV/PCM_16,4340e37131463ac5a3da6d365bf829bbbfd47acd4d36b6a94932eb2d901c1ae8,928bdd7159412997,data/evaluation/robustness_v1/rob_mucs_hi_en_02461__opus.wav
rob_mucs_hi_en_02461__telephone,mucs_hi_en_02461,real,Hinglish,MUCS_OpenSLR104,,test,telephone,5.0,WAV/PCM_16,ad9f86dcef86f2c424bd0ab4f3f1858ddc8d8031bd34b7dad16984fb32623044,928bdd7159412997,data/evaluation/robustness_v1/rob_mucs_hi_en_02461__telephone.wav
rob_mucs_hi_en_02461__lowpass,mucs_hi_en_02461,real,Hinglish,MUCS_OpenSLR104,,test,lowpass,5.0,WAV/PCM_16,5cac3f9cbd5a9e7d03aff89052e872148504d06ce382a88e3a4a565e67075222,928bdd7159412997,data/evaluation/robustness_v1/rob_mucs_hi_en_02461__lowpass.wav
rob_mucs_hi_en_02461__multi_codec,mucs_hi_en_02461,real,Hinglish,MUCS_OpenSLR104,,test,multi_codec,5.0,WAV/PCM_16,e80cb768966ca4b94b94e0edfb03e8d02555e6688aaa1d6522be77359943f4ba,928bdd7159412997,data/evaluation/robustness_v1/rob_mucs_hi_en_02461__multi_codec.wav
rob_mucs_hi_en_02507__mp3,mucs_hi_en_02507,real,Hinglish,MUCS_OpenSLR104,,test,mp3,5.06,WAV/PCM_16,151326df5261c965f784f1884dda4f6481545772a29213e01acb4451f5adeeb2,0d0dabe1e432ed82,data/evaluation/robustness_v1/rob_mucs_hi_en_02507__mp3.wav
rob_mucs_hi_en_02507__opus,mucs_hi_en_02507,real,Hinglish,MUCS_OpenSLR104,,test,opus,5.06,WAV/PCM_16,17d7baed944bacee45ee8cc230f6b2fad3afc9eb1251e5e4e22c6ce67d3a37ee,0d0dabe1e432ed82,data/evaluation/robustness_v1/rob_mucs_hi_en_02507__opus.wav
rob_mucs_hi_en_02507__telephone,mucs_hi_en_02507,real,Hinglish,MUCS_OpenSLR104,,test,telephone,5.06,WAV/PCM_16,db378b82c1024bb3b58e2cef7fd6cb73c1ba279c01551292696ebbfecafcfc43,0d0dabe1e432ed82,data/evaluation/robustness_v1/rob_mucs_hi_en_02507__telephone.wav
rob_mucs_hi_en_02507__lowpass,mucs_hi_en_02507,real,Hinglish,MUCS_OpenSLR104,,test,lowpass,5.06,WAV/PCM_16,405d12facc8482513fab769218885b9ece315a6340547971fd83b1ff18f390af,0d0dabe1e432ed82,data/evaluation/robustness_v1/rob_mucs_hi_en_02507__lowpass.wav
rob_mucs_hi_en_02507__multi_codec,mucs_hi_en_02507,real,Hinglish,MUCS_OpenSLR104,,test,multi_codec,5.06,WAV/PCM_16,ca9583dd5a30e0fe7f0392700363d609e7d2e00e11b1e0e407c4631f960a5272,0d0dabe1e432ed82,data/evaluation/robustness_v1/rob_mucs_hi_en_02507__multi_codec.wav
rob_mucs_hi_en_02516__mp3,mucs_hi_en_02516,real,Hinglish,MUCS_OpenSLR104,,test,mp3,13.0,WAV/PCM_16,0db9607d8465c00f754ef8a020a2603fea68e1146fbe3d71a0280fdf05ed7cac,7a871064a74e2bc7,data/evaluation/robustness_v1/rob_mucs_hi_en_02516__mp3.wav
rob_mucs_hi_en_02516__opus,mucs_hi_en_02516,real,Hinglish,MUCS_OpenSLR104,,test,opus,13.0,WAV/PCM_16,48bdd6950f65692813255ff57a6066504130f6deb0a019ad4f15b9b0c8e3a4fb,7a871064a74e2bc7,data/evaluation/robustness_v1/rob_mucs_hi_en_02516__opus.wav
rob_mucs_hi_en_02516__telephone,mucs_hi_en_02516,real,Hinglish,MUCS_OpenSLR104,,test,telephone,13.0,WAV/PCM_16,0b14957f9153c538765ba9f36e5b3824c536956b9c6c0e18745b3ed89566a566,7a871064a74e2bc7,data/evaluation/robustness_v1/rob_mucs_hi_en_02516__telephone.wav
rob_mucs_hi_en_02516__lowpass,mucs_hi_en_02516,real,Hinglish,MUCS_OpenSLR104,,test,lowpass,13.0,WAV/PCM_16,9785b7cad205306d13b75d190da68f6c0f0761680e9dc761e6d50491cba41bbe,7a871064a74e2bc7,data/evaluation/robustness_v1/rob_mucs_hi_en_02516__lowpass.wav
rob_mucs_hi_en_02516__multi_codec,mucs_hi_en_02516,real,Hinglish,MUCS_OpenSLR104,,test,multi_codec,13.0,WAV/PCM_16,82ac41373aaa48d523562cd2808f93024d231cf15ae3fb61c6be7efd249e806c,7a871064a74e2bc7,data/evaluation/robustness_v1/rob_mucs_hi_en_02516__multi_codec.wav
rob_mucs_hi_en_02585__mp3,mucs_hi_en_02585,real,Hinglish,MUCS_OpenSLR104,,test,mp3,4.0,WAV/PCM_16,9edbe504c200ab84e62e53bbafb5588ee74c84df2107ee32ce29a3aac5ad8530,deae480b11d7fd0e,data/evaluation/robustness_v1/rob_mucs_hi_en_02585__mp3.wav
rob_mucs_hi_en_02585__opus,mucs_hi_en_02585,real,Hinglish,MUCS_OpenSLR104,,test,opus,4.0,WAV/PCM_16,73158d398706972e396b6a94d3d4fc5032a726cde5374c18ac130ef833148c58,deae480b11d7fd0e,data/evaluation/robustness_v1/rob_mucs_hi_en_02585__opus.wav
rob_mucs_hi_en_02585__telephone,mucs_hi_en_02585,real,Hinglish,MUCS_OpenSLR104,,test,telephone,4.0,WAV/PCM_16,eba092e570e2d8fd3479fd57ecfd62beb367ad7332425c65cadf1d17d16fbb50,deae480b11d7fd0e,data/evaluation/robustness_v1/rob_mucs_hi_en_02585__telephone.wav
rob_mucs_hi_en_02585__lowpass,mucs_hi_en_02585,real,Hinglish,MUCS_OpenSLR104,,test,lowpass,4.0,WAV/PCM_16,ec6c74774ecd9b513124fe50868a5cfd6e41ccd1242fbfc65f5a31e249b20ea2,deae480b11d7fd0e,data/evaluation/robustness_v1/rob_mucs_hi_en_02585__lowpass.wav
rob_mucs_hi_en_02585__multi_codec,mucs_hi_en_02585,real,Hinglish,MUCS_OpenSLR104,,test,multi_codec,4.0,WAV/PCM_16,60ded981cdbfdec0394ae688ad73766fbf5b6cd9491c44efb2e1227ffd0b80bf,deae480b11d7fd0e,data/evaluation/robustness_v1/rob_mucs_hi_en_02585__multi_codec.wav
rob_mucs_hi_en_02592__mp3,mucs_hi_en_02592,real,Hinglish,MUCS_OpenSLR104,,test,mp3,17.0,WAV/PCM_16,5aeafaa7fd9a9662f588b8b516b03d7ee4dd92dfc69a14caa453e2df3c4ba3cd,baa49f6f51d19f9e,data/evaluation/robustness_v1/rob_mucs_hi_en_02592__mp3.wav
rob_mucs_hi_en_02592__opus,mucs_hi_en_02592,real,Hinglish,MUCS_OpenSLR104,,test,opus,17.0,WAV/PCM_16,27070a09686668fba621d603d4e6555b18c02c4bfdccdeb84eacd3f1fdf57c50,baa49f6f51d19f9e,data/evaluation/robustness_v1/rob_mucs_hi_en_02592__opus.wav
rob_mucs_hi_en_02592__telephone,mucs_hi_en_02592,real,Hinglish,MUCS_OpenSLR104,,test,telephone,17.0,WAV/PCM_16,3c11ee0ccac9f6b29213b8fe481a60975173b98ec65d254e6ca500d73eef241f,baa49f6f51d19f9e,data/evaluation/robustness_v1/rob_mucs_hi_en_02592__telephone.wav
rob_mucs_hi_en_02592__lowpass,mucs_hi_en_02592,real,Hinglish,MUCS_OpenSLR104,,test,lowpass,17.0,WAV/PCM_16,10b9a964c66c37a8a22a54e16e4f03185a25bde0552d73d4fd49d36b8be10e5f,baa49f6f51d19f9e,data/evaluation/robustness_v1/rob_mucs_hi_en_02592__lowpass.wav
rob_mucs_hi_en_02592__multi_codec,mucs_hi_en_02592,real,Hinglish,MUCS_OpenSLR104,,test,multi_codec,17.0,WAV/PCM_16,f96a595ec47461e14dbca2a45006ba311a726236b608751c83510a6c5f9b965e,baa49f6f51d19f9e,data/evaluation/robustness_v1/rob_mucs_hi_en_02592__multi_codec.wav
rob_mucs_hi_en_02612__mp3,mucs_hi_en_02612,real,Hinglish,MUCS_OpenSLR104,,test,mp3,4.0,WAV/PCM_16,de04570c9b1ce5d14e7b77d2fc6bd3d85e13e14b8f5935c4d70e02aab4e03274,d8327f40543912a4,data/evaluation/robustness_v1/rob_mucs_hi_en_02612__mp3.wav
rob_mucs_hi_en_02612__opus,mucs_hi_en_02612,real,Hinglish,MUCS_OpenSLR104,,test,opus,4.0,WAV/PCM_16,fe0a350e2605593b44b16c41c0b700a00f029804bc0b25c1582410f8f37e10eb,d8327f40543912a4,data/evaluation/robustness_v1/rob_mucs_hi_en_02612__opus.wav
rob_mucs_hi_en_02612__telephone,mucs_hi_en_02612,real,Hinglish,MUCS_OpenSLR104,,test,telephone,4.0,WAV/PCM_16,d406083eabbe6f8dc9055cf3c145cb0f32bffffbc8c29d302d075105120fc92a,d8327f40543912a4,data/evaluation/robustness_v1/rob_mucs_hi_en_02612__telephone.wav
rob_mucs_hi_en_02612__lowpass,mucs_hi_en_02612,real,Hinglish,MUCS_OpenSLR104,,test,lowpass,4.0,WAV/PCM_16,8c9cfabbbf5ffb63d9026a6e55251ef26f4015eb0c9c4cbc27759f69c4d75626,d8327f40543912a4,data/evaluation/robustness_v1/rob_mucs_hi_en_02612__lowpass.wav
rob_mucs_hi_en_02612__multi_codec,mucs_hi_en_02612,real,Hinglish,MUCS_OpenSLR104,,test,multi_codec,4.0,WAV/PCM_16,fd98dbca1e662ac3f753748578ab1f08d3b7ad3ba5bd6b36228a6984f85f29a8,d8327f40543912a4,data/evaluation/robustness_v1/rob_mucs_hi_en_02612__multi_codec.wav
rob_mucs_hi_en_02877__mp3,mucs_hi_en_02877,real,Hinglish,MUCS_OpenSLR104,,test,mp3,12.0,WAV/PCM_16,5eccb926034a304f5aa3c1dc655e34bc9b2f3df09cca35d3a0158700f130c545,767a1cf0308a3b5c,data/evaluation/robustness_v1/rob_mucs_hi_en_02877__mp3.wav
rob_mucs_hi_en_02877__opus,mucs_hi_en_02877,real,Hinglish,MUCS_OpenSLR104,,test,opus,12.0,WAV/PCM_16,00a0cde1421a1c85e75aa9fb9a32d895ec80607fe898891debd65dee3cacb223,767a1cf0308a3b5c,data/evaluation/robustness_v1/rob_mucs_hi_en_02877__opus.wav
rob_mucs_hi_en_02877__telephone,mucs_hi_en_02877,real,Hinglish,MUCS_OpenSLR104,,test,telephone,12.0,WAV/PCM_16,5874ef8df2a44d76a73d85e8c78fafb9660213b97f26b71252a6b1153dfd2619,767a1cf0308a3b5c,data/evaluation/robustness_v1/rob_mucs_hi_en_02877__telephone.wav
rob_mucs_hi_en_02877__lowpass,mucs_hi_en_02877,real,Hinglish,MUCS_OpenSLR104,,test,lowpass,12.0,WAV/PCM_16,0ecaaedd8c273a76a55ef826bdf95183e289454abbededaf6cf130169c7df7e9,767a1cf0308a3b5c,data/evaluation/robustness_v1/rob_mucs_hi_en_02877__lowpass.wav
rob_mucs_hi_en_02877__multi_codec,mucs_hi_en_02877,real,Hinglish,MUCS_OpenSLR104,,test,multi_codec,12.0,WAV/PCM_16,bebcb2ce81a6d9a4cb9733035d04cd0afc79923f5c36d86435f6068b35c150b5,767a1cf0308a3b5c,data/evaluation/robustness_v1/rob_mucs_hi_en_02877__multi_codec.wav
rob_mucs_hi_en_02936__mp3,mucs_hi_en_02936,real,Hinglish,MUCS_OpenSLR104,,test,mp3,3.0,WAV/PCM_16,7a6b11412f636396ef35cc26ead120a9c8ff17154479761ea2e81464fb93ba59,ab11e28a4884728f,data/evaluation/robustness_v1/rob_mucs_hi_en_02936__mp3.wav
rob_mucs_hi_en_02936__opus,mucs_hi_en_02936,real,Hinglish,MUCS_OpenSLR104,,test,opus,3.0,WAV/PCM_16,d0d5ef0cf21bfd9879a0df76d53cead7eb4b1b5ab6ece7257d237cf0156c2680,ab11e28a4884728f,data/evaluation/robustness_v1/rob_mucs_hi_en_02936__opus.wav
rob_mucs_hi_en_02936__telephone,mucs_hi_en_02936,real,Hinglish,MUCS_OpenSLR104,,test,telephone,3.0,WAV/PCM_16,895615b52326f89343dfbe8e7459926114e766f860f9de512e9bec1fbec60064,ab11e28a4884728f,data/evaluation/robustness_v1/rob_mucs_hi_en_02936__telephone.wav
rob_mucs_hi_en_02936__lowpass,mucs_hi_en_02936,real,Hinglish,MUCS_OpenSLR104,,test,lowpass,3.0,WAV/PCM_16,082a226b915d7eb717f242ba64c2ab6f7fa15f18a351bc1982c6d4fbcf51d20e,ab11e28a4884728f,data/evaluation/robustness_v1/rob_mucs_hi_en_02936__lowpass.wav
rob_mucs_hi_en_02936__multi_codec,mucs_hi_en_02936,real,Hinglish,MUCS_OpenSLR104,,test,multi_codec,3.0,WAV/PCM_16,d87653ceceab6e48f07365aa2573d84a5e4f028b29bfcd733166dcb4951398f0,ab11e28a4884728f,data/evaluation/robustness_v1/rob_mucs_hi_en_02936__multi_codec.wav
rob_mucs_hi_en_02950__mp3,mucs_hi_en_02950,real,Hinglish,MUCS_OpenSLR104,,test,mp3,12.0,WAV/PCM_16,f4faf1619a9d10821ff0703bcb70e6d6e53c1389212dbe5edbc395071abc850c,452977c52473c026,data/evaluation/robustness_v1/rob_mucs_hi_en_02950__mp3.wav
rob_mucs_hi_en_02950__opus,mucs_hi_en_02950,real,Hinglish,MUCS_OpenSLR104,,test,opus,12.0,WAV/PCM_16,4e2e3c1b75ff442ac217a75c9c1296981881345c513139665c9c75c89aadc7e6,452977c52473c026,data/evaluation/robustness_v1/rob_mucs_hi_en_02950__opus.wav
rob_mucs_hi_en_02950__telephone,mucs_hi_en_02950,real,Hinglish,MUCS_OpenSLR104,,test,telephone,12.0,WAV/PCM_16,9e6086962257ddf8a9d46dbcdda8f81cd50b06d0b9578bd8bfdbb3b55c4d7855,452977c52473c026,data/evaluation/robustness_v1/rob_mucs_hi_en_02950__telephone.wav
rob_mucs_hi_en_02950__lowpass,mucs_hi_en_02950,real,Hinglish,MUCS_OpenSLR104,,test,lowpass,12.0,WAV/PCM_16,eb1e5d964de78594db69c4ed90cb59822463b84e9ba5a4b46c7cc23815583fff,452977c52473c026,data/evaluation/robustness_v1/rob_mucs_hi_en_02950__lowpass.wav
rob_mucs_hi_en_02950__multi_codec,mucs_hi_en_02950,real,Hinglish,MUCS_OpenSLR104,,test,multi_codec,12.0,WAV/PCM_16,ab3bda45e43eb234a88a48612dfde1d0dbfe860553c6e6950e15e28f8e7c06aa,452977c52473c026,data/evaluation/robustness_v1/rob_mucs_hi_en_02950__multi_codec.wav
rob_mucs_hi_en_02975__mp3,mucs_hi_en_02975,real,Hinglish,MUCS_OpenSLR104,,test,mp3,5.0,WAV/PCM_16,ba5f89abee75f8b275a91f0a2cd5a0d184780cbbf9f21a174a2182c4f075680a,61d3ca260b1a8a9a,data/evaluation/robustness_v1/rob_mucs_hi_en_02975__mp3.wav
rob_mucs_hi_en_02975__opus,mucs_hi_en_02975,real,Hinglish,MUCS_OpenSLR104,,test,opus,5.0,WAV/PCM_16,dcabc882b812f1c4f0a1b9ebcb25ab87958e8f967930a1d8e4088195c585a179,61d3ca260b1a8a9a,data/evaluation/robustness_v1/rob_mucs_hi_en_02975__opus.wav
rob_mucs_hi_en_02975__telephone,mucs_hi_en_02975,real,Hinglish,MUCS_OpenSLR104,,test,telephone,5.0,WAV/PCM_16,c2c96f2285d14f1ce8b26ee184d5df73589c1d30caedf65e49c1a231140e4e77,61d3ca260b1a8a9a,data/evaluation/robustness_v1/rob_mucs_hi_en_02975__telephone.wav
rob_mucs_hi_en_02975__lowpass,mucs_hi_en_02975,real,Hinglish,MUCS_OpenSLR104,,test,lowpass,5.0,WAV/PCM_16,199e8f3894f9d298cec493e83b3681f04e074e8f181607788f07b9731c6ac521,61d3ca260b1a8a9a,data/evaluation/robustness_v1/rob_mucs_hi_en_02975__lowpass.wav
rob_mucs_hi_en_02975__multi_codec,mucs_hi_en_02975,real,Hinglish,MUCS_OpenSLR104,,test,multi_codec,5.0,WAV/PCM_16,aa3cb0dc05d6eeaf271cd79cec7fe4013e13c411ab9a503a7f776c516858b39f,61d3ca260b1a8a9a,data/evaluation/robustness_v1/rob_mucs_hi_en_02975__multi_codec.wav
rob_mucs_hi_en_02991__mp3,mucs_hi_en_02991,real,Hinglish,MUCS_OpenSLR104,,test,mp3,13.0,WAV/PCM_16,44f65075ab70a6f2e93fb960d9f9d8b7b019f711b093ec20a636fd173d0aaaac,e9de4a4530a0771e,data/evaluation/robustness_v1/rob_mucs_hi_en_02991__mp3.wav
rob_mucs_hi_en_02991__opus,mucs_hi_en_02991,real,Hinglish,MUCS_OpenSLR104,,test,opus,13.0,WAV/PCM_16,b67bf2c475c4a394f77672461224e0dc3a688fd8fe5776551453695d4f4a2f26,e9de4a4530a0771e,data/evaluation/robustness_v1/rob_mucs_hi_en_02991__opus.wav
rob_mucs_hi_en_02991__telephone,mucs_hi_en_02991,real,Hinglish,MUCS_OpenSLR104,,test,telephone,13.0,WAV/PCM_16,ebf88492dee4e20642a63807a2f9591273e456c82528b3b1a53cdd6bde209931,e9de4a4530a0771e,data/evaluation/robustness_v1/rob_mucs_hi_en_02991__telephone.wav
rob_mucs_hi_en_02991__lowpass,mucs_hi_en_02991,real,Hinglish,MUCS_OpenSLR104,,test,lowpass,13.0,WAV/PCM_16,0ee2cbdbe4e218b41ca3fe2ece4ffeff019064771d2da2b1e3631dd881ff498d,e9de4a4530a0771e,data/evaluation/robustness_v1/rob_mucs_hi_en_02991__lowpass.wav
rob_mucs_hi_en_02991__multi_codec,mucs_hi_en_02991,real,Hinglish,MUCS_OpenSLR104,,test,multi_codec,13.0,WAV/PCM_16,1d4b043e8c44a820d016c65796ae1a9734753e89f75df1cc4f5c9a5c37118078,e9de4a4530a0771e,data/evaluation/robustness_v1/rob_mucs_hi_en_02991__multi_codec.wav
rob_mucs_hi_en_02999__mp3,mucs_hi_en_02999,real,Hinglish,MUCS_OpenSLR104,,test,mp3,5.0,WAV/PCM_16,01cf45600ec2f639414989df7bc3ef14d622fc9926f2cc43de7d1e2fe27bc44f,b1b5d0afe3c67d71,data/evaluation/robustness_v1/rob_mucs_hi_en_02999__mp3.wav
rob_mucs_hi_en_02999__opus,mucs_hi_en_02999,real,Hinglish,MUCS_OpenSLR104,,test,opus,5.0,WAV/PCM_16,0cc7dbd76b07de4f40454d1ff9a293e10330548ad733d5e2c16926222fa8cd73,b1b5d0afe3c67d71,data/evaluation/robustness_v1/rob_mucs_hi_en_02999__opus.wav
rob_mucs_hi_en_02999__telephone,mucs_hi_en_02999,real,Hinglish,MUCS_OpenSLR104,,test,telephone,5.0,WAV/PCM_16,a185b4255a014fcd3a7a27eaf385dca069d1d340e38f2aee55b9a50840e3994e,b1b5d0afe3c67d71,data/evaluation/robustness_v1/rob_mucs_hi_en_02999__telephone.wav
rob_mucs_hi_en_02999__lowpass,mucs_hi_en_02999,real,Hinglish,MUCS_OpenSLR104,,test,lowpass,5.0,WAV/PCM_16,f38897d98530e7b5c05964a40c02e24df045346c16f5373705d193c3018aab9a,b1b5d0afe3c67d71,data/evaluation/robustness_v1/rob_mucs_hi_en_02999__lowpass.wav
rob_mucs_hi_en_02999__multi_codec,mucs_hi_en_02999,real,Hinglish,MUCS_OpenSLR104,,test,multi_codec,5.0,WAV/PCM_16,f921214b08eed8a4b7bf24ee8a6c2f51be84379b689b9f535178e297da7362a1,b1b5d0afe3c67d71,data/evaluation/robustness_v1/rob_mucs_hi_en_02999__multi_codec.wav
rob_mucs_hi_en_03031__mp3,mucs_hi_en_03031,real,Hinglish,MUCS_OpenSLR104,,test,mp3,5.0,WAV/PCM_16,d16b607ea173bac7fe69ddf30e632961fab77cfe206d71b31630502c8c30f4db,e83f283d135740a0,data/evaluation/robustness_v1/rob_mucs_hi_en_03031__mp3.wav
rob_mucs_hi_en_03031__opus,mucs_hi_en_03031,real,Hinglish,MUCS_OpenSLR104,,test,opus,5.0,WAV/PCM_16,892e3cdd2e7239b22f3450f6ba4ff298c96cb26a2314fcb7bfa5f89e66df6233,e83f283d135740a0,data/evaluation/robustness_v1/rob_mucs_hi_en_03031__opus.wav
rob_mucs_hi_en_03031__telephone,mucs_hi_en_03031,real,Hinglish,MUCS_OpenSLR104,,test,telephone,5.0,WAV/PCM_16,2b9b4e8a17c46518e83a8d75d54e8f890ba085a35735ed4de6f405e1b33b5b28,e83f283d135740a0,data/evaluation/robustness_v1/rob_mucs_hi_en_03031__telephone.wav
rob_mucs_hi_en_03031__lowpass,mucs_hi_en_03031,real,Hinglish,MUCS_OpenSLR104,,test,lowpass,5.0,WAV/PCM_16,a1e7c6a24b9fe0f6cb5cc42e799be837099623f31df713b844dcbd85f5beb681,e83f283d135740a0,data/evaluation/robustness_v1/rob_mucs_hi_en_03031__lowpass.wav
rob_mucs_hi_en_03031__multi_codec,mucs_hi_en_03031,real,Hinglish,MUCS_OpenSLR104,,test,multi_codec,5.0,WAV/PCM_16,9514255e0332e9d4f75a15870b26aa40817c797f8ec4f660863c5273fb70ce7a,e83f283d135740a0,data/evaluation/robustness_v1/rob_mucs_hi_en_03031__multi_codec.wav
rob_mucs_hi_en_03063__mp3,mucs_hi_en_03063,real,Hinglish,MUCS_OpenSLR104,,test,mp3,4.0,WAV/PCM_16,ce56cb9e1ae5b5fcde0c00b2b7daac5c7d20e528496041f5548d7410851c7bd2,263d95ec1cb89e64,data/evaluation/robustness_v1/rob_mucs_hi_en_03063__mp3.wav
rob_mucs_hi_en_03063__opus,mucs_hi_en_03063,real,Hinglish,MUCS_OpenSLR104,,test,opus,4.0,WAV/PCM_16,bb40621156178156f26e09cee6bdfd00b9b91341cd2b9f0661e62cf75d588e2a,263d95ec1cb89e64,data/evaluation/robustness_v1/rob_mucs_hi_en_03063__opus.wav
rob_mucs_hi_en_03063__telephone,mucs_hi_en_03063,real,Hinglish,MUCS_OpenSLR104,,test,telephone,4.0,WAV/PCM_16,07255db4fbde8446fb4a5d7bdbe4b4c9a420b1ac37995a01a280a1d80720c92a,263d95ec1cb89e64,data/evaluation/robustness_v1/rob_mucs_hi_en_03063__telephone.wav
rob_mucs_hi_en_03063__lowpass,mucs_hi_en_03063,real,Hinglish,MUCS_OpenSLR104,,test,lowpass,4.0,WAV/PCM_16,eea0b38650591a41b25b7b08b74b28b48debffc1ba1c58ea9ae9b7aa89ad9d68,263d95ec1cb89e64,data/evaluation/robustness_v1/rob_mucs_hi_en_03063__lowpass.wav
rob_mucs_hi_en_03063__multi_codec,mucs_hi_en_03063,real,Hinglish,MUCS_OpenSLR104,,test,multi_codec,4.0,WAV/PCM_16,3e0a2a972610e2cc8e7b8c5704d346fa2a654f98ca41ed78ba10b85734aa95e0,263d95ec1cb89e64,data/evaluation/robustness_v1/rob_mucs_hi_en_03063__multi_codec.wav
rob_mucs_hi_en_03087__mp3,mucs_hi_en_03087,real,Hinglish,MUCS_OpenSLR104,,test,mp3,9.0,WAV/PCM_16,3ac1b1c663958e8fb88db6d2e141d31c7f59db61243c4b115132b88aafdbfe20,a99bd64d617fd8c8,data/evaluation/robustness_v1/rob_mucs_hi_en_03087__mp3.wav
rob_mucs_hi_en_03087__opus,mucs_hi_en_03087,real,Hinglish,MUCS_OpenSLR104,,test,opus,9.0,WAV/PCM_16,7c70062817ff3649bf40e78fd2a76cf53260b29b61e9747d90fbea4cc503d608,a99bd64d617fd8c8,data/evaluation/robustness_v1/rob_mucs_hi_en_03087__opus.wav
rob_mucs_hi_en_03087__telephone,mucs_hi_en_03087,real,Hinglish,MUCS_OpenSLR104,,test,telephone,9.0,WAV/PCM_16,9068a4cd4c7d2b5ab8159102178ae79d7f9f909f6e04c398787e15918683bf74,a99bd64d617fd8c8,data/evaluation/robustness_v1/rob_mucs_hi_en_03087__telephone.wav
rob_mucs_hi_en_03087__lowpass,mucs_hi_en_03087,real,Hinglish,MUCS_OpenSLR104,,test,lowpass,9.0,WAV/PCM_16,52c4b0123a8256584f5114824cb9e2a7b172be2040bf5aa80ad58d0cd9c4552c,a99bd64d617fd8c8,data/evaluation/robustness_v1/rob_mucs_hi_en_03087__lowpass.wav
rob_mucs_hi_en_03087__multi_codec,mucs_hi_en_03087,real,Hinglish,MUCS_OpenSLR104,,test,multi_codec,9.0,WAV/PCM_16,f001eb812d5990d255f5996fc3d36c9865a1975e8819aeb834734900e16494d2,a99bd64d617fd8c8,data/evaluation/robustness_v1/rob_mucs_hi_en_03087__multi_codec.wav
rob_mucs_hi_en_03181__mp3,mucs_hi_en_03181,real,Hinglish,MUCS_OpenSLR104,,test,mp3,4.0,WAV/PCM_16,ba96b3ebcc2283551850d8d489d17a91df066c18eda58b0d5e89f5ecb24698f4,9c261136e416d645,data/evaluation/robustness_v1/rob_mucs_hi_en_03181__mp3.wav
rob_mucs_hi_en_03181__opus,mucs_hi_en_03181,real,Hinglish,MUCS_OpenSLR104,,test,opus,4.0,WAV/PCM_16,f1d2263cbf1242978de618773538de7257dcba8a4f39c198ce508036438faf97,9c261136e416d645,data/evaluation/robustness_v1/rob_mucs_hi_en_03181__opus.wav
rob_mucs_hi_en_03181__telephone,mucs_hi_en_03181,real,Hinglish,MUCS_OpenSLR104,,test,telephone,4.0,WAV/PCM_16,32868eb24c2547940d7fe3adf34e600d5a6fa0cbffa1825243c1d50f0b055311,9c261136e416d645,data/evaluation/robustness_v1/rob_mucs_hi_en_03181__telephone.wav
rob_mucs_hi_en_03181__lowpass,mucs_hi_en_03181,real,Hinglish,MUCS_OpenSLR104,,test,lowpass,4.0,WAV/PCM_16,912e401410d4121013e4f3a1f805839be6d8731ca04139934abd3fb0a3406737,9c261136e416d645,data/evaluation/robustness_v1/rob_mucs_hi_en_03181__lowpass.wav
rob_mucs_hi_en_03181__multi_codec,mucs_hi_en_03181,real,Hinglish,MUCS_OpenSLR104,,test,multi_codec,4.0,WAV/PCM_16,d970576dead061116951fdf741dd63a5937c598bdf0c84601cc0b91d648f48e8,9c261136e416d645,data/evaluation/robustness_v1/rob_mucs_hi_en_03181__multi_codec.wav
rob_mucs_hi_en_03194__mp3,mucs_hi_en_03194,real,Hinglish,MUCS_OpenSLR104,,test,mp3,7.0,WAV/PCM_16,ceb10152744d9031536e27ddaa4c0e60cf379edf4c682e8b4841d83b29d04720,c756017d4aaf73de,data/evaluation/robustness_v1/rob_mucs_hi_en_03194__mp3.wav
rob_mucs_hi_en_03194__opus,mucs_hi_en_03194,real,Hinglish,MUCS_OpenSLR104,,test,opus,7.0,WAV/PCM_16,113c840adf15f9c96155d8efe22b0aacddeb4a9a4a55c55cc176012d5224d0fb,c756017d4aaf73de,data/evaluation/robustness_v1/rob_mucs_hi_en_03194__opus.wav
rob_mucs_hi_en_03194__telephone,mucs_hi_en_03194,real,Hinglish,MUCS_OpenSLR104,,test,telephone,7.0,WAV/PCM_16,4bbf85cfeaacba9a2b01933c47d5c4d702ca2e50af3ad1e4ecd21b76a7bbde45,c756017d4aaf73de,data/evaluation/robustness_v1/rob_mucs_hi_en_03194__telephone.wav
rob_mucs_hi_en_03194__lowpass,mucs_hi_en_03194,real,Hinglish,MUCS_OpenSLR104,,test,lowpass,7.0,WAV/PCM_16,5f94d983049d035e79953e1d138d89f476abd69f6a227dfcddadad8c3988a144,c756017d4aaf73de,data/evaluation/robustness_v1/rob_mucs_hi_en_03194__lowpass.wav
rob_mucs_hi_en_03194__multi_codec,mucs_hi_en_03194,real,Hinglish,MUCS_OpenSLR104,,test,multi_codec,7.0,WAV/PCM_16,43df41e19d2125896a0f9656ad6f31a72b5997bf2fdf9e10c9876bc6bc6c1e80,c756017d4aaf73de,data/evaluation/robustness_v1/rob_mucs_hi_en_03194__multi_codec.wav
rob_mucs_hi_en_03320__mp3,mucs_hi_en_03320,real,Hinglish,MUCS_OpenSLR104,,test,mp3,6.0,WAV/PCM_16,68aef2650bcc3aba94ac29072757c58c749eb361192d3eab190122f756eef9eb,7716473271dd76a1,data/evaluation/robustness_v1/rob_mucs_hi_en_03320__mp3.wav
rob_mucs_hi_en_03320__opus,mucs_hi_en_03320,real,Hinglish,MUCS_OpenSLR104,,test,opus,6.0,WAV/PCM_16,73a94170d79486d29347edc46de435705c781b0562979fe500f3d4cc9eaba672,7716473271dd76a1,data/evaluation/robustness_v1/rob_mucs_hi_en_03320__opus.wav
rob_mucs_hi_en_03320__telephone,mucs_hi_en_03320,real,Hinglish,MUCS_OpenSLR104,,test,telephone,6.0,WAV/PCM_16,dbe38860a9b3d6fff4789ccd7c8c66988c1ff4a0034ebc656d317945711049d1,7716473271dd76a1,data/evaluation/robustness_v1/rob_mucs_hi_en_03320__telephone.wav
rob_mucs_hi_en_03320__lowpass,mucs_hi_en_03320,real,Hinglish,MUCS_OpenSLR104,,test,lowpass,6.0,WAV/PCM_16,5cec523b09d09df88200fa2f396359c363a050fc3f18b6251fcefe56e4b8052f,7716473271dd76a1,data/evaluation/robustness_v1/rob_mucs_hi_en_03320__lowpass.wav
rob_mucs_hi_en_03320__multi_codec,mucs_hi_en_03320,real,Hinglish,MUCS_OpenSLR104,,test,multi_codec,6.0,WAV/PCM_16,0c2cd2de9a4e2b426f59c337aef661e35c4242455ce42ecca833fd15f12406ef,7716473271dd76a1,data/evaluation/robustness_v1/rob_mucs_hi_en_03320__multi_codec.wav
rob_mucs_hi_en_03388__mp3,mucs_hi_en_03388,real,Hinglish,MUCS_OpenSLR104,,test,mp3,7.0,WAV/PCM_16,ccdf7eb3fac9f62dc8f00f2910c91e92871d4d4727a6578875e46f47f0e60dfc,44ea55a5f8f87259,data/evaluation/robustness_v1/rob_mucs_hi_en_03388__mp3.wav
rob_mucs_hi_en_03388__opus,mucs_hi_en_03388,real,Hinglish,MUCS_OpenSLR104,,test,opus,7.0,WAV/PCM_16,123ab49bac3d73c69ddf40ee147d46d4b7750546845ec3be70c721ff0abd13ef,44ea55a5f8f87259,data/evaluation/robustness_v1/rob_mucs_hi_en_03388__opus.wav
rob_mucs_hi_en_03388__telephone,mucs_hi_en_03388,real,Hinglish,MUCS_OpenSLR104,,test,telephone,7.0,WAV/PCM_16,5f98140a7fbb66b87e3240a41425dc501c89a8ed636cf3548cb48f05c2c790df,44ea55a5f8f87259,data/evaluation/robustness_v1/rob_mucs_hi_en_03388__telephone.wav
rob_mucs_hi_en_03388__lowpass,mucs_hi_en_03388,real,Hinglish,MUCS_OpenSLR104,,test,lowpass,7.0,WAV/PCM_16,1c032d23b5cd40db15adbca3a87c7e7e69c51375611006a66d115c683f159cfd,44ea55a5f8f87259,data/evaluation/robustness_v1/rob_mucs_hi_en_03388__lowpass.wav
rob_mucs_hi_en_03388__multi_codec,mucs_hi_en_03388,real,Hinglish,MUCS_OpenSLR104,,test,multi_codec,7.0,WAV/PCM_16,6372c363cf424eda3a1dd498dac91864d58848541f254a94b83f6671b964dac1,44ea55a5f8f87259,data/evaluation/robustness_v1/rob_mucs_hi_en_03388__multi_codec.wav
rob_mucs_hi_en_03454__mp3,mucs_hi_en_03454,real,Hinglish,MUCS_OpenSLR104,,test,mp3,10.0,WAV/PCM_16,ba3e8556c638bddf9c976cc544446f436317b8996727e6c587ec01035262e8eb,0ee1361772d2d9e6,data/evaluation/robustness_v1/rob_mucs_hi_en_03454__mp3.wav
rob_mucs_hi_en_03454__opus,mucs_hi_en_03454,real,Hinglish,MUCS_OpenSLR104,,test,opus,10.0,WAV/PCM_16,88b4a007714f28050e357ae6af033c8974f42af51821315c257c537f5ef16de6,0ee1361772d2d9e6,data/evaluation/robustness_v1/rob_mucs_hi_en_03454__opus.wav
rob_mucs_hi_en_03454__telephone,mucs_hi_en_03454,real,Hinglish,MUCS_OpenSLR104,,test,telephone,10.0,WAV/PCM_16,03a18f42c6b9b7cc1d032f51a2fe9a83c24f7a5a50a2dcf5c6c1df4a4bbc992f,0ee1361772d2d9e6,data/evaluation/robustness_v1/rob_mucs_hi_en_03454__telephone.wav
rob_mucs_hi_en_03454__lowpass,mucs_hi_en_03454,real,Hinglish,MUCS_OpenSLR104,,test,lowpass,10.0,WAV/PCM_16,fc90df9ff18d6b44f5503e4c87af1755646e5168a0ca5f5d76f8d06c2cc902a8,0ee1361772d2d9e6,data/evaluation/robustness_v1/rob_mucs_hi_en_03454__lowpass.wav
rob_mucs_hi_en_03454__multi_codec,mucs_hi_en_03454,real,Hinglish,MUCS_OpenSLR104,,test,multi_codec,10.0,WAV/PCM_16,621dca593e339e301c5a7bff3c9c0cd1946377ab0acd4e22e733ccc5a084d210,0ee1361772d2d9e6,data/evaluation/robustness_v1/rob_mucs_hi_en_03454__multi_codec.wav
rob_mucs_hi_en_03460__mp3,mucs_hi_en_03460,real,Hinglish,MUCS_OpenSLR104,,test,mp3,9.0,WAV/PCM_16,c361259c5bdc74d98e34e599de3ad4ee8924ac1082260697928eeff6a23f8f84,18e4bd248439eb89,data/evaluation/robustness_v1/rob_mucs_hi_en_03460__mp3.wav
rob_mucs_hi_en_03460__opus,mucs_hi_en_03460,real,Hinglish,MUCS_OpenSLR104,,test,opus,9.0,WAV/PCM_16,159617f0985e19e8d87be81cd1fea2bcde2a82e06d4e2b5cb5d11ffe9ec97efd,18e4bd248439eb89,data/evaluation/robustness_v1/rob_mucs_hi_en_03460__opus.wav
rob_mucs_hi_en_03460__telephone,mucs_hi_en_03460,real,Hinglish,MUCS_OpenSLR104,,test,telephone,9.0,WAV/PCM_16,1f8d11713fbcdf2a08ce99451403eeb08ed4057df63282cff22468ac58e9ba48,18e4bd248439eb89,data/evaluation/robustness_v1/rob_mucs_hi_en_03460__telephone.wav
rob_mucs_hi_en_03460__lowpass,mucs_hi_en_03460,real,Hinglish,MUCS_OpenSLR104,,test,lowpass,9.0,WAV/PCM_16,62484ada004d11ed6769bff6bbf9a2de7d6876c391294f701bb3562186a666a5,18e4bd248439eb89,data/evaluation/robustness_v1/rob_mucs_hi_en_03460__lowpass.wav
rob_mucs_hi_en_03460__multi_codec,mucs_hi_en_03460,real,Hinglish,MUCS_OpenSLR104,,test,multi_codec,9.0,WAV/PCM_16,f463f54bb1450fd9e94c872a2484cd93b7f0063a8b9b05623d14c15ff143f523,18e4bd248439eb89,data/evaluation/robustness_v1/rob_mucs_hi_en_03460__multi_codec.wav
rob_mucs_hi_en_03466__mp3,mucs_hi_en_03466,real,Hinglish,MUCS_OpenSLR104,,test,mp3,2.0,WAV/PCM_16,932b5bdc4dbfc04622405f6256f0a06e64d1ef2b27c6cc160402bcaba15e8281,3320a470eb6e6fc8,data/evaluation/robustness_v1/rob_mucs_hi_en_03466__mp3.wav
rob_mucs_hi_en_03466__opus,mucs_hi_en_03466,real,Hinglish,MUCS_OpenSLR104,,test,opus,2.0,WAV/PCM_16,7c9b33180dac6e4575d7770d37d66759240751ad835f41cbf8b249b1998623f3,3320a470eb6e6fc8,data/evaluation/robustness_v1/rob_mucs_hi_en_03466__opus.wav
rob_mucs_hi_en_03466__telephone,mucs_hi_en_03466,real,Hinglish,MUCS_OpenSLR104,,test,telephone,2.0,WAV/PCM_16,700a966a1ae80acdac59a53762bd4f2ca26a7734e1742244cc4dc2c581cfe8e6,3320a470eb6e6fc8,data/evaluation/robustness_v1/rob_mucs_hi_en_03466__telephone.wav
rob_mucs_hi_en_03466__lowpass,mucs_hi_en_03466,real,Hinglish,MUCS_OpenSLR104,,test,lowpass,2.0,WAV/PCM_16,44a40d39471cd3674f4d404f4bfa875e1526a08e2dc006c8608fe58614e5555b,3320a470eb6e6fc8,data/evaluation/robustness_v1/rob_mucs_hi_en_03466__lowpass.wav
rob_mucs_hi_en_03466__multi_codec,mucs_hi_en_03466,real,Hinglish,MUCS_OpenSLR104,,test,multi_codec,2.0,WAV/PCM_16,699f9c9919a23649c90e18313950a3c9904a9961999501e6c1ba0051af1ed7d7,3320a470eb6e6fc8,data/evaluation/robustness_v1/rob_mucs_hi_en_03466__multi_codec.wav
rob_mucs_hi_en_03486__mp3,mucs_hi_en_03486,real,Hinglish,MUCS_OpenSLR104,,test,mp3,6.0,WAV/PCM_16,34cbe42cb7c5203bb8a9697d47de2f927148344a3b4e700c9a849faeb3e8222b,771960bd732d8513,data/evaluation/robustness_v1/rob_mucs_hi_en_03486__mp3.wav
rob_mucs_hi_en_03486__opus,mucs_hi_en_03486,real,Hinglish,MUCS_OpenSLR104,,test,opus,6.0,WAV/PCM_16,e00db06fe9e21cd739f1dfdfc86e061825fe629ef9977bfd47f6b11b2ff0ce2c,771960bd732d8513,data/evaluation/robustness_v1/rob_mucs_hi_en_03486__opus.wav
rob_mucs_hi_en_03486__telephone,mucs_hi_en_03486,real,Hinglish,MUCS_OpenSLR104,,test,telephone,6.0,WAV/PCM_16,23ec1ee54269820647372c2473952508832de17f3fcd99143748e58d85df25ea,771960bd732d8513,data/evaluation/robustness_v1/rob_mucs_hi_en_03486__telephone.wav
rob_mucs_hi_en_03486__lowpass,mucs_hi_en_03486,real,Hinglish,MUCS_OpenSLR104,,test,lowpass,6.0,WAV/PCM_16,77fd50051030529559e5807605267d0839dba182431cef22585d674964f0f424,771960bd732d8513,data/evaluation/robustness_v1/rob_mucs_hi_en_03486__lowpass.wav
rob_mucs_hi_en_03486__multi_codec,mucs_hi_en_03486,real,Hinglish,MUCS_OpenSLR104,,test,multi_codec,6.0,WAV/PCM_16,2dfb2e807b46451380506cd622ae3c4aad98c06b76af5b91d5881e80664d7028,771960bd732d8513,data/evaluation/robustness_v1/rob_mucs_hi_en_03486__multi_codec.wav
rob_mucs_hi_en_03493__mp3,mucs_hi_en_03493,real,Hinglish,MUCS_OpenSLR104,,test,mp3,4.0,WAV/PCM_16,c32dc916bdf814a5a9c5ccbbe2add00aed24bd2401cd45cab63d5115a15d0749,829ab1fc33c2078d,data/evaluation/robustness_v1/rob_mucs_hi_en_03493__mp3.wav
rob_mucs_hi_en_03493__opus,mucs_hi_en_03493,real,Hinglish,MUCS_OpenSLR104,,test,opus,4.0,WAV/PCM_16,bb25e110a23c55e8945e9c756be4935017ddb52f0f760b8ceb2b41e880b65d32,829ab1fc33c2078d,data/evaluation/robustness_v1/rob_mucs_hi_en_03493__opus.wav
rob_mucs_hi_en_03493__telephone,mucs_hi_en_03493,real,Hinglish,MUCS_OpenSLR104,,test,telephone,4.0,WAV/PCM_16,079631f4e27e461ee54759d1cf2eaf794db48389092b7bb2808d31595a7579f5,829ab1fc33c2078d,data/evaluation/robustness_v1/rob_mucs_hi_en_03493__telephone.wav
rob_mucs_hi_en_03493__lowpass,mucs_hi_en_03493,real,Hinglish,MUCS_OpenSLR104,,test,lowpass,4.0,WAV/PCM_16,e26f6600106b2dc1865766270afb4478f62ad2069c7f11dc12317f4d73f795ec,829ab1fc33c2078d,data/evaluation/robustness_v1/rob_mucs_hi_en_03493__lowpass.wav
rob_mucs_hi_en_03493__multi_codec,mucs_hi_en_03493,real,Hinglish,MUCS_OpenSLR104,,test,multi_codec,4.0,WAV/PCM_16,ac91551ddfe9e12df75ba23fd9941b97d68f5ebcb64e7e58e53dc3135447c096,829ab1fc33c2078d,data/evaluation/robustness_v1/rob_mucs_hi_en_03493__multi_codec.wav
rob_mucs_hi_en_03523__mp3,mucs_hi_en_03523,real,Hinglish,MUCS_OpenSLR104,,test,mp3,7.0,WAV/PCM_16,551afc79af3eab37eeb815fa42a27a3397cd1172f6f212b3b0dbbefbeefe7246,acfb1c2103327e68,data/evaluation/robustness_v1/rob_mucs_hi_en_03523__mp3.wav
rob_mucs_hi_en_03523__opus,mucs_hi_en_03523,real,Hinglish,MUCS_OpenSLR104,,test,opus,7.0,WAV/PCM_16,2f937cf80b08122b378a4ac04a6c26ec03ac1e82a368b8599336a1b91779071d,acfb1c2103327e68,data/evaluation/robustness_v1/rob_mucs_hi_en_03523__opus.wav
rob_mucs_hi_en_03523__telephone,mucs_hi_en_03523,real,Hinglish,MUCS_OpenSLR104,,test,telephone,7.0,WAV/PCM_16,cda8dca998118a256ad69af2207a8746a1deeda45857d97429580f4e091890b8,acfb1c2103327e68,data/evaluation/robustness_v1/rob_mucs_hi_en_03523__telephone.wav
rob_mucs_hi_en_03523__lowpass,mucs_hi_en_03523,real,Hinglish,MUCS_OpenSLR104,,test,lowpass,7.0,WAV/PCM_16,0e76c724ccd6916d82fd6d2f54fb0ea815960ba24347acce058755ed224c05cd,acfb1c2103327e68,data/evaluation/robustness_v1/rob_mucs_hi_en_03523__lowpass.wav
rob_mucs_hi_en_03523__multi_codec,mucs_hi_en_03523,real,Hinglish,MUCS_OpenSLR104,,test,multi_codec,7.0,WAV/PCM_16,dd4ebe058024521f32a5f67851fb13c4e207fef53dda4d0ddd561b86f771991d,acfb1c2103327e68,data/evaluation/robustness_v1/rob_mucs_hi_en_03523__multi_codec.wav
rob_mucs_hi_en_03541__mp3,mucs_hi_en_03541,real,Hinglish,MUCS_OpenSLR104,,test,mp3,5.0,WAV/PCM_16,e0efd7715187e2ae76163c393fc1406241d1e0dbd3b51db4c9d1b3b5f3867a89,e893e44534ba05cb,data/evaluation/robustness_v1/rob_mucs_hi_en_03541__mp3.wav
rob_mucs_hi_en_03541__opus,mucs_hi_en_03541,real,Hinglish,MUCS_OpenSLR104,,test,opus,5.0,WAV/PCM_16,b65794650293bf1b287aec703a876f21c5ee29bdb2971cb9594451d391bf919f,e893e44534ba05cb,data/evaluation/robustness_v1/rob_mucs_hi_en_03541__opus.wav
rob_mucs_hi_en_03541__telephone,mucs_hi_en_03541,real,Hinglish,MUCS_OpenSLR104,,test,telephone,5.0,WAV/PCM_16,22d025140ed26889da1c6711f5634a37d46943482e2929038373b398afc5f019,e893e44534ba05cb,data/evaluation/robustness_v1/rob_mucs_hi_en_03541__telephone.wav
rob_mucs_hi_en_03541__lowpass,mucs_hi_en_03541,real,Hinglish,MUCS_OpenSLR104,,test,lowpass,5.0,WAV/PCM_16,71e884c31e4b314f2c4e9b531cca7eec9b00db87375b0e5a2c953976f8de7db0,e893e44534ba05cb,data/evaluation/robustness_v1/rob_mucs_hi_en_03541__lowpass.wav
rob_mucs_hi_en_03541__multi_codec,mucs_hi_en_03541,real,Hinglish,MUCS_OpenSLR104,,test,multi_codec,5.0,WAV/PCM_16,71308d2bae79d8ce65bf37a17f124edd11fb66d542afb0c0af158123b21e8917,e893e44534ba05cb,data/evaluation/robustness_v1/rob_mucs_hi_en_03541__multi_codec.wav
rob_mucs_hi_en_03546__mp3,mucs_hi_en_03546,real,Hinglish,MUCS_OpenSLR104,,test,mp3,12.0,WAV/PCM_16,ed48c4855fc7d6fcb3a4535aaaf0cb2470074fd05e419a66389249b05fdaa1b5,61b4fe0a003994e2,data/evaluation/robustness_v1/rob_mucs_hi_en_03546__mp3.wav
rob_mucs_hi_en_03546__opus,mucs_hi_en_03546,real,Hinglish,MUCS_OpenSLR104,,test,opus,12.0,WAV/PCM_16,e7868282031a0f68140034acbd942bf6dcb9c1354209d31d9cad32016f9b452b,61b4fe0a003994e2,data/evaluation/robustness_v1/rob_mucs_hi_en_03546__opus.wav
rob_mucs_hi_en_03546__telephone,mucs_hi_en_03546,real,Hinglish,MUCS_OpenSLR104,,test,telephone,12.0,WAV/PCM_16,30e84f7544aad262caa525c13b4199a7d13f0a3bc8f8de12c2be1398154758e9,61b4fe0a003994e2,data/evaluation/robustness_v1/rob_mucs_hi_en_03546__telephone.wav
rob_mucs_hi_en_03546__lowpass,mucs_hi_en_03546,real,Hinglish,MUCS_OpenSLR104,,test,lowpass,12.0,WAV/PCM_16,940da3780ad77cd9154eb66a6332abdeff9bdd46658822a17b382a26f6842953,61b4fe0a003994e2,data/evaluation/robustness_v1/rob_mucs_hi_en_03546__lowpass.wav
rob_mucs_hi_en_03546__multi_codec,mucs_hi_en_03546,real,Hinglish,MUCS_OpenSLR104,,test,multi_codec,12.0,WAV/PCM_16,3bde23a272e1df32259a45ee2e664635a4eed523889a80a253cc15a4922b3395,61b4fe0a003994e2,data/evaluation/robustness_v1/rob_mucs_hi_en_03546__multi_codec.wav
rob_mucs_hi_en_03551__mp3,mucs_hi_en_03551,real,Hinglish,MUCS_OpenSLR104,,test,mp3,7.0,WAV/PCM_16,fd7efecc4d9baa7785887354cc447f571ce109913d4087e919756005ed546dbe,e83f283d135740a0,data/evaluation/robustness_v1/rob_mucs_hi_en_03551__mp3.wav
rob_mucs_hi_en_03551__opus,mucs_hi_en_03551,real,Hinglish,MUCS_OpenSLR104,,test,opus,7.0,WAV/PCM_16,1c94bc7eebf342ab8e48ba5166d66a19fd19a3deb63aa85753c7127e716f90a2,e83f283d135740a0,data/evaluation/robustness_v1/rob_mucs_hi_en_03551__opus.wav
rob_mucs_hi_en_03551__telephone,mucs_hi_en_03551,real,Hinglish,MUCS_OpenSLR104,,test,telephone,7.0,WAV/PCM_16,99717b360487b9704ddb3018dedc4c252782517af4cef0a9eaf0b858371d7807,e83f283d135740a0,data/evaluation/robustness_v1/rob_mucs_hi_en_03551__telephone.wav
rob_mucs_hi_en_03551__lowpass,mucs_hi_en_03551,real,Hinglish,MUCS_OpenSLR104,,test,lowpass,7.0,WAV/PCM_16,592f83bacd57ad43fe8f67b187507175abaf53679893efb7bdcc6b141098d526,e83f283d135740a0,data/evaluation/robustness_v1/rob_mucs_hi_en_03551__lowpass.wav
rob_mucs_hi_en_03551__multi_codec,mucs_hi_en_03551,real,Hinglish,MUCS_OpenSLR104,,test,multi_codec,7.0,WAV/PCM_16,43038c7028b5423940eeac6d46512ea72646e21ae0587d5d551f8c71a8e7b817,e83f283d135740a0,data/evaluation/robustness_v1/rob_mucs_hi_en_03551__multi_codec.wav
rob_mucs_hi_en_03625__mp3,mucs_hi_en_03625,real,Hinglish,MUCS_OpenSLR104,,test,mp3,5.0,WAV/PCM_16,86f79fac826a6e8d38e41c77fcba0e4e766e9d1119f0f48b550424731168809a,deae480b11d7fd0e,data/evaluation/robustness_v1/rob_mucs_hi_en_03625__mp3.wav
rob_mucs_hi_en_03625__opus,mucs_hi_en_03625,real,Hinglish,MUCS_OpenSLR104,,test,opus,5.0,WAV/PCM_16,c4d1ad9b47d1291a486aa4b0a4de8c557cdc5246e65f6aa12283f205bdd17344,deae480b11d7fd0e,data/evaluation/robustness_v1/rob_mucs_hi_en_03625__opus.wav
rob_mucs_hi_en_03625__telephone,mucs_hi_en_03625,real,Hinglish,MUCS_OpenSLR104,,test,telephone,5.0,WAV/PCM_16,5dfba042882c3b29f7b164d9832d7d3db8fba6d213138aae7e1cb00dcd93dcd0,deae480b11d7fd0e,data/evaluation/robustness_v1/rob_mucs_hi_en_03625__telephone.wav
rob_mucs_hi_en_03625__lowpass,mucs_hi_en_03625,real,Hinglish,MUCS_OpenSLR104,,test,lowpass,5.0,WAV/PCM_16,a66c69e1af43d1ab5958c321e60e5865f3c71c06f253f996badf6d92ddc60624,deae480b11d7fd0e,data/evaluation/robustness_v1/rob_mucs_hi_en_03625__lowpass.wav
rob_mucs_hi_en_03625__multi_codec,mucs_hi_en_03625,real,Hinglish,MUCS_OpenSLR104,,test,multi_codec,5.0,WAV/PCM_16,f62173817c448e13664d79d678166708e3c2ba5d21bc1d5743a500661226fa2f,deae480b11d7fd0e,data/evaluation/robustness_v1/rob_mucs_hi_en_03625__multi_codec.wav
rob_mucs_hi_en_03701__mp3,mucs_hi_en_03701,real,Hinglish,MUCS_OpenSLR104,,test,mp3,4.0,WAV/PCM_16,4092a463570907fce98aea132c58c0b9bd4f335ac9afa86a722edefbe1da7fb5,9c261136e416d645,data/evaluation/robustness_v1/rob_mucs_hi_en_03701__mp3.wav
rob_mucs_hi_en_03701__opus,mucs_hi_en_03701,real,Hinglish,MUCS_OpenSLR104,,test,opus,4.0,WAV/PCM_16,ad97bd2d628ffe19e6861ebe1417b6c954c142664fe36686d01b6967d3a8f13d,9c261136e416d645,data/evaluation/robustness_v1/rob_mucs_hi_en_03701__opus.wav
rob_mucs_hi_en_03701__telephone,mucs_hi_en_03701,real,Hinglish,MUCS_OpenSLR104,,test,telephone,4.0,WAV/PCM_16,d373e2d0056fa9e489f5eb7adb6d42d0443678c8306fde712ae1d5fba77a0e3d,9c261136e416d645,data/evaluation/robustness_v1/rob_mucs_hi_en_03701__telephone.wav
rob_mucs_hi_en_03701__lowpass,mucs_hi_en_03701,real,Hinglish,MUCS_OpenSLR104,,test,lowpass,4.0,WAV/PCM_16,3bdc4f382559627d4da46233ea959876ae511834878b242e9b78c95a7e473ae2,9c261136e416d645,data/evaluation/robustness_v1/rob_mucs_hi_en_03701__lowpass.wav
rob_mucs_hi_en_03701__multi_codec,mucs_hi_en_03701,real,Hinglish,MUCS_OpenSLR104,,test,multi_codec,4.0,WAV/PCM_16,afb5f9402b268d9b033c2da220cdc9cf399a6e02e6ff04c93a55f8fa4bf04925,9c261136e416d645,data/evaluation/robustness_v1/rob_mucs_hi_en_03701__multi_codec.wav
rob_mucs_hi_en_03707__mp3,mucs_hi_en_03707,real,Hinglish,MUCS_OpenSLR104,,test,mp3,8.0,WAV/PCM_16,d754fa32b2aab0edccb079dfd8815918e6bd02f98093f77a07c20b1b6992d7f3,3fccf5556866fa02,data/evaluation/robustness_v1/rob_mucs_hi_en_03707__mp3.wav
rob_mucs_hi_en_03707__opus,mucs_hi_en_03707,real,Hinglish,MUCS_OpenSLR104,,test,opus,8.0,WAV/PCM_16,dd23ec7b425a4b059211709d7bbd49eab1285f6bc311de172f3de6171d665fd3,3fccf5556866fa02,data/evaluation/robustness_v1/rob_mucs_hi_en_03707__opus.wav
rob_mucs_hi_en_03707__telephone,mucs_hi_en_03707,real,Hinglish,MUCS_OpenSLR104,,test,telephone,8.0,WAV/PCM_16,6eb42207690524d7138e9a309cd5c4b118a87d4d078c77b72d192db35754e5b0,3fccf5556866fa02,data/evaluation/robustness_v1/rob_mucs_hi_en_03707__telephone.wav
rob_mucs_hi_en_03707__lowpass,mucs_hi_en_03707,real,Hinglish,MUCS_OpenSLR104,,test,lowpass,8.0,WAV/PCM_16,c4c52fbde059cffd3c3db631a6653086e2175bba9a020d4a93684900b47ee20b,3fccf5556866fa02,data/evaluation/robustness_v1/rob_mucs_hi_en_03707__lowpass.wav
rob_mucs_hi_en_03707__multi_codec,mucs_hi_en_03707,real,Hinglish,MUCS_OpenSLR104,,test,multi_codec,8.0,WAV/PCM_16,ca009b1278c6a42394b71b7a0c9c10ab66c158ddc72b92f6c138e19c6a3da5dc,3fccf5556866fa02,data/evaluation/robustness_v1/rob_mucs_hi_en_03707__multi_codec.wav
rob_mucs_hi_en_03714__mp3,mucs_hi_en_03714,real,Hinglish,MUCS_OpenSLR104,,test,mp3,6.0,WAV/PCM_16,8aeb1ae0aab9f2f6833c5bdad80889b52e49394ccc7c38849c373e989ebba523,c756017d4aaf73de,data/evaluation/robustness_v1/rob_mucs_hi_en_03714__mp3.wav
rob_mucs_hi_en_03714__opus,mucs_hi_en_03714,real,Hinglish,MUCS_OpenSLR104,,test,opus,6.0,WAV/PCM_16,15d630452fb2f5d4e4d2dd1a5eff2c0423e6fde64f57256edd1913f5df009f3d,c756017d4aaf73de,data/evaluation/robustness_v1/rob_mucs_hi_en_03714__opus.wav
rob_mucs_hi_en_03714__telephone,mucs_hi_en_03714,real,Hinglish,MUCS_OpenSLR104,,test,telephone,6.0,WAV/PCM_16,8347fdd69a05c8b3541cebaa5c4cda954439061ee5a658f4314c5938932b750f,c756017d4aaf73de,data/evaluation/robustness_v1/rob_mucs_hi_en_03714__telephone.wav
rob_mucs_hi_en_03714__lowpass,mucs_hi_en_03714,real,Hinglish,MUCS_OpenSLR104,,test,lowpass,6.0,WAV/PCM_16,365bad841440c89e9e6e5f4565820d33d432624a3877839d599a1dd8d6c4ecd4,c756017d4aaf73de,data/evaluation/robustness_v1/rob_mucs_hi_en_03714__lowpass.wav
rob_mucs_hi_en_03714__multi_codec,mucs_hi_en_03714,real,Hinglish,MUCS_OpenSLR104,,test,multi_codec,6.0,WAV/PCM_16,de648c620faae14c79d6fb0c115d7e262c9d58a60c7e7184580069f26e11cce0,c756017d4aaf73de,data/evaluation/robustness_v1/rob_mucs_hi_en_03714__multi_codec.wav
rob_mucs_hi_en_03908__mp3,mucs_hi_en_03908,real,Hinglish,MUCS_OpenSLR104,,test,mp3,3.0,WAV/PCM_16,dcaf3c68879627c30b9ea197811947420a3dc82c433bd98de401554f460239fb,44ea55a5f8f87259,data/evaluation/robustness_v1/rob_mucs_hi_en_03908__mp3.wav
rob_mucs_hi_en_03908__opus,mucs_hi_en_03908,real,Hinglish,MUCS_OpenSLR104,,test,opus,3.0,WAV/PCM_16,4cdf615766c296841ecedd1f32e8735d552f00628ed4e26fcee666531d0e316a,44ea55a5f8f87259,data/evaluation/robustness_v1/rob_mucs_hi_en_03908__opus.wav
rob_mucs_hi_en_03908__telephone,mucs_hi_en_03908,real,Hinglish,MUCS_OpenSLR104,,test,telephone,3.0,WAV/PCM_16,98c6ffb528e66a9a6371be7f9689400fbd998a8059d3a736b3b651b8b5f1778e,44ea55a5f8f87259,data/evaluation/robustness_v1/rob_mucs_hi_en_03908__telephone.wav
rob_mucs_hi_en_03908__lowpass,mucs_hi_en_03908,real,Hinglish,MUCS_OpenSLR104,,test,lowpass,3.0,WAV/PCM_16,876d7791b7c1a6f2d37988df8ad3bf7f1107604de1fafab9e5a1071fcae7d32a,44ea55a5f8f87259,data/evaluation/robustness_v1/rob_mucs_hi_en_03908__lowpass.wav
rob_mucs_hi_en_03908__multi_codec,mucs_hi_en_03908,real,Hinglish,MUCS_OpenSLR104,,test,multi_codec,3.0,WAV/PCM_16,25a472c1e14c4373fc65ce6c9720106cea3dd828969efc4c3c712acaf50ea47b,44ea55a5f8f87259,data/evaluation/robustness_v1/rob_mucs_hi_en_03908__multi_codec.wav
rob_mucs_hi_en_03969__mp3,mucs_hi_en_03969,real,Hinglish,MUCS_OpenSLR104,,test,mp3,10.0,WAV/PCM_16,d1a3f8e397c6b03514625d20b2964c2d9ab6d996472c0f93ab93cc492a149925,1d2146e6dd3ffe9f,data/evaluation/robustness_v1/rob_mucs_hi_en_03969__mp3.wav
rob_mucs_hi_en_03969__opus,mucs_hi_en_03969,real,Hinglish,MUCS_OpenSLR104,,test,opus,10.0,WAV/PCM_16,0d285b612942973d8cdc97d78f3a69673f93d6fb4152918f7efcfec3e95598e5,1d2146e6dd3ffe9f,data/evaluation/robustness_v1/rob_mucs_hi_en_03969__opus.wav
rob_mucs_hi_en_03969__telephone,mucs_hi_en_03969,real,Hinglish,MUCS_OpenSLR104,,test,telephone,10.0,WAV/PCM_16,b60135ba6c88b094b69649d3f937dba07dc5597d5687846ba7ab8dfb9ad76e81,1d2146e6dd3ffe9f,data/evaluation/robustness_v1/rob_mucs_hi_en_03969__telephone.wav
rob_mucs_hi_en_03969__lowpass,mucs_hi_en_03969,real,Hinglish,MUCS_OpenSLR104,,test,lowpass,10.0,WAV/PCM_16,d18fb8d1d0cfca88db8884f348b977539cad34013ca0067e5e9edd8000f7e93b,1d2146e6dd3ffe9f,data/evaluation/robustness_v1/rob_mucs_hi_en_03969__lowpass.wav
rob_mucs_hi_en_03969__multi_codec,mucs_hi_en_03969,real,Hinglish,MUCS_OpenSLR104,,test,multi_codec,10.0,WAV/PCM_16,61a4a511aad9254c1cce6870751b55eef8fadcebe64726f5b624b2b4a21bac48,1d2146e6dd3ffe9f,data/evaluation/robustness_v1/rob_mucs_hi_en_03969__multi_codec.wav
rob_mucs_hi_en_03972__mp3,mucs_hi_en_03972,real,Hinglish,MUCS_OpenSLR104,,test,mp3,5.0,WAV/PCM_16,93db3cdf1e71ccce0db5ade1dd3544b4be45a741e230eeb821b3721b60d69d76,5bc497e2df8dd9a0,data/evaluation/robustness_v1/rob_mucs_hi_en_03972__mp3.wav
rob_mucs_hi_en_03972__opus,mucs_hi_en_03972,real,Hinglish,MUCS_OpenSLR104,,test,opus,5.0,WAV/PCM_16,633535d82d4b300b74abebb4c7332fbb5e9e03b6f6357512f3d8cf552efb23f1,5bc497e2df8dd9a0,data/evaluation/robustness_v1/rob_mucs_hi_en_03972__opus.wav
rob_mucs_hi_en_03972__telephone,mucs_hi_en_03972,real,Hinglish,MUCS_OpenSLR104,,test,telephone,5.0,WAV/PCM_16,3a96d4ea2f8bf9bdbbe6a3f1a70f57cc7b136ab99a0422aec07558cbc071a648,5bc497e2df8dd9a0,data/evaluation/robustness_v1/rob_mucs_hi_en_03972__telephone.wav
rob_mucs_hi_en_03972__lowpass,mucs_hi_en_03972,real,Hinglish,MUCS_OpenSLR104,,test,lowpass,5.0,WAV/PCM_16,b98a5a923894660f174f8117b0412f58debc4686f5176a19113b9d4d2481d659,5bc497e2df8dd9a0,data/evaluation/robustness_v1/rob_mucs_hi_en_03972__lowpass.wav
rob_mucs_hi_en_03972__multi_codec,mucs_hi_en_03972,real,Hinglish,MUCS_OpenSLR104,,test,multi_codec,5.0,WAV/PCM_16,0b9532e690e67758904e265e87aa722de5254c9af4eecada2f3e7884c0e9d7cc,5bc497e2df8dd9a0,data/evaluation/robustness_v1/rob_mucs_hi_en_03972__multi_codec.wav
rob_mucs_hi_en_03990__mp3,mucs_hi_en_03990,real,Hinglish,MUCS_OpenSLR104,,test,mp3,8.0,WAV/PCM_16,ff99cb7a378b3ec7ef75167ca18752f5678b929b96d2b7d745a8ba2f515199ff,452977c52473c026,data/evaluation/robustness_v1/rob_mucs_hi_en_03990__mp3.wav
rob_mucs_hi_en_03990__opus,mucs_hi_en_03990,real,Hinglish,MUCS_OpenSLR104,,test,opus,8.0,WAV/PCM_16,0ddfbc6b90b359215056069bccfc6f175e80503625eab6631d1d9a57eb864bf6,452977c52473c026,data/evaluation/robustness_v1/rob_mucs_hi_en_03990__opus.wav
rob_mucs_hi_en_03990__telephone,mucs_hi_en_03990,real,Hinglish,MUCS_OpenSLR104,,test,telephone,8.0,WAV/PCM_16,0c21ec684828e2cb59eb4ec088883eb761fb55c5250e183a5283e4e9ae0d2f0e,452977c52473c026,data/evaluation/robustness_v1/rob_mucs_hi_en_03990__telephone.wav
rob_mucs_hi_en_03990__lowpass,mucs_hi_en_03990,real,Hinglish,MUCS_OpenSLR104,,test,lowpass,8.0,WAV/PCM_16,be020f361bf3b4f249f84b192eb722b182af012a3f74c4e25d6bc9cc16adf336,452977c52473c026,data/evaluation/robustness_v1/rob_mucs_hi_en_03990__lowpass.wav
rob_mucs_hi_en_03990__multi_codec,mucs_hi_en_03990,real,Hinglish,MUCS_OpenSLR104,,test,multi_codec,8.0,WAV/PCM_16,1ab1843ee743b267f826501db7979667854cb574b25f84dfbe8d948d4dc68fcd,452977c52473c026,data/evaluation/robustness_v1/rob_mucs_hi_en_03990__multi_codec.wav
rob_mucs_hi_en_04019__mp3,mucs_hi_en_04019,real,Hinglish,MUCS_OpenSLR104,,test,mp3,4.0,WAV/PCM_16,0f1ad8a678292336894b4b36c8072659ef5fd4260df82eee2ef454ad603e92ab,7ee10284e80b36d4,data/evaluation/robustness_v1/rob_mucs_hi_en_04019__mp3.wav
rob_mucs_hi_en_04019__opus,mucs_hi_en_04019,real,Hinglish,MUCS_OpenSLR104,,test,opus,4.0,WAV/PCM_16,50ef0a9e02c6e708f141d513f2a3feeec8a1356b8571a6d332361e731ce96fd4,7ee10284e80b36d4,data/evaluation/robustness_v1/rob_mucs_hi_en_04019__opus.wav
rob_mucs_hi_en_04019__telephone,mucs_hi_en_04019,real,Hinglish,MUCS_OpenSLR104,,test,telephone,4.0,WAV/PCM_16,b714451890cff1a61a2250c9ccd3422ad3c4182090ef3de75a79a904f6c15fb9,7ee10284e80b36d4,data/evaluation/robustness_v1/rob_mucs_hi_en_04019__telephone.wav
rob_mucs_hi_en_04019__lowpass,mucs_hi_en_04019,real,Hinglish,MUCS_OpenSLR104,,test,lowpass,4.0,WAV/PCM_16,0e0f206387b899a5291bdfc5839000ca2bcb851a2a76756b0218f0c83e24d6ff,7ee10284e80b36d4,data/evaluation/robustness_v1/rob_mucs_hi_en_04019__lowpass.wav
rob_mucs_hi_en_04019__multi_codec,mucs_hi_en_04019,real,Hinglish,MUCS_OpenSLR104,,test,multi_codec,4.0,WAV/PCM_16,ccb76a922c531087a4bdbbd39f04439dc72298693f0526f342ca0253eb41458c,7ee10284e80b36d4,data/evaluation/robustness_v1/rob_mucs_hi_en_04019__multi_codec.wav
rob_mucs_hi_en_04032__mp3,mucs_hi_en_04032,real,Hinglish,MUCS_OpenSLR104,,test,mp3,2.0,WAV/PCM_16,b9d7bc4f9a7279807e9aee3c1a89e989eace939fc74fe228db3940836f9ed309,cd2076f79a5bd8a1,data/evaluation/robustness_v1/rob_mucs_hi_en_04032__mp3.wav
rob_mucs_hi_en_04032__opus,mucs_hi_en_04032,real,Hinglish,MUCS_OpenSLR104,,test,opus,2.0,WAV/PCM_16,6f971a84c1d2b20aabe694d5f55f6c8ce2d884684ca6a84e99c09a89c37328ea,cd2076f79a5bd8a1,data/evaluation/robustness_v1/rob_mucs_hi_en_04032__opus.wav
rob_mucs_hi_en_04032__telephone,mucs_hi_en_04032,real,Hinglish,MUCS_OpenSLR104,,test,telephone,2.0,WAV/PCM_16,5ff59c37da0c16ec68f1e9e4808f1d9c9d4e5d517a58cc2d5bb4f60777814af6,cd2076f79a5bd8a1,data/evaluation/robustness_v1/rob_mucs_hi_en_04032__telephone.wav
rob_mucs_hi_en_04032__lowpass,mucs_hi_en_04032,real,Hinglish,MUCS_OpenSLR104,,test,lowpass,2.0,WAV/PCM_16,f897b2908610acf65803cfec8fbd20c621b1ccbd1844e7eb95490f66db90f445,cd2076f79a5bd8a1,data/evaluation/robustness_v1/rob_mucs_hi_en_04032__lowpass.wav
rob_mucs_hi_en_04032__multi_codec,mucs_hi_en_04032,real,Hinglish,MUCS_OpenSLR104,,test,multi_codec,2.0,WAV/PCM_16,0c6dd11b7873eb2261d12ecad4cba7cdf313ed741a825e5c93012f36098731aa,cd2076f79a5bd8a1,data/evaluation/robustness_v1/rob_mucs_hi_en_04032__multi_codec.wav
rob_mucs_hi_en_04050__mp3,mucs_hi_en_04050,real,Hinglish,MUCS_OpenSLR104,,test,mp3,3.0,WAV/PCM_16,ed7520c831bbcc91ba4abf81b81bc7b318ced12eb7ea5c326f35cf958923cff4,84c9e4e3b1e50f4c,data/evaluation/robustness_v1/rob_mucs_hi_en_04050__mp3.wav
rob_mucs_hi_en_04050__opus,mucs_hi_en_04050,real,Hinglish,MUCS_OpenSLR104,,test,opus,3.0,WAV/PCM_16,6d626160281c6550ef60ac4dd69439f1213851c0033e68798973b38b109d9dcc,84c9e4e3b1e50f4c,data/evaluation/robustness_v1/rob_mucs_hi_en_04050__opus.wav
rob_mucs_hi_en_04050__telephone,mucs_hi_en_04050,real,Hinglish,MUCS_OpenSLR104,,test,telephone,3.0,WAV/PCM_16,10f8af5f72216a3c7612632d899e7fc1b826056bfd1caeb6c66d3cea40983056,84c9e4e3b1e50f4c,data/evaluation/robustness_v1/rob_mucs_hi_en_04050__telephone.wav
rob_mucs_hi_en_04050__lowpass,mucs_hi_en_04050,real,Hinglish,MUCS_OpenSLR104,,test,lowpass,3.0,WAV/PCM_16,144dfa19abf167f1e44b4a48f000718bb047c04ecd3afbbe3f366d106a2814a2,84c9e4e3b1e50f4c,data/evaluation/robustness_v1/rob_mucs_hi_en_04050__lowpass.wav
rob_mucs_hi_en_04050__multi_codec,mucs_hi_en_04050,real,Hinglish,MUCS_OpenSLR104,,test,multi_codec,3.0,WAV/PCM_16,8c26d515c0528929fa780f01a9066039d449f1e3ed850200bcde0a67717b16f5,84c9e4e3b1e50f4c,data/evaluation/robustness_v1/rob_mucs_hi_en_04050__multi_codec.wav
rob_mucs_hi_en_04067__mp3,mucs_hi_en_04067,real,Hinglish,MUCS_OpenSLR104,,test,mp3,6.0,WAV/PCM_16,40bc16cb161542c73e8859871d1ebdf394df3300c709a465dfc51d8199267e17,0d0dabe1e432ed82,data/evaluation/robustness_v1/rob_mucs_hi_en_04067__mp3.wav
rob_mucs_hi_en_04067__opus,mucs_hi_en_04067,real,Hinglish,MUCS_OpenSLR104,,test,opus,6.0,WAV/PCM_16,dc702dc9f535d1fb5145fee7075c98eb872fe7f6388c5ccddf9df5ebc63fbe17,0d0dabe1e432ed82,data/evaluation/robustness_v1/rob_mucs_hi_en_04067__opus.wav
rob_mucs_hi_en_04067__telephone,mucs_hi_en_04067,real,Hinglish,MUCS_OpenSLR104,,test,telephone,6.0,WAV/PCM_16,4d5e6510b4e7631ce4917e6cd11fffb105baf08450ca6ceb3c9696bf9d32358d,0d0dabe1e432ed82,data/evaluation/robustness_v1/rob_mucs_hi_en_04067__telephone.wav
rob_mucs_hi_en_04067__lowpass,mucs_hi_en_04067,real,Hinglish,MUCS_OpenSLR104,,test,lowpass,6.0,WAV/PCM_16,c66fa2b2935e1a34d22dc8049e6b821b705a23a169a9bfbe1045134cf7ee2247,0d0dabe1e432ed82,data/evaluation/robustness_v1/rob_mucs_hi_en_04067__lowpass.wav
rob_mucs_hi_en_04067__multi_codec,mucs_hi_en_04067,real,Hinglish,MUCS_OpenSLR104,,test,multi_codec,6.0,WAV/PCM_16,d7befc149f4d48d2ab14b54980027ca9d26f9da7658f96bf097a3712964b5e13,0d0dabe1e432ed82,data/evaluation/robustness_v1/rob_mucs_hi_en_04067__multi_codec.wav
rob_mucs_hi_en_04103__mp3,mucs_hi_en_04103,real,Hinglish,MUCS_OpenSLR104,,test,mp3,3.0,WAV/PCM_16,53f8284e65146368fd347763d87546636f8e7a87863d329fb1f3c29d6c0bb9e1,263d95ec1cb89e64,data/evaluation/robustness_v1/rob_mucs_hi_en_04103__mp3.wav
rob_mucs_hi_en_04103__opus,mucs_hi_en_04103,real,Hinglish,MUCS_OpenSLR104,,test,opus,3.0,WAV/PCM_16,9e97cdbe36a38b6944b74cd13790b62def68bfc15fbec2c00d5dc24dc0e0913e,263d95ec1cb89e64,data/evaluation/robustness_v1/rob_mucs_hi_en_04103__opus.wav
rob_mucs_hi_en_04103__telephone,mucs_hi_en_04103,real,Hinglish,MUCS_OpenSLR104,,test,telephone,3.0,WAV/PCM_16,b29dfe4fbf945e590f407110d04b0655a135f638e3645f591cca04bbc725a9fd,263d95ec1cb89e64,data/evaluation/robustness_v1/rob_mucs_hi_en_04103__telephone.wav
rob_mucs_hi_en_04103__lowpass,mucs_hi_en_04103,real,Hinglish,MUCS_OpenSLR104,,test,lowpass,3.0,WAV/PCM_16,2545d42195b51cbcaaffb83475ad6bd07aa73909b46d20c120d7d5b3ce9d12ae,263d95ec1cb89e64,data/evaluation/robustness_v1/rob_mucs_hi_en_04103__lowpass.wav
rob_mucs_hi_en_04103__multi_codec,mucs_hi_en_04103,real,Hinglish,MUCS_OpenSLR104,,test,multi_codec,3.0,WAV/PCM_16,01e7b0db03d27547980ccddf5bf8bd1bd7c57a4b4fed34c23ba6fdf793961314,263d95ec1cb89e64,data/evaluation/robustness_v1/rob_mucs_hi_en_04103__multi_codec.wav
rob_mucs_hi_en_04115__mp3,mucs_hi_en_04115,real,Hinglish,MUCS_OpenSLR104,,test,mp3,8.0,WAV/PCM_16,53555f22ffdb14bda17dc10d5e5b94291502554fb98305a5c77c31a368974698,57db564f5d406e10,data/evaluation/robustness_v1/rob_mucs_hi_en_04115__mp3.wav
rob_mucs_hi_en_04115__opus,mucs_hi_en_04115,real,Hinglish,MUCS_OpenSLR104,,test,opus,8.0,WAV/PCM_16,ad5f434e41f6d404bd967dbe0a074df7aca2108c6ed18d9ca6896bdcbee85f25,57db564f5d406e10,data/evaluation/robustness_v1/rob_mucs_hi_en_04115__opus.wav
rob_mucs_hi_en_04115__telephone,mucs_hi_en_04115,real,Hinglish,MUCS_OpenSLR104,,test,telephone,8.0,WAV/PCM_16,0b258845df198349981b534e815b6c33727f00ff6aec7c4f99bf2f9894e76fca,57db564f5d406e10,data/evaluation/robustness_v1/rob_mucs_hi_en_04115__telephone.wav
rob_mucs_hi_en_04115__lowpass,mucs_hi_en_04115,real,Hinglish,MUCS_OpenSLR104,,test,lowpass,8.0,WAV/PCM_16,6fd63ae128eb068f09157ffa0c4f272766c95bebebca64d6f7630203e6621d2b,57db564f5d406e10,data/evaluation/robustness_v1/rob_mucs_hi_en_04115__lowpass.wav
rob_mucs_hi_en_04115__multi_codec,mucs_hi_en_04115,real,Hinglish,MUCS_OpenSLR104,,test,multi_codec,8.0,WAV/PCM_16,400ef7eed10b4600ddfde32d43ee10d2cbe563a8d04eadc95e91c97dd03f2a75,57db564f5d406e10,data/evaluation/robustness_v1/rob_mucs_hi_en_04115__multi_codec.wav
rob_mucs_hi_en_04127__mp3,mucs_hi_en_04127,real,Hinglish,MUCS_OpenSLR104,,test,mp3,5.0,WAV/PCM_16,17d820ae30965f4cf102e1d39995e8f5a311dd360af204c8e40b1363e5d7f808,a99bd64d617fd8c8,data/evaluation/robustness_v1/rob_mucs_hi_en_04127__mp3.wav
rob_mucs_hi_en_04127__opus,mucs_hi_en_04127,real,Hinglish,MUCS_OpenSLR104,,test,opus,5.0,WAV/PCM_16,3bb135b747ce79f6831c96d3f2bde37a8e16155c7c1065510061c02c55103290,a99bd64d617fd8c8,data/evaluation/robustness_v1/rob_mucs_hi_en_04127__opus.wav
rob_mucs_hi_en_04127__telephone,mucs_hi_en_04127,real,Hinglish,MUCS_OpenSLR104,,test,telephone,5.0,WAV/PCM_16,966f468519e31418ae3a4ee833c305d3adbadc9bad694fa9bb2b758c7fd93238,a99bd64d617fd8c8,data/evaluation/robustness_v1/rob_mucs_hi_en_04127__telephone.wav
rob_mucs_hi_en_04127__lowpass,mucs_hi_en_04127,real,Hinglish,MUCS_OpenSLR104,,test,lowpass,5.0,WAV/PCM_16,d6c1ed70b1ba4613f531bb7b73ef307b33401170f47bf3bb0270f24d60e2a08b,a99bd64d617fd8c8,data/evaluation/robustness_v1/rob_mucs_hi_en_04127__lowpass.wav
rob_mucs_hi_en_04127__multi_codec,mucs_hi_en_04127,real,Hinglish,MUCS_OpenSLR104,,test,multi_codec,5.0,WAV/PCM_16,7cdd6e6d178c4115e351f6614282ad797141fbf6ab0f2a59e569026eca6104d6,a99bd64d617fd8c8,data/evaluation/robustness_v1/rob_mucs_hi_en_04127__multi_codec.wav
rob_mucs_hi_en_04219__mp3,mucs_hi_en_04219,real,Hinglish,MUCS_OpenSLR104,,test,mp3,6.0,WAV/PCM_16,d7ea91b230ddcb3ad822bcc0bf01a51fd2fc3e92197ca2fa6307b934645824c5,e89967edf28bb02d,data/evaluation/robustness_v1/rob_mucs_hi_en_04219__mp3.wav
rob_mucs_hi_en_04219__opus,mucs_hi_en_04219,real,Hinglish,MUCS_OpenSLR104,,test,opus,6.0,WAV/PCM_16,330229be44d6542d45f23c072c04e4679ac6c3b1ce9e32bde57264cf8b9f2ab2,e89967edf28bb02d,data/evaluation/robustness_v1/rob_mucs_hi_en_04219__opus.wav
rob_mucs_hi_en_04219__telephone,mucs_hi_en_04219,real,Hinglish,MUCS_OpenSLR104,,test,telephone,6.0,WAV/PCM_16,4850168e0f692d2765558365404db2982672721c61b7a2118090cd39cd29db05,e89967edf28bb02d,data/evaluation/robustness_v1/rob_mucs_hi_en_04219__telephone.wav
rob_mucs_hi_en_04219__lowpass,mucs_hi_en_04219,real,Hinglish,MUCS_OpenSLR104,,test,lowpass,6.0,WAV/PCM_16,914627369e4ede2d8c579db235ca2c24f431d7ddc59085341103f172c8e967d6,e89967edf28bb02d,data/evaluation/robustness_v1/rob_mucs_hi_en_04219__lowpass.wav
rob_mucs_hi_en_04219__multi_codec,mucs_hi_en_04219,real,Hinglish,MUCS_OpenSLR104,,test,multi_codec,6.0,WAV/PCM_16,c38fb828ab8a515ead9f9520d8a908bc6de83a9843665e7fb4cd79723b5d6d1e,e89967edf28bb02d,data/evaluation/robustness_v1/rob_mucs_hi_en_04219__multi_codec.wav
rob_mucs_hi_en_04338__mp3,mucs_hi_en_04338,real,Hinglish,MUCS_OpenSLR104,,test,mp3,8.0,WAV/PCM_16,fede20ff8d678c60743046f49b1a3c7138e6653ab0265ad3ad8a820c92143eb4,5f85b02639ba7e5d,data/evaluation/robustness_v1/rob_mucs_hi_en_04338__mp3.wav
rob_mucs_hi_en_04338__opus,mucs_hi_en_04338,real,Hinglish,MUCS_OpenSLR104,,test,opus,8.0,WAV/PCM_16,b05ad86f1f0794fb71b8019b244d59e047dc67b81c80ffb33fb5902a5846f80d,5f85b02639ba7e5d,data/evaluation/robustness_v1/rob_mucs_hi_en_04338__opus.wav
rob_mucs_hi_en_04338__telephone,mucs_hi_en_04338,real,Hinglish,MUCS_OpenSLR104,,test,telephone,8.0,WAV/PCM_16,4ec94de904ed22cc0efea91ff18e3a638f1cb90c536be0d097ed19f769dddfbd,5f85b02639ba7e5d,data/evaluation/robustness_v1/rob_mucs_hi_en_04338__telephone.wav
rob_mucs_hi_en_04338__lowpass,mucs_hi_en_04338,real,Hinglish,MUCS_OpenSLR104,,test,lowpass,8.0,WAV/PCM_16,3b9cfd850f6ea6f821e4b501745e4fa615d5bafc708acb49127030d5fb069b99,5f85b02639ba7e5d,data/evaluation/robustness_v1/rob_mucs_hi_en_04338__lowpass.wav
rob_mucs_hi_en_04338__multi_codec,mucs_hi_en_04338,real,Hinglish,MUCS_OpenSLR104,,test,multi_codec,8.0,WAV/PCM_16,44c559b0a50f03ac8985395e79833480edab9cf67cedfd752dc0c973f83b56c6,5f85b02639ba7e5d,data/evaluation/robustness_v1/rob_mucs_hi_en_04338__multi_codec.wav
rob_mucs_hi_en_04360__mp3,mucs_hi_en_04360,real,Hinglish,MUCS_OpenSLR104,,test,mp3,2.0,WAV/PCM_16,891b9c255147d0a2e314d6407203cee986f531efdcf43b1ccf97be098a5e621d,7716473271dd76a1,data/evaluation/robustness_v1/rob_mucs_hi_en_04360__mp3.wav
rob_mucs_hi_en_04360__opus,mucs_hi_en_04360,real,Hinglish,MUCS_OpenSLR104,,test,opus,2.0,WAV/PCM_16,ae92963f252d652324c59477bef158e9c95ec67a89709fdc4a054222a34a8b31,7716473271dd76a1,data/evaluation/robustness_v1/rob_mucs_hi_en_04360__opus.wav
rob_mucs_hi_en_04360__telephone,mucs_hi_en_04360,real,Hinglish,MUCS_OpenSLR104,,test,telephone,2.0,WAV/PCM_16,8c9e069c16562f43e4f927412780a0d6f611d23b2f3b59b0cfba9f7e0631da4f,7716473271dd76a1,data/evaluation/robustness_v1/rob_mucs_hi_en_04360__telephone.wav
rob_mucs_hi_en_04360__lowpass,mucs_hi_en_04360,real,Hinglish,MUCS_OpenSLR104,,test,lowpass,2.0,WAV/PCM_16,18c6b954a8dc79bb86488314f9fc04e89b7933e9526fef99ce9d604ea3bc13a1,7716473271dd76a1,data/evaluation/robustness_v1/rob_mucs_hi_en_04360__lowpass.wav
rob_mucs_hi_en_04360__multi_codec,mucs_hi_en_04360,real,Hinglish,MUCS_OpenSLR104,,test,multi_codec,2.0,WAV/PCM_16,72058717cfa1103283ce1b82a8455f9aed9ba759390bcdab93431b257d63a92f,7716473271dd76a1,data/evaluation/robustness_v1/rob_mucs_hi_en_04360__multi_codec.wav
rob_mucs_hi_en_04491__mp3,mucs_hi_en_04491,real,Hinglish,MUCS_OpenSLR104,,test,mp3,3.0,WAV/PCM_16,4c5ea275abdebd876606acbb35980ac2a5ba6a1e8cc5737ddf7ad47ef47fc52c,b476ff386872ae3a,data/evaluation/robustness_v1/rob_mucs_hi_en_04491__mp3.wav
rob_mucs_hi_en_04491__opus,mucs_hi_en_04491,real,Hinglish,MUCS_OpenSLR104,,test,opus,3.0,WAV/PCM_16,1e15c61307220e73e58dc483727c000d63f058c05ddebd23db319e680017d4bb,b476ff386872ae3a,data/evaluation/robustness_v1/rob_mucs_hi_en_04491__opus.wav
rob_mucs_hi_en_04491__telephone,mucs_hi_en_04491,real,Hinglish,MUCS_OpenSLR104,,test,telephone,3.0,WAV/PCM_16,d92d56ad7c633f7d2f21f8a02b6a72551950a49d99526bf25aa4ad96f2ebfde4,b476ff386872ae3a,data/evaluation/robustness_v1/rob_mucs_hi_en_04491__telephone.wav
rob_mucs_hi_en_04491__lowpass,mucs_hi_en_04491,real,Hinglish,MUCS_OpenSLR104,,test,lowpass,3.0,WAV/PCM_16,0027446480273e9c6b58aa24ea9a7f574420a10a3cb941ee0e22c2204ef58f77,b476ff386872ae3a,data/evaluation/robustness_v1/rob_mucs_hi_en_04491__lowpass.wav
rob_mucs_hi_en_04491__multi_codec,mucs_hi_en_04491,real,Hinglish,MUCS_OpenSLR104,,test,multi_codec,3.0,WAV/PCM_16,1cb93ac3c424975f7e73ab85675effd8bca9d8c8410d5f5d35eb2be194386ea9,b476ff386872ae3a,data/evaluation/robustness_v1/rob_mucs_hi_en_04491__multi_codec.wav
rob_mucs_hi_en_04496__mp3,mucs_hi_en_04496,real,Hinglish,MUCS_OpenSLR104,,test,mp3,4.0,WAV/PCM_16,f7a404d4aedbbf46b8512923fa5d28cc5b6f1b6ae8631f389376fb64176b11e9,ab11e28a4884728f,data/evaluation/robustness_v1/rob_mucs_hi_en_04496__mp3.wav
rob_mucs_hi_en_04496__opus,mucs_hi_en_04496,real,Hinglish,MUCS_OpenSLR104,,test,opus,4.0,WAV/PCM_16,ecc296b793d65ed0c4f288b384a65f957ae032006cb0b1d19653f041cf1df01a,ab11e28a4884728f,data/evaluation/robustness_v1/rob_mucs_hi_en_04496__opus.wav
rob_mucs_hi_en_04496__telephone,mucs_hi_en_04496,real,Hinglish,MUCS_OpenSLR104,,test,telephone,4.0,WAV/PCM_16,ae6e7ad603edd819c04cf7b50641529274397b3bfc29380b83830d5cd57868f0,ab11e28a4884728f,data/evaluation/robustness_v1/rob_mucs_hi_en_04496__telephone.wav
rob_mucs_hi_en_04496__lowpass,mucs_hi_en_04496,real,Hinglish,MUCS_OpenSLR104,,test,lowpass,4.0,WAV/PCM_16,10f8fde19d749a4cbb48ba67a8555011f91b4a0fd8e04da9633dddd877ad0144,ab11e28a4884728f,data/evaluation/robustness_v1/rob_mucs_hi_en_04496__lowpass.wav
rob_mucs_hi_en_04496__multi_codec,mucs_hi_en_04496,real,Hinglish,MUCS_OpenSLR104,,test,multi_codec,4.0,WAV/PCM_16,8a0bc5d4d0d4478fe11d7cd98ec264a19c8fdeec83d90e74e2eadebeba53e0bd,ab11e28a4884728f,data/evaluation/robustness_v1/rob_mucs_hi_en_04496__multi_codec.wav
rob_mucs_hi_en_04531__mp3,mucs_hi_en_04531,real,Hinglish,MUCS_OpenSLR104,,test,mp3,7.0,WAV/PCM_16,90ea8a2aef742198578649d4115681ba5dfb269d6a3f039fc9c1e426930c7b33,7760ec2655faa652,data/evaluation/robustness_v1/rob_mucs_hi_en_04531__mp3.wav
rob_mucs_hi_en_04531__opus,mucs_hi_en_04531,real,Hinglish,MUCS_OpenSLR104,,test,opus,7.0,WAV/PCM_16,3269bca156485d3bcf698b5e72219bcd02bedda404c4cdac7073b07f4b913214,7760ec2655faa652,data/evaluation/robustness_v1/rob_mucs_hi_en_04531__opus.wav
rob_mucs_hi_en_04531__telephone,mucs_hi_en_04531,real,Hinglish,MUCS_OpenSLR104,,test,telephone,7.0,WAV/PCM_16,222e1880289b114b97ff7d85bb08cc7b297915bd97b43f2165ca064703545263,7760ec2655faa652,data/evaluation/robustness_v1/rob_mucs_hi_en_04531__telephone.wav
rob_mucs_hi_en_04531__lowpass,mucs_hi_en_04531,real,Hinglish,MUCS_OpenSLR104,,test,lowpass,7.0,WAV/PCM_16,71d6ddc1834e44b34da65958796c7f6ecd780d65280b7dcb31f214a4ba07ee33,7760ec2655faa652,data/evaluation/robustness_v1/rob_mucs_hi_en_04531__lowpass.wav
rob_mucs_hi_en_04531__multi_codec,mucs_hi_en_04531,real,Hinglish,MUCS_OpenSLR104,,test,multi_codec,7.0,WAV/PCM_16,655014a165eb836ed8b8d271aee657931054f2a35c98b9233a227e54b15871c0,7760ec2655faa652,data/evaluation/robustness_v1/rob_mucs_hi_en_04531__multi_codec.wav
rob_mucs_hi_en_04537__mp3,mucs_hi_en_04537,real,Hinglish,MUCS_OpenSLR104,,test,mp3,6.0,WAV/PCM_16,ef725024d53d00f3092f8111611602617b630f90a01c53514b3668621a740429,e73ab8f112ab9bd9,data/evaluation/robustness_v1/rob_mucs_hi_en_04537__mp3.wav
rob_mucs_hi_en_04537__opus,mucs_hi_en_04537,real,Hinglish,MUCS_OpenSLR104,,test,opus,6.0,WAV/PCM_16,5a5759f52a22be761356e089bd8a6409163e74dd1c98eb1dd8b3523eaad64478,e73ab8f112ab9bd9,data/evaluation/robustness_v1/rob_mucs_hi_en_04537__opus.wav
rob_mucs_hi_en_04537__telephone,mucs_hi_en_04537,real,Hinglish,MUCS_OpenSLR104,,test,telephone,6.0,WAV/PCM_16,d627780f4e9394ccf28730c6336ff610001c8510dabd0cdd028dc867b337bac0,e73ab8f112ab9bd9,data/evaluation/robustness_v1/rob_mucs_hi_en_04537__telephone.wav
rob_mucs_hi_en_04537__lowpass,mucs_hi_en_04537,real,Hinglish,MUCS_OpenSLR104,,test,lowpass,6.0,WAV/PCM_16,ac2b754a3ff0728be74b947ee4d6ac92ce73938206deb96aa1c90b073c017ed1,e73ab8f112ab9bd9,data/evaluation/robustness_v1/rob_mucs_hi_en_04537__lowpass.wav
rob_mucs_hi_en_04537__multi_codec,mucs_hi_en_04537,real,Hinglish,MUCS_OpenSLR104,,test,multi_codec,6.0,WAV/PCM_16,9ee58766446422500a097301e243de1b195ee4363ad9c06d5076fbdcdd0d3454,e73ab8f112ab9bd9,data/evaluation/robustness_v1/rob_mucs_hi_en_04537__multi_codec.wav
rob_mucs_hi_en_04552__mp3,mucs_hi_en_04552,real,Hinglish,MUCS_OpenSLR104,,test,mp3,3.0,WAV/PCM_16,26c933560f3e2c9ebe03f934b8b205e0cb8ebbed1b0e9f25f50c447e85d86ef1,cd2076f79a5bd8a1,data/evaluation/robustness_v1/rob_mucs_hi_en_04552__mp3.wav
rob_mucs_hi_en_04552__opus,mucs_hi_en_04552,real,Hinglish,MUCS_OpenSLR104,,test,opus,3.0,WAV/PCM_16,fcf13a806c91b500bfc233635107bc9548e4915b0f6178772abc5d944ced1de8,cd2076f79a5bd8a1,data/evaluation/robustness_v1/rob_mucs_hi_en_04552__opus.wav
rob_mucs_hi_en_04552__telephone,mucs_hi_en_04552,real,Hinglish,MUCS_OpenSLR104,,test,telephone,3.0,WAV/PCM_16,890c863502519c21bb53727a20fd06c484d739074b80da022cef70a5ac7391d1,cd2076f79a5bd8a1,data/evaluation/robustness_v1/rob_mucs_hi_en_04552__telephone.wav
rob_mucs_hi_en_04552__lowpass,mucs_hi_en_04552,real,Hinglish,MUCS_OpenSLR104,,test,lowpass,3.0,WAV/PCM_16,d890825b3d4673e802c516fe76f6ad23ea37940159e2c0392440483c811e121a,cd2076f79a5bd8a1,data/evaluation/robustness_v1/rob_mucs_hi_en_04552__lowpass.wav
rob_mucs_hi_en_04552__multi_codec,mucs_hi_en_04552,real,Hinglish,MUCS_OpenSLR104,,test,multi_codec,3.0,WAV/PCM_16,3dee7ac8682289b3db1a31647c90146d3e5282d2163b625b34c6e6c33cf5ac34,cd2076f79a5bd8a1,data/evaluation/robustness_v1/rob_mucs_hi_en_04552__multi_codec.wav
rob_mucs_hi_en_04566__mp3,mucs_hi_en_04566,real,Hinglish,MUCS_OpenSLR104,,test,mp3,2.0,WAV/PCM_16,2982753df549f54646721b6d68687a29ce6a631a28b355542d0c6e0decaaef67,2ce92867d9ea5ab9,data/evaluation/robustness_v1/rob_mucs_hi_en_04566__mp3.wav
rob_mucs_hi_en_04566__opus,mucs_hi_en_04566,real,Hinglish,MUCS_OpenSLR104,,test,opus,2.0,WAV/PCM_16,ab93be236163a6b2590c62c338ef0c011454a7c0fabcbaea686e34f4ab4b02d1,2ce92867d9ea5ab9,data/evaluation/robustness_v1/rob_mucs_hi_en_04566__opus.wav
rob_mucs_hi_en_04566__telephone,mucs_hi_en_04566,real,Hinglish,MUCS_OpenSLR104,,test,telephone,2.0,WAV/PCM_16,75835508fec73afa9c1b90642891c723d53f97f12c4654c1ab5b33c4b23ab8e2,2ce92867d9ea5ab9,data/evaluation/robustness_v1/rob_mucs_hi_en_04566__telephone.wav
rob_mucs_hi_en_04566__lowpass,mucs_hi_en_04566,real,Hinglish,MUCS_OpenSLR104,,test,lowpass,2.0,WAV/PCM_16,5084922d72cbda35023a91e667a17ab0c9770e4180b2abee563ab45471af8c39,2ce92867d9ea5ab9,data/evaluation/robustness_v1/rob_mucs_hi_en_04566__lowpass.wav
rob_mucs_hi_en_04566__multi_codec,mucs_hi_en_04566,real,Hinglish,MUCS_OpenSLR104,,test,multi_codec,2.0,WAV/PCM_16,749424afced8454b54d9bd675cedd93779c2780275ee3439120accf1615da983,2ce92867d9ea5ab9,data/evaluation/robustness_v1/rob_mucs_hi_en_04566__multi_codec.wav
rob_mucs_hi_en_04586__mp3,mucs_hi_en_04586,real,Hinglish,MUCS_OpenSLR104,,test,mp3,4.0,WAV/PCM_16,e7d4401ec78b696ad25faa54e3d5ac1d5587a08b64eb46024f10830b15c5140a,61b4fe0a003994e2,data/evaluation/robustness_v1/rob_mucs_hi_en_04586__mp3.wav
rob_mucs_hi_en_04586__opus,mucs_hi_en_04586,real,Hinglish,MUCS_OpenSLR104,,test,opus,4.0,WAV/PCM_16,83daf5a3fcff60619db3542d0ddd528025f1418b3cf3096127ea396d6694c462,61b4fe0a003994e2,data/evaluation/robustness_v1/rob_mucs_hi_en_04586__opus.wav
rob_mucs_hi_en_04586__telephone,mucs_hi_en_04586,real,Hinglish,MUCS_OpenSLR104,,test,telephone,4.0,WAV/PCM_16,e0c814e5b36c41ab38cbb758c41ce3fc99e08ca1eafe37721d42e4f2a83b6f5c,61b4fe0a003994e2,data/evaluation/robustness_v1/rob_mucs_hi_en_04586__telephone.wav
rob_mucs_hi_en_04586__lowpass,mucs_hi_en_04586,real,Hinglish,MUCS_OpenSLR104,,test,lowpass,4.0,WAV/PCM_16,1b5013075dcb63362653f254695e6b643f005331cefdc46645dfae29f6376fb9,61b4fe0a003994e2,data/evaluation/robustness_v1/rob_mucs_hi_en_04586__lowpass.wav
rob_mucs_hi_en_04586__multi_codec,mucs_hi_en_04586,real,Hinglish,MUCS_OpenSLR104,,test,multi_codec,4.0,WAV/PCM_16,ebbb57c0290f97594e4a9f55e75aa100176bc09b108db103565c151bbcaaab51,61b4fe0a003994e2,data/evaluation/robustness_v1/rob_mucs_hi_en_04586__multi_codec.wav
rob_mucs_hi_en_04620__mp3,mucs_hi_en_04620,real,Hinglish,MUCS_OpenSLR104,,test,mp3,5.0,WAV/PCM_16,bf7db4faedd100efa69fb950bd0f4e3d4f3c69fe622723d4b87b018404d525be,02e74ea1e9ac45b1,data/evaluation/robustness_v1/rob_mucs_hi_en_04620__mp3.wav
rob_mucs_hi_en_04620__opus,mucs_hi_en_04620,real,Hinglish,MUCS_OpenSLR104,,test,opus,5.0,WAV/PCM_16,5b32c6ceb582e0c2e1de1476612f49c6cfddc6033ded7e2ddee6df23cc017d18,02e74ea1e9ac45b1,data/evaluation/robustness_v1/rob_mucs_hi_en_04620__opus.wav
rob_mucs_hi_en_04620__telephone,mucs_hi_en_04620,real,Hinglish,MUCS_OpenSLR104,,test,telephone,5.0,WAV/PCM_16,92781ce378e84722c101e1599342d07eb4cd993d419f6b67b8d91de3522f80ad,02e74ea1e9ac45b1,data/evaluation/robustness_v1/rob_mucs_hi_en_04620__telephone.wav
rob_mucs_hi_en_04620__lowpass,mucs_hi_en_04620,real,Hinglish,MUCS_OpenSLR104,,test,lowpass,5.0,WAV/PCM_16,4b6e774e9adad5abeb2d933467d727e64de8f0afcba819a2e5c26a840e9c20fc,02e74ea1e9ac45b1,data/evaluation/robustness_v1/rob_mucs_hi_en_04620__lowpass.wav
rob_mucs_hi_en_04620__multi_codec,mucs_hi_en_04620,real,Hinglish,MUCS_OpenSLR104,,test,multi_codec,5.0,WAV/PCM_16,9346b390e3377692e072e3d0e6842ebcbf0fe5afd266ed96a893ec2d3e8fb165,02e74ea1e9ac45b1,data/evaluation/robustness_v1/rob_mucs_hi_en_04620__multi_codec.wav
rob_mucs_hi_en_04623__mp3,mucs_hi_en_04623,real,Hinglish,MUCS_OpenSLR104,,test,mp3,7.0,WAV/PCM_16,48e147588496ac5090282fd5721966644ade28540b54729279cf7d60e421c6d2,263d95ec1cb89e64,data/evaluation/robustness_v1/rob_mucs_hi_en_04623__mp3.wav
rob_mucs_hi_en_04623__opus,mucs_hi_en_04623,real,Hinglish,MUCS_OpenSLR104,,test,opus,7.0,WAV/PCM_16,f82838827cabad8783568691d2550b3b6123551fb3f10d0ae9ae70fa0ac9c8de,263d95ec1cb89e64,data/evaluation/robustness_v1/rob_mucs_hi_en_04623__opus.wav
rob_mucs_hi_en_04623__telephone,mucs_hi_en_04623,real,Hinglish,MUCS_OpenSLR104,,test,telephone,7.0,WAV/PCM_16,f27dc5657afc9dd746830c6312e9b78a2b71d3a5af116b7c68ac897895acf3c6,263d95ec1cb89e64,data/evaluation/robustness_v1/rob_mucs_hi_en_04623__telephone.wav
rob_mucs_hi_en_04623__lowpass,mucs_hi_en_04623,real,Hinglish,MUCS_OpenSLR104,,test,lowpass,7.0,WAV/PCM_16,07988ae733bf762cb9275d429e4fbde014bfcf0b8d33c25f0ef51b28fcb41d1c,263d95ec1cb89e64,data/evaluation/robustness_v1/rob_mucs_hi_en_04623__lowpass.wav
rob_mucs_hi_en_04623__multi_codec,mucs_hi_en_04623,real,Hinglish,MUCS_OpenSLR104,,test,multi_codec,7.0,WAV/PCM_16,355eeefbba69a8ed4e6a3ea380174fd60fee84abf1c6e3b86c862cf64e6d656f,263d95ec1cb89e64,data/evaluation/robustness_v1/rob_mucs_hi_en_04623__multi_codec.wav
rob_mucs_hi_en_04635__mp3,mucs_hi_en_04635,real,Hinglish,MUCS_OpenSLR104,,test,mp3,13.0,WAV/PCM_16,27f08ebe67a8453d167fc28f4d995e619518b2e842f2ca10e6aee0ff905dbdda,57db564f5d406e10,data/evaluation/robustness_v1/rob_mucs_hi_en_04635__mp3.wav
rob_mucs_hi_en_04635__opus,mucs_hi_en_04635,real,Hinglish,MUCS_OpenSLR104,,test,opus,13.0,WAV/PCM_16,326a6c35b7dd823a5f9d931dab220218babb66299c96fec33fbc433be4019988,57db564f5d406e10,data/evaluation/robustness_v1/rob_mucs_hi_en_04635__opus.wav
rob_mucs_hi_en_04635__telephone,mucs_hi_en_04635,real,Hinglish,MUCS_OpenSLR104,,test,telephone,13.0,WAV/PCM_16,34b74e0cbf1fce5513303bec3d45717c58c56dc00d9eddde40fe0a9f60145ec2,57db564f5d406e10,data/evaluation/robustness_v1/rob_mucs_hi_en_04635__telephone.wav
rob_mucs_hi_en_04635__lowpass,mucs_hi_en_04635,real,Hinglish,MUCS_OpenSLR104,,test,lowpass,13.0,WAV/PCM_16,894380abb27e430b8973abb33052a8ea7724b01523149925dc19a0b28690eeed,57db564f5d406e10,data/evaluation/robustness_v1/rob_mucs_hi_en_04635__lowpass.wav
rob_mucs_hi_en_04635__multi_codec,mucs_hi_en_04635,real,Hinglish,MUCS_OpenSLR104,,test,multi_codec,13.0,WAV/PCM_16,35957a7c3712265037f69054e647238346d1fa76fae9adf0a02611bc49742e14,57db564f5d406e10,data/evaluation/robustness_v1/rob_mucs_hi_en_04635__multi_codec.wav
rob_mucs_hi_en_04647__mp3,mucs_hi_en_04647,real,Hinglish,MUCS_OpenSLR104,,test,mp3,1.0,WAV/PCM_16,e96b0516c5c7b4ebe71c39740726c09bbc273ffb8d14dffad0d91dc7af9f4beb,a99bd64d617fd8c8,data/evaluation/robustness_v1/rob_mucs_hi_en_04647__mp3.wav
rob_mucs_hi_en_04647__opus,mucs_hi_en_04647,real,Hinglish,MUCS_OpenSLR104,,test,opus,1.0,WAV/PCM_16,ecef40b8cbbe5923c5e9fbae79557813ec3fe51a1554890268cc7d7dad7d7ea2,a99bd64d617fd8c8,data/evaluation/robustness_v1/rob_mucs_hi_en_04647__opus.wav
rob_mucs_hi_en_04647__telephone,mucs_hi_en_04647,real,Hinglish,MUCS_OpenSLR104,,test,telephone,1.0,WAV/PCM_16,d8f1bf01dd07f2f6ba49968d38f88744bc6facc2aff08e73915f93e80d192fca,a99bd64d617fd8c8,data/evaluation/robustness_v1/rob_mucs_hi_en_04647__telephone.wav
rob_mucs_hi_en_04647__lowpass,mucs_hi_en_04647,real,Hinglish,MUCS_OpenSLR104,,test,lowpass,1.0,WAV/PCM_16,2d379fb74d5e55b57bdaeb2b947f1baaf0c0f26ec2c5c51fb9a1e3ea8f37a48f,a99bd64d617fd8c8,data/evaluation/robustness_v1/rob_mucs_hi_en_04647__lowpass.wav
rob_mucs_hi_en_04647__multi_codec,mucs_hi_en_04647,real,Hinglish,MUCS_OpenSLR104,,test,multi_codec,1.0,WAV/PCM_16,b2d112d9ddf143494ca12176f69bd5b7aa95fc605055cbd46279699adad2ddbb,a99bd64d617fd8c8,data/evaluation/robustness_v1/rob_mucs_hi_en_04647__multi_codec.wav
rob_mucs_hi_en_04741__mp3,mucs_hi_en_04741,real,Hinglish,MUCS_OpenSLR104,,test,mp3,3.0,WAV/PCM_16,cd24dc9a4fedf629c5d0c555ded8c3fd8be72cc872a4d4491112ed6df2064e55,9c261136e416d645,data/evaluation/robustness_v1/rob_mucs_hi_en_04741__mp3.wav
rob_mucs_hi_en_04741__opus,mucs_hi_en_04741,real,Hinglish,MUCS_OpenSLR104,,test,opus,3.0,WAV/PCM_16,6cf88a92d3f465abbc8d55f3b82637a24d377a4e4aef0a96cf29e8f3c2968108,9c261136e416d645,data/evaluation/robustness_v1/rob_mucs_hi_en_04741__opus.wav
rob_mucs_hi_en_04741__telephone,mucs_hi_en_04741,real,Hinglish,MUCS_OpenSLR104,,test,telephone,3.0,WAV/PCM_16,edd10bda6afe0c51c17b159a9aae17c90b275091a73f3f25aefaac4afa9405ee,9c261136e416d645,data/evaluation/robustness_v1/rob_mucs_hi_en_04741__telephone.wav
rob_mucs_hi_en_04741__lowpass,mucs_hi_en_04741,real,Hinglish,MUCS_OpenSLR104,,test,lowpass,3.0,WAV/PCM_16,2333b24617706a20964ec0c923363ef051c3bbfe826589a8efd7eeeda2ad3cc5,9c261136e416d645,data/evaluation/robustness_v1/rob_mucs_hi_en_04741__lowpass.wav
rob_mucs_hi_en_04741__multi_codec,mucs_hi_en_04741,real,Hinglish,MUCS_OpenSLR104,,test,multi_codec,3.0,WAV/PCM_16,5b63e74212c0ab267553b72b4980101e50abd89b1b86f8ff8404a98e5a7af510,9c261136e416d645,data/evaluation/robustness_v1/rob_mucs_hi_en_04741__multi_codec.wav
rob_mucs_hi_en_04774__mp3,mucs_hi_en_04774,real,Hinglish,MUCS_OpenSLR104,,test,mp3,3.0,WAV/PCM_16,cd677d1df414038527934563c24c67ffc0e1f8c138bd558e241500dd0877c601,65896dcfadd6d714,data/evaluation/robustness_v1/rob_mucs_hi_en_04774__mp3.wav
rob_mucs_hi_en_04774__opus,mucs_hi_en_04774,real,Hinglish,MUCS_OpenSLR104,,test,opus,3.0,WAV/PCM_16,07905bd0fb7030d3e0189f4342d7a35f291979ade88edbbd76ed213df8d324d2,65896dcfadd6d714,data/evaluation/robustness_v1/rob_mucs_hi_en_04774__opus.wav
rob_mucs_hi_en_04774__telephone,mucs_hi_en_04774,real,Hinglish,MUCS_OpenSLR104,,test,telephone,3.0,WAV/PCM_16,92c971cbc91351f55c7a1820de1349a9063a9f4100d3b35167367d2ac8dec29b,65896dcfadd6d714,data/evaluation/robustness_v1/rob_mucs_hi_en_04774__telephone.wav
rob_mucs_hi_en_04774__lowpass,mucs_hi_en_04774,real,Hinglish,MUCS_OpenSLR104,,test,lowpass,3.0,WAV/PCM_16,a15efcd11cff405a895a1cd4a719956045933079b3474993d76c2396a8d18ae2,65896dcfadd6d714,data/evaluation/robustness_v1/rob_mucs_hi_en_04774__lowpass.wav
rob_mucs_hi_en_04774__multi_codec,mucs_hi_en_04774,real,Hinglish,MUCS_OpenSLR104,,test,multi_codec,3.0,WAV/PCM_16,da456452c356cb6678827ad7a7f50c0e7b0fc477cd21075ef3fc58ef6dac61a5,65896dcfadd6d714,data/evaluation/robustness_v1/rob_mucs_hi_en_04774__multi_codec.wav
rob_hf_hi_en_00014__mp3,hf_hi_en_00014,fake,Hinglish,nameissakthi_hindi_english_bilingual,Indic_Parler_TTS,test,mp3,5.8454,WAV/PCM_16,3f8825fd5eb9c9ac81728a8bcaf759e96580866acd656716395ddb15dbbfbd9d,97e55cca65ee850e,data/evaluation/robustness_v1/rob_hf_hi_en_00014__mp3.wav
rob_hf_hi_en_00014__opus,hf_hi_en_00014,fake,Hinglish,nameissakthi_hindi_english_bilingual,Indic_Parler_TTS,test,opus,5.8454,WAV/PCM_16,72bb84e4584d0e9f4af88de28352a9411e78dbe968e53851d45c4eac1e3ed1cc,97e55cca65ee850e,data/evaluation/robustness_v1/rob_hf_hi_en_00014__opus.wav
rob_hf_hi_en_00014__telephone,hf_hi_en_00014,fake,Hinglish,nameissakthi_hindi_english_bilingual,Indic_Parler_TTS,test,telephone,5.8454,WAV/PCM_16,5ff0ccf30877e2b8bf237bc794cd712bafec3c1ef8f5010fdd655665abc55e2b,97e55cca65ee850e,data/evaluation/robustness_v1/rob_hf_hi_en_00014__telephone.wav
rob_hf_hi_en_00014__lowpass,hf_hi_en_00014,fake,Hinglish,nameissakthi_hindi_english_bilingual,Indic_Parler_TTS,test,lowpass,5.8454,WAV/PCM_16,a7bef997cc9fa191e4b27ab429c6bbc79c776f240af4d63d3f6fcd4f867b9287,97e55cca65ee850e,data/evaluation/robustness_v1/rob_hf_hi_en_00014__lowpass.wav
rob_hf_hi_en_00014__multi_codec,hf_hi_en_00014,fake,Hinglish,nameissakthi_hindi_english_bilingual,Indic_Parler_TTS,test,multi_codec,5.8454,WAV/PCM_16,26f116a7dbb2aa192b9176c9073e7e91e164a91d3082f339cb3d9a7f7afcf97d,97e55cca65ee850e,data/evaluation/robustness_v1/rob_hf_hi_en_00014__multi_codec.wav
rob_hf_hi_en_00019__mp3,hf_hi_en_00019,fake,Hinglish,nameissakthi_hindi_english_bilingual,Indic_Parler_TTS,test,mp3,1.7067,WAV/PCM_16,d2f9e892681ebb3a3c0f3cf01ead99fa477f12726e36b17740567ddaa4f8f99e,b1cb74b15e98d315,data/evaluation/robustness_v1/rob_hf_hi_en_00019__mp3.wav
rob_hf_hi_en_00019__opus,hf_hi_en_00019,fake,Hinglish,nameissakthi_hindi_english_bilingual,Indic_Parler_TTS,test,opus,1.7067,WAV/PCM_16,21a662695af91734b2e9ffec9be54fe13264c3bb8f22fec714d8a6fa78b1c274,b1cb74b15e98d315,data/evaluation/robustness_v1/rob_hf_hi_en_00019__opus.wav
rob_hf_hi_en_00019__telephone,hf_hi_en_00019,fake,Hinglish,nameissakthi_hindi_english_bilingual,Indic_Parler_TTS,test,telephone,1.7067,WAV/PCM_16,f7fc79473623dda736a9a662f6766a3cb861f4cd2682f66c49686036d09d40d0,b1cb74b15e98d315,data/evaluation/robustness_v1/rob_hf_hi_en_00019__telephone.wav
rob_hf_hi_en_00019__lowpass,hf_hi_en_00019,fake,Hinglish,nameissakthi_hindi_english_bilingual,Indic_Parler_TTS,test,lowpass,1.7067,WAV/PCM_16,baafc141ed4e612707d51166704adda2c8233e91205ff4a51a3bbd8c051984d7,b1cb74b15e98d315,data/evaluation/robustness_v1/rob_hf_hi_en_00019__lowpass.wav
rob_hf_hi_en_00019__multi_codec,hf_hi_en_00019,fake,Hinglish,nameissakthi_hindi_english_bilingual,Indic_Parler_TTS,test,multi_codec,1.7067,WAV/PCM_16,f7b7ff0dfab296ccff4b87e1b491811e677b63ee49f11d5276eb02c1452708e0,b1cb74b15e98d315,data/evaluation/robustness_v1/rob_hf_hi_en_00019__multi_codec.wav
rob_hf_hi_en_00096__mp3,hf_hi_en_00096,fake,Hinglish,nameissakthi_hindi_english_bilingual,Indic_Parler_TTS,test,mp3,1.1947,WAV/PCM_16,ba2e9132fbea7077de91fc65617ca753d08370da8b8d3b569f3b9c0761e28bf8,9a0f0229a4e56b6f,data/evaluation/robustness_v1/rob_hf_hi_en_00096__mp3.wav
rob_hf_hi_en_00096__opus,hf_hi_en_00096,fake,Hinglish,nameissakthi_hindi_english_bilingual,Indic_Parler_TTS,test,opus,1.1947,WAV/PCM_16,155fd2a1456623d9f6092c6c02f4f3bf4ed722631cd24598865d0438d00f3a18,9a0f0229a4e56b6f,data/evaluation/robustness_v1/rob_hf_hi_en_00096__opus.wav
rob_hf_hi_en_00096__telephone,hf_hi_en_00096,fake,Hinglish,nameissakthi_hindi_english_bilingual,Indic_Parler_TTS,test,telephone,1.1947,WAV/PCM_16,4b9203ecaa7b37f45b32a74b059e236b00029c620f1baa1ca75841c6ec2ccdda,9a0f0229a4e56b6f,data/evaluation/robustness_v1/rob_hf_hi_en_00096__telephone.wav
rob_hf_hi_en_00096__lowpass,hf_hi_en_00096,fake,Hinglish,nameissakthi_hindi_english_bilingual,Indic_Parler_TTS,test,lowpass,1.1947,WAV/PCM_16,740b8c121ea5b06df2b05957ed35e002f403055cfce150e4bb8b3203b7e2b59f,9a0f0229a4e56b6f,data/evaluation/robustness_v1/rob_hf_hi_en_00096__lowpass.wav
rob_hf_hi_en_00096__multi_codec,hf_hi_en_00096,fake,Hinglish,nameissakthi_hindi_english_bilingual,Indic_Parler_TTS,test,multi_codec,1.1947,WAV/PCM_16,410f99f4454eb4a5e5e18ff4cfea252acdb572791321c21d1ea91ec5c1980a92,9a0f0229a4e56b6f,data/evaluation/robustness_v1/rob_hf_hi_en_00096__multi_codec.wav
rob_hf_hi_en_00130__mp3,hf_hi_en_00130,fake,Hinglish,nameissakthi_hindi_english_bilingual,Indic_Parler_TTS,test,mp3,1.6229,WAV/PCM_16,28d55af54fb4ab890bc73d4076965effea6616cb255b6ae23e51b09bd0b48e4a,bcb941aff5fb0864,data/evaluation/robustness_v1/rob_hf_hi_en_00130__mp3.wav
rob_hf_hi_en_00130__opus,hf_hi_en_00130,fake,Hinglish,nameissakthi_hindi_english_bilingual,Indic_Parler_TTS,test,opus,1.6214,WAV/PCM_16,e6b9fdb35d8ff26142eec81c961791222fc48ffa881604275695f485c5d66cc9,bcb941aff5fb0864,data/evaluation/robustness_v1/rob_hf_hi_en_00130__opus.wav
rob_hf_hi_en_00130__telephone,hf_hi_en_00130,fake,Hinglish,nameissakthi_hindi_english_bilingual,Indic_Parler_TTS,test,telephone,1.6214,WAV/PCM_16,27369279cfd5851eddaa6847a9d39f1c4483a8e59fab96c91e5534bac913bd36,bcb941aff5fb0864,data/evaluation/robustness_v1/rob_hf_hi_en_00130__telephone.wav
rob_hf_hi_en_00130__lowpass,hf_hi_en_00130,fake,Hinglish,nameissakthi_hindi_english_bilingual,Indic_Parler_TTS,test,lowpass,1.6214,WAV/PCM_16,1224bf4201377bdd0d7e5cae0939686d79c9d42bc760f5c590b291fc98bfda83,bcb941aff5fb0864,data/evaluation/robustness_v1/rob_hf_hi_en_00130__lowpass.wav
rob_hf_hi_en_00130__multi_codec,hf_hi_en_00130,fake,Hinglish,nameissakthi_hindi_english_bilingual,Indic_Parler_TTS,test,multi_codec,1.6229,WAV/PCM_16,fed6cc35250079e599c66e696116c60ba13de6e673298459722940317d3d421e,bcb941aff5fb0864,data/evaluation/robustness_v1/rob_hf_hi_en_00130__multi_codec.wav
rob_hf_hi_en_00144__mp3,hf_hi_en_00144,fake,Hinglish,nameissakthi_hindi_english_bilingual,Indic_Parler_TTS,test,mp3,5.824,WAV/PCM_16,f8bc5ce88d5750464ebf0cd5d2c3f77e4b86ff3c74324e71803fe03c6932fdd5,f17c110841a0affd,data/evaluation/robustness_v1/rob_hf_hi_en_00144__mp3.wav
rob_hf_hi_en_00144__opus,hf_hi_en_00144,fake,Hinglish,nameissakthi_hindi_english_bilingual,Indic_Parler_TTS,test,opus,5.824,WAV/PCM_16,48c3bf39c9a5605ac5e927c7a81ebe1ef368d416b0e6b345dbb5bc2375620c8b,f17c110841a0affd,data/evaluation/robustness_v1/rob_hf_hi_en_00144__opus.wav
rob_hf_hi_en_00144__telephone,hf_hi_en_00144,fake,Hinglish,nameissakthi_hindi_english_bilingual,Indic_Parler_TTS,test,telephone,5.824,WAV/PCM_16,9340859299df63a496628c4689ce1b72e24ccd8255a4283b4f7ef0c550eaaf68,f17c110841a0affd,data/evaluation/robustness_v1/rob_hf_hi_en_00144__telephone.wav
rob_hf_hi_en_00144__lowpass,hf_hi_en_00144,fake,Hinglish,nameissakthi_hindi_english_bilingual,Indic_Parler_TTS,test,lowpass,5.824,WAV/PCM_16,8ae124a5758e10d1d1bad4ee847d061afd9f4918edfde15e306f40fe0dcc0288,f17c110841a0affd,data/evaluation/robustness_v1/rob_hf_hi_en_00144__lowpass.wav
rob_hf_hi_en_00144__multi_codec,hf_hi_en_00144,fake,Hinglish,nameissakthi_hindi_english_bilingual,Indic_Parler_TTS,test,multi_codec,5.824,WAV/PCM_16,1f467b8ff26fcba565e9d7a9bfa6262b54911d0d11cda440c8ed0db7c897babe,f17c110841a0affd,data/evaluation/robustness_v1/rob_hf_hi_en_00144__multi_codec.wav
rob_hf_hi_en_00174__mp3,hf_hi_en_00174,fake,Hinglish,nameissakthi_hindi_english_bilingual,Indic_Parler_TTS,test,mp3,1.728,WAV/PCM_16,f8b15f5a98d32cf3ddab5401f51142c75134a1f8f265d6545cd2c6fac3e707d4,866d1f559c0be09a,data/evaluation/robustness_v1/rob_hf_hi_en_00174__mp3.wav
rob_hf_hi_en_00174__opus,hf_hi_en_00174,fake,Hinglish,nameissakthi_hindi_english_bilingual,Indic_Parler_TTS,test,opus,1.728,WAV/PCM_16,10353c31452bebb77ce5156ea3aef0e7dac91ff55747e89806d1bc42323d8ec4,866d1f559c0be09a,data/evaluation/robustness_v1/rob_hf_hi_en_00174__opus.wav
rob_hf_hi_en_00174__telephone,hf_hi_en_00174,fake,Hinglish,nameissakthi_hindi_english_bilingual,Indic_Parler_TTS,test,telephone,1.728,WAV/PCM_16,86d61361c3b2305cdbc5350de5a1d89c7cf0b19a23bcb9e3fe30069bfe17c12e,866d1f559c0be09a,data/evaluation/robustness_v1/rob_hf_hi_en_00174__telephone.wav
rob_hf_hi_en_00174__lowpass,hf_hi_en_00174,fake,Hinglish,nameissakthi_hindi_english_bilingual,Indic_Parler_TTS,test,lowpass,1.728,WAV/PCM_16,7a3f14dab1e1b764ed79ce0e7520ddbaa166374817a2c8a72997b54ba3e5f232,866d1f559c0be09a,data/evaluation/robustness_v1/rob_hf_hi_en_00174__lowpass.wav
rob_hf_hi_en_00174__multi_codec,hf_hi_en_00174,fake,Hinglish,nameissakthi_hindi_english_bilingual,Indic_Parler_TTS,test,multi_codec,1.728,WAV/PCM_16,2461af55d473b0a85febda98482db4545036d176b6a78ac5c70cd436c8898ef2,866d1f559c0be09a,data/evaluation/robustness_v1/rob_hf_hi_en_00174__multi_codec.wav
rob_hf_hi_en_00187__mp3,hf_hi_en_00187,fake,Hinglish,nameissakthi_hindi_english_bilingual,Indic_Parler_TTS,test,mp3,1.8347,WAV/PCM_16,963dbd9d72f474faa97067ce7b7a35b3a64134ddee8bb9cb012903e2d2e54401,1b3893a6133bf5b6,data/evaluation/robustness_v1/rob_hf_hi_en_00187__mp3.wav
rob_hf_hi_en_00187__opus,hf_hi_en_00187,fake,Hinglish,nameissakthi_hindi_english_bilingual,Indic_Parler_TTS,test,opus,1.8347,WAV/PCM_16,623f423810ecd1e8ca75d31c57051be0352207f59702d63a381d9e0f8469c927,1b3893a6133bf5b6,data/evaluation/robustness_v1/rob_hf_hi_en_00187__opus.wav
rob_hf_hi_en_00187__telephone,hf_hi_en_00187,fake,Hinglish,nameissakthi_hindi_english_bilingual,Indic_Parler_TTS,test,telephone,1.8348,WAV/PCM_16,729f9e1ed0aed75abdaea8e296aa7a606b9316b616567d00981d104b04d01330,1b3893a6133bf5b6,data/evaluation/robustness_v1/rob_hf_hi_en_00187__telephone.wav
rob_hf_hi_en_00187__lowpass,hf_hi_en_00187,fake,Hinglish,nameissakthi_hindi_english_bilingual,Indic_Parler_TTS,test,lowpass,1.8347,WAV/PCM_16,84bf53ab1155d3a12da98868537c9f93ecf4998510b49e72557d403095cfb980,1b3893a6133bf5b6,data/evaluation/robustness_v1/rob_hf_hi_en_00187__lowpass.wav
rob_hf_hi_en_00187__multi_codec,hf_hi_en_00187,fake,Hinglish,nameissakthi_hindi_english_bilingual,Indic_Parler_TTS,test,multi_codec,1.8347,WAV/PCM_16,6fad8e0e4cc04cc2fe7df902902f76d57002b70a18909e33b6c94e384a2c23cc,1b3893a6133bf5b6,data/evaluation/robustness_v1/rob_hf_hi_en_00187__multi_codec.wav
rob_hf_hi_en_00213__mp3,hf_hi_en_00213,fake,Hinglish,nameissakthi_hindi_english_bilingual,Indic_Parler_TTS,test,mp3,1.216,WAV/PCM_16,5f3da28e322e0439a11cf9ddefcb4919ca43087eefe8517bc1547447ae1bceb5,6f7094f96f8e9c2c,data/evaluation/robustness_v1/rob_hf_hi_en_00213__mp3.wav
rob_hf_hi_en_00213__opus,hf_hi_en_00213,fake,Hinglish,nameissakthi_hindi_english_bilingual,Indic_Parler_TTS,test,opus,1.216,WAV/PCM_16,c0af174edb8233a482ae241b159ae1bafe9283e26d34edbfc7509783d6af75db,6f7094f96f8e9c2c,data/evaluation/robustness_v1/rob_hf_hi_en_00213__opus.wav
rob_hf_hi_en_00213__telephone,hf_hi_en_00213,fake,Hinglish,nameissakthi_hindi_english_bilingual,Indic_Parler_TTS,test,telephone,1.216,WAV/PCM_16,e588a548134477124cf4cc809c21392625a38d48f9fe521741283faed69f752a,6f7094f96f8e9c2c,data/evaluation/robustness_v1/rob_hf_hi_en_00213__telephone.wav
rob_hf_hi_en_00213__lowpass,hf_hi_en_00213,fake,Hinglish,nameissakthi_hindi_english_bilingual,Indic_Parler_TTS,test,lowpass,1.216,WAV/PCM_16,04b0f8ae7fe57679462d6efdafee63b7de8bb5bbbca36bb323e29219c9ba1db7,6f7094f96f8e9c2c,data/evaluation/robustness_v1/rob_hf_hi_en_00213__lowpass.wav
rob_hf_hi_en_00213__multi_codec,hf_hi_en_00213,fake,Hinglish,nameissakthi_hindi_english_bilingual,Indic_Parler_TTS,test,multi_codec,1.216,WAV/PCM_16,783871a2f86c46a081dbaad9f3bf01565339952b549ccfaa341ea9c66e18e4c7,6f7094f96f8e9c2c,data/evaluation/robustness_v1/rob_hf_hi_en_00213__multi_codec.wav
rob_hf_hi_en_00221__mp3,hf_hi_en_00221,fake,Hinglish,nameissakthi_hindi_english_bilingual,Indic_Parler_TTS,test,mp3,9.344,WAV/PCM_16,5219ded6da054e6740fa2eae5c462fd565934abc89831b9ca13f11bb9333b9bc,798b507af7a65bfa,data/evaluation/robustness_v1/rob_hf_hi_en_00221__mp3.wav
rob_hf_hi_en_00221__opus,hf_hi_en_00221,fake,Hinglish,nameissakthi_hindi_english_bilingual,Indic_Parler_TTS,test,opus,9.344,WAV/PCM_16,65d9196f8361ce239ca5932373d2f89ed9e1fb178912472455f6328a2cd1cda7,798b507af7a65bfa,data/evaluation/robustness_v1/rob_hf_hi_en_00221__opus.wav
rob_hf_hi_en_00221__telephone,hf_hi_en_00221,fake,Hinglish,nameissakthi_hindi_english_bilingual,Indic_Parler_TTS,test,telephone,9.344,WAV/PCM_16,7483489ce870ac52630b3b07709dd63d4c334fe415b23f3d2438acaae0c451a3,798b507af7a65bfa,data/evaluation/robustness_v1/rob_hf_hi_en_00221__telephone.wav
rob_hf_hi_en_00221__lowpass,hf_hi_en_00221,fake,Hinglish,nameissakthi_hindi_english_bilingual,Indic_Parler_TTS,test,lowpass,9.344,WAV/PCM_16,0aba7e923cb58dc7be2807168ae23e99fbe3b261f0dd040ebcedb8efae171e55,798b507af7a65bfa,data/evaluation/robustness_v1/rob_hf_hi_en_00221__lowpass.wav
rob_hf_hi_en_00221__multi_codec,hf_hi_en_00221,fake,Hinglish,nameissakthi_hindi_english_bilingual,Indic_Parler_TTS,test,multi_codec,9.344,WAV/PCM_16,262a3142789d7da137969c1c99e9003427be1d2ce38a2b59c67682492883198e,798b507af7a65bfa,data/evaluation/robustness_v1/rob_hf_hi_en_00221__multi_codec.wav
rob_hf_hi_en_00239__mp3,hf_hi_en_00239,fake,Hinglish,nameissakthi_hindi_english_bilingual,Indic_Parler_TTS,test,mp3,1.8347,WAV/PCM_16,63e2c296fad99cc3509369d86949c8b0d94656125c92cdb0532e09c2d6af072b,c680b22af3182a7f,data/evaluation/robustness_v1/rob_hf_hi_en_00239__mp3.wav
rob_hf_hi_en_00239__opus,hf_hi_en_00239,fake,Hinglish,nameissakthi_hindi_english_bilingual,Indic_Parler_TTS,test,opus,1.8347,WAV/PCM_16,1ebcb27b46b0bd429c4ed99bac80f258bb2d4d6bcaa32970bd9b49d1d4cc7d37,c680b22af3182a7f,data/evaluation/robustness_v1/rob_hf_hi_en_00239__opus.wav
rob_hf_hi_en_00239__telephone,hf_hi_en_00239,fake,Hinglish,nameissakthi_hindi_english_bilingual,Indic_Parler_TTS,test,telephone,1.8348,WAV/PCM_16,bbd0e63e394adb6dbc00ffa521cae3ba207b2c885478dbb2e357bb10134c4eb3,c680b22af3182a7f,data/evaluation/robustness_v1/rob_hf_hi_en_00239__telephone.wav
rob_hf_hi_en_00239__lowpass,hf_hi_en_00239,fake,Hinglish,nameissakthi_hindi_english_bilingual,Indic_Parler_TTS,test,lowpass,1.8347,WAV/PCM_16,d470d1513812256d04ed19a3e920718a9fd173604d27a9ee558abf2437037efc,c680b22af3182a7f,data/evaluation/robustness_v1/rob_hf_hi_en_00239__lowpass.wav
rob_hf_hi_en_00239__multi_codec,hf_hi_en_00239,fake,Hinglish,nameissakthi_hindi_english_bilingual,Indic_Parler_TTS,test,multi_codec,1.8347,WAV/PCM_16,d02dce4307e8d2b01d0c2ad665ae58858f7fb420c37200d5c6d6e51484b80c3c,c680b22af3182a7f,data/evaluation/robustness_v1/rob_hf_hi_en_00239__multi_codec.wav
rob_hf_hi_en_00297__mp3,hf_hi_en_00297,fake,Hinglish,nameissakthi_hindi_english_bilingual,Indic_Parler_TTS,test,mp3,2.048,WAV/PCM_16,e379f896a175d04c7fd40195f3ee003b1f4e8ab3c79883c58ba125a5f7f8066f,3b0c9b0c94e4b26e,data/evaluation/robustness_v1/rob_hf_hi_en_00297__mp3.wav
rob_hf_hi_en_00297__opus,hf_hi_en_00297,fake,Hinglish,nameissakthi_hindi_english_bilingual,Indic_Parler_TTS,test,opus,2.048,WAV/PCM_16,d9d33866358ba28b7d1542d8db3c71dbb5edf6cc66166d63a1a191b607f49d02,3b0c9b0c94e4b26e,data/evaluation/robustness_v1/rob_hf_hi_en_00297__opus.wav
rob_hf_hi_en_00297__telephone,hf_hi_en_00297,fake,Hinglish,nameissakthi_hindi_english_bilingual,Indic_Parler_TTS,test,telephone,2.048,WAV/PCM_16,ef2134762cd149def3d5343910ad969f121ad80320a55909d70f434ef3799028,3b0c9b0c94e4b26e,data/evaluation/robustness_v1/rob_hf_hi_en_00297__telephone.wav
rob_hf_hi_en_00297__lowpass,hf_hi_en_00297,fake,Hinglish,nameissakthi_hindi_english_bilingual,Indic_Parler_TTS,test,lowpass,2.048,WAV/PCM_16,a11375d1faa3a1dafabb64f2e0aed6b41ec75bf948061cb771730dabf92f3511,3b0c9b0c94e4b26e,data/evaluation/robustness_v1/rob_hf_hi_en_00297__lowpass.wav
rob_hf_hi_en_00297__multi_codec,hf_hi_en_00297,fake,Hinglish,nameissakthi_hindi_english_bilingual,Indic_Parler_TTS,test,multi_codec,2.048,WAV/PCM_16,5d5afabe10e8d54e3c15cce25b8230ec38a937ce0274faa10ad610761ec55cda,3b0c9b0c94e4b26e,data/evaluation/robustness_v1/rob_hf_hi_en_00297__multi_codec.wav
rob_hf_hi_en_00355__mp3,hf_hi_en_00355,fake,Hinglish,nameissakthi_hindi_english_bilingual,Indic_Parler_TTS,test,mp3,1.792,WAV/PCM_16,9e9a0ace3302a04bf62683c9fd628775c29773dcf0b9dc5483a60fc127abf9ad,f6a75a20831a1a9c,data/evaluation/robustness_v1/rob_hf_hi_en_00355__mp3.wav
rob_hf_hi_en_00355__opus,hf_hi_en_00355,fake,Hinglish,nameissakthi_hindi_english_bilingual,Indic_Parler_TTS,test,opus,1.792,WAV/PCM_16,d8bc68ce68e56e7ecf9bbf116af8ac9731d1a765783981f411ef3df5c812de35,f6a75a20831a1a9c,data/evaluation/robustness_v1/rob_hf_hi_en_00355__opus.wav
rob_hf_hi_en_00355__telephone,hf_hi_en_00355,fake,Hinglish,nameissakthi_hindi_english_bilingual,Indic_Parler_TTS,test,telephone,1.792,WAV/PCM_16,bf24d7c6fb28d855d61a0d9d7a3cbc9e9059ac37f96269f93e827f841c3fe600,f6a75a20831a1a9c,data/evaluation/robustness_v1/rob_hf_hi_en_00355__telephone.wav
rob_hf_hi_en_00355__lowpass,hf_hi_en_00355,fake,Hinglish,nameissakthi_hindi_english_bilingual,Indic_Parler_TTS,test,lowpass,1.792,WAV/PCM_16,e96793d655af23fd5c40802d1e03a427bc770b23e293749524ddb962a90721cb,f6a75a20831a1a9c,data/evaluation/robustness_v1/rob_hf_hi_en_00355__lowpass.wav
rob_hf_hi_en_00355__multi_codec,hf_hi_en_00355,fake,Hinglish,nameissakthi_hindi_english_bilingual,Indic_Parler_TTS,test,multi_codec,1.792,WAV/PCM_16,72a851f919a2549cc354ef492a49563dd76a59c932afc3f5a56cba81975b7b2a,f6a75a20831a1a9c,data/evaluation/robustness_v1/rob_hf_hi_en_00355__multi_codec.wav
rob_hf_hi_en_00359__mp3,hf_hi_en_00359,fake,Hinglish,nameissakthi_hindi_english_bilingual,Indic_Parler_TTS,test,mp3,1.6427,WAV/PCM_16,12beecf0a5bb494344a5477597154de96813626c991848dd97af751106d4bd42,063ff3b9ae825e5b,data/evaluation/robustness_v1/rob_hf_hi_en_00359__mp3.wav
rob_hf_hi_en_00359__opus,hf_hi_en_00359,fake,Hinglish,nameissakthi_hindi_english_bilingual,Indic_Parler_TTS,test,opus,1.6427,WAV/PCM_16,00f8973b87191ad16b77f8c4d4daf56905df5d61badda88d8101e55113f5d4a3,063ff3b9ae825e5b,data/evaluation/robustness_v1/rob_hf_hi_en_00359__opus.wav
rob_hf_hi_en_00359__telephone,hf_hi_en_00359,fake,Hinglish,nameissakthi_hindi_english_bilingual,Indic_Parler_TTS,test,telephone,1.6427,WAV/PCM_16,f8a393b7da99cc855e041639f75723038e835d39a9812590ed1a7b3630bdfe6f,063ff3b9ae825e5b,data/evaluation/robustness_v1/rob_hf_hi_en_00359__telephone.wav
rob_hf_hi_en_00359__lowpass,hf_hi_en_00359,fake,Hinglish,nameissakthi_hindi_english_bilingual,Indic_Parler_TTS,test,lowpass,1.6427,WAV/PCM_16,dcfb0f6d21b0438ec063444ec7ac2c009989f5a8e32c630c4394b1a94b3870e0,063ff3b9ae825e5b,data/evaluation/robustness_v1/rob_hf_hi_en_00359__lowpass.wav
rob_hf_hi_en_00359__multi_codec,hf_hi_en_00359,fake,Hinglish,nameissakthi_hindi_english_bilingual,Indic_Parler_TTS,test,multi_codec,1.6427,WAV/PCM_16,c620e3cea7bd9a4a0d2c4237f2fd004e3068e27f37b05133b1bbc9fecd49fc74,063ff3b9ae825e5b,data/evaluation/robustness_v1/rob_hf_hi_en_00359__multi_codec.wav
rob_hf_hi_en_00375__mp3,hf_hi_en_00375,fake,Hinglish,nameissakthi_hindi_english_bilingual,Indic_Parler_TTS,test,mp3,1.664,WAV/PCM_16,ce06bc8cee4c875b83af83b8126d7426752cf82acfbc6ed01b80331254898d55,8c536d50a057acb0,data/evaluation/robustness_v1/rob_hf_hi_en_00375__mp3.wav
rob_hf_hi_en_00375__opus,hf_hi_en_00375,fake,Hinglish,nameissakthi_hindi_english_bilingual,Indic_Parler_TTS,test,opus,1.664,WAV/PCM_16,e4b878a629e6d508522f561cae545a5a6f6b8071a775f77940364812bb0b2a35,8c536d50a057acb0,data/evaluation/robustness_v1/rob_hf_hi_en_00375__opus.wav
rob_hf_hi_en_00375__telephone,hf_hi_en_00375,fake,Hinglish,nameissakthi_hindi_english_bilingual,Indic_Parler_TTS,test,telephone,1.664,WAV/PCM_16,529c69e4379bf4aa9288b2f6f916bff0e30437618af9d9f690fb64c977e1ed7e,8c536d50a057acb0,data/evaluation/robustness_v1/rob_hf_hi_en_00375__telephone.wav
rob_hf_hi_en_00375__lowpass,hf_hi_en_00375,fake,Hinglish,nameissakthi_hindi_english_bilingual,Indic_Parler_TTS,test,lowpass,1.664,WAV/PCM_16,56c632128e16eb5fd5a17b3a8d50579182ad2b2089b506a40c155bafb031f3e5,8c536d50a057acb0,data/evaluation/robustness_v1/rob_hf_hi_en_00375__lowpass.wav
rob_hf_hi_en_00375__multi_codec,hf_hi_en_00375,fake,Hinglish,nameissakthi_hindi_english_bilingual,Indic_Parler_TTS,test,multi_codec,1.664,WAV/PCM_16,0e350c9ece7332cc5b72624b04311c4ba806817bcb691f300957b69b033d5cc1,8c536d50a057acb0,data/evaluation/robustness_v1/rob_hf_hi_en_00375__multi_codec.wav
rob_hf_hi_en_00394__mp3,hf_hi_en_00394,fake,Hinglish,nameissakthi_hindi_english_bilingual,Indic_Parler_TTS,test,mp3,1.2587,WAV/PCM_16,1e46926657187e9735921069ba7affb6716a3ea29dad2a5ea149afacd07279aa,9c380b82211678b9,data/evaluation/robustness_v1/rob_hf_hi_en_00394__mp3.wav
rob_hf_hi_en_00394__opus,hf_hi_en_00394,fake,Hinglish,nameissakthi_hindi_english_bilingual,Indic_Parler_TTS,test,opus,1.2587,WAV/PCM_16,560601840e2f0af04759d4bb54282f4e046b4f3f030ebb4f3720c9ea8e0fd2cf,9c380b82211678b9,data/evaluation/robustness_v1/rob_hf_hi_en_00394__opus.wav
rob_hf_hi_en_00394__telephone,hf_hi_en_00394,fake,Hinglish,nameissakthi_hindi_english_bilingual,Indic_Parler_TTS,test,telephone,1.2588,WAV/PCM_16,74f8aa24b23aa016e5560d1ef0710686e00ddd2e49fc6821010a8c15d4cfeca4,9c380b82211678b9,data/evaluation/robustness_v1/rob_hf_hi_en_00394__telephone.wav
rob_hf_hi_en_00394__lowpass,hf_hi_en_00394,fake,Hinglish,nameissakthi_hindi_english_bilingual,Indic_Parler_TTS,test,lowpass,1.2587,WAV/PCM_16,e0c64a2bf62130b4ce761cfccb57335e9b57bdc0042e04512adbc75439404e7e,9c380b82211678b9,data/evaluation/robustness_v1/rob_hf_hi_en_00394__lowpass.wav
rob_hf_hi_en_00394__multi_codec,hf_hi_en_00394,fake,Hinglish,nameissakthi_hindi_english_bilingual,Indic_Parler_TTS,test,multi_codec,1.2587,WAV/PCM_16,d094693519e949b08d1e216904cd38b935c1f5d6bf0f68aabc07e03a93dce053,9c380b82211678b9,data/evaluation/robustness_v1/rob_hf_hi_en_00394__multi_codec.wav
rob_hf_hi_en_00395__mp3,hf_hi_en_00395,fake,Hinglish,nameissakthi_hindi_english_bilingual,Indic_Parler_TTS,test,mp3,1.5787,WAV/PCM_16,b0fa762ba08070c7bf0ac190d7d23bdc987cd6bb7bffef17f165406e5871ffe7,b0a4f1f4a833260c,data/evaluation/robustness_v1/rob_hf_hi_en_00395__mp3.wav
rob_hf_hi_en_00395__opus,hf_hi_en_00395,fake,Hinglish,nameissakthi_hindi_english_bilingual,Indic_Parler_TTS,test,opus,1.5787,WAV/PCM_16,0df723f892ce8863d9af099b6d67f91f1df01d689bf73d4c77ed78a4292bca6b,b0a4f1f4a833260c,data/evaluation/robustness_v1/rob_hf_hi_en_00395__opus.wav
rob_hf_hi_en_00395__telephone,hf_hi_en_00395,fake,Hinglish,nameissakthi_hindi_english_bilingual,Indic_Parler_TTS,test,telephone,1.5788,WAV/PCM_16,8970bc9953c15a145d0e1a757c8a75b7f8dd01ee9c1f4d4f09737836f811919c,b0a4f1f4a833260c,data/evaluation/robustness_v1/rob_hf_hi_en_00395__telephone.wav
rob_hf_hi_en_00395__lowpass,hf_hi_en_00395,fake,Hinglish,nameissakthi_hindi_english_bilingual,Indic_Parler_TTS,test,lowpass,1.5787,WAV/PCM_16,b58cabf25ecbcc73754fed0d52accecf9801f2f1581010416e07660cae0067a4,b0a4f1f4a833260c,data/evaluation/robustness_v1/rob_hf_hi_en_00395__lowpass.wav
rob_hf_hi_en_00395__multi_codec,hf_hi_en_00395,fake,Hinglish,nameissakthi_hindi_english_bilingual,Indic_Parler_TTS,test,multi_codec,1.5787,WAV/PCM_16,606331c2e2fe520d47558d5dfff37e8ac4f53ae7cb7ab19e04be73810ee1bde1,b0a4f1f4a833260c,data/evaluation/robustness_v1/rob_hf_hi_en_00395__multi_codec.wav
rob_hf_hi_en_00397__mp3,hf_hi_en_00397,fake,Hinglish,nameissakthi_hindi_english_bilingual,Indic_Parler_TTS,test,mp3,6.848,WAV/PCM_16,8c471f5ce3c7aa74d295391505c3f17b440580ae5abb70fa8f058e1e2beb90bf,7afebfb9f9616f9c,data/evaluation/robustness_v1/rob_hf_hi_en_00397__mp3.wav
rob_hf_hi_en_00397__opus,hf_hi_en_00397,fake,Hinglish,nameissakthi_hindi_english_bilingual,Indic_Parler_TTS,test,opus,6.848,WAV/PCM_16,833f4527e6019250c04ada90ed9fd9518a9450ed427553a764e20192d95924c9,7afebfb9f9616f9c,data/evaluation/robustness_v1/rob_hf_hi_en_00397__opus.wav
rob_hf_hi_en_00397__telephone,hf_hi_en_00397,fake,Hinglish,nameissakthi_hindi_english_bilingual,Indic_Parler_TTS,test,telephone,6.848,WAV/PCM_16,28e80ffa540d8da69b6b93355919ac81d8290c97f71acdab6ec5f13183b4928b,7afebfb9f9616f9c,data/evaluation/robustness_v1/rob_hf_hi_en_00397__telephone.wav
rob_hf_hi_en_00397__lowpass,hf_hi_en_00397,fake,Hinglish,nameissakthi_hindi_english_bilingual,Indic_Parler_TTS,test,lowpass,6.848,WAV/PCM_16,7d099a49d8cfcd838b7186177f0e26c02ce8a08acbdbf06efb8303b651d593d0,7afebfb9f9616f9c,data/evaluation/robustness_v1/rob_hf_hi_en_00397__lowpass.wav
rob_hf_hi_en_00397__multi_codec,hf_hi_en_00397,fake,Hinglish,nameissakthi_hindi_english_bilingual,Indic_Parler_TTS,test,multi_codec,6.848,WAV/PCM_16,58f5374b9c5e056840247b1bf6ee1812f604850f35db3b87a8320bfeb4d1ed54,7afebfb9f9616f9c,data/evaluation/robustness_v1/rob_hf_hi_en_00397__multi_codec.wav
rob_hf_hi_en_00445__mp3,hf_hi_en_00445,fake,Hinglish,nameissakthi_hindi_english_bilingual,Indic_Parler_TTS,test,mp3,1.664,WAV/PCM_16,031ee43ba4b8aff846bd28efc1ae83af32c773d6178d4d034527d89a14b7faa9,a06bf0bf0687abf7,data/evaluation/robustness_v1/rob_hf_hi_en_00445__mp3.wav
rob_hf_hi_en_00445__opus,hf_hi_en_00445,fake,Hinglish,nameissakthi_hindi_english_bilingual,Indic_Parler_TTS,test,opus,1.664,WAV/PCM_16,b674a796f390f685da9b07aa100c1c62dbd07e344845a3a44ab1ae26f49d872a,a06bf0bf0687abf7,data/evaluation/robustness_v1/rob_hf_hi_en_00445__opus.wav
rob_hf_hi_en_00445__telephone,hf_hi_en_00445,fake,Hinglish,nameissakthi_hindi_english_bilingual,Indic_Parler_TTS,test,telephone,1.664,WAV/PCM_16,9e885b7b17b48360613088eaed82e89bc3d12a93f9c46d43ab5f40677eab509e,a06bf0bf0687abf7,data/evaluation/robustness_v1/rob_hf_hi_en_00445__telephone.wav
rob_hf_hi_en_00445__lowpass,hf_hi_en_00445,fake,Hinglish,nameissakthi_hindi_english_bilingual,Indic_Parler_TTS,test,lowpass,1.664,WAV/PCM_16,b1f66d4d68855565ac306c6f56891e5acebb25d3ec5e964fbf1516600561d1fe,a06bf0bf0687abf7,data/evaluation/robustness_v1/rob_hf_hi_en_00445__lowpass.wav
rob_hf_hi_en_00445__multi_codec,hf_hi_en_00445,fake,Hinglish,nameissakthi_hindi_english_bilingual,Indic_Parler_TTS,test,multi_codec,1.664,WAV/PCM_16,068872c338ac04a47cd94d29f4e7c91c6712a8959f0066ff140498126d36ce6a,a06bf0bf0687abf7,data/evaluation/robustness_v1/rob_hf_hi_en_00445__multi_codec.wav
rob_hf_hi_en_00520__mp3,hf_hi_en_00520,fake,Hinglish,nameissakthi_hindi_english_bilingual,Indic_Parler_TTS,test,mp3,1.216,WAV/PCM_16,8d833eed2b6c04e7385d60c0fe91ebbcdabb0c46288fb1cbde21b13846d3eaab,0e5513092ae5aabd,data/evaluation/robustness_v1/rob_hf_hi_en_00520__mp3.wav
rob_hf_hi_en_00520__opus,hf_hi_en_00520,fake,Hinglish,nameissakthi_hindi_english_bilingual,Indic_Parler_TTS,test,opus,1.216,WAV/PCM_16,dd5781908d4d6f3d87b021308c3199435efcbf095799e1beb9b6abd144029811,0e5513092ae5aabd,data/evaluation/robustness_v1/rob_hf_hi_en_00520__opus.wav
rob_hf_hi_en_00520__telephone,hf_hi_en_00520,fake,Hinglish,nameissakthi_hindi_english_bilingual,Indic_Parler_TTS,test,telephone,1.216,WAV/PCM_16,1772dc9dcf11b5d105b462105cfd128d07986075c2ee57cae1a53292ba36df47,0e5513092ae5aabd,data/evaluation/robustness_v1/rob_hf_hi_en_00520__telephone.wav
rob_hf_hi_en_00520__lowpass,hf_hi_en_00520,fake,Hinglish,nameissakthi_hindi_english_bilingual,Indic_Parler_TTS,test,lowpass,1.216,WAV/PCM_16,0bce1ef488ed29504650599655155f3eebb97997a024fce5a27a407e3ca46370,0e5513092ae5aabd,data/evaluation/robustness_v1/rob_hf_hi_en_00520__lowpass.wav
rob_hf_hi_en_00520__multi_codec,hf_hi_en_00520,fake,Hinglish,nameissakthi_hindi_english_bilingual,Indic_Parler_TTS,test,multi_codec,1.216,WAV/PCM_16,2c07a8cd013a14daa26a2139f22d14cb4f8d4586410807fb5f9bef80e4880ee3,0e5513092ae5aabd,data/evaluation/robustness_v1/rob_hf_hi_en_00520__multi_codec.wav
rob_hf_hi_en_00590__mp3,hf_hi_en_00590,fake,Hinglish,nameissakthi_hindi_english_bilingual,Indic_Parler_TTS,test,mp3,1.3227,WAV/PCM_16,82e789a76bd323fc484f9d2398b8d9d85e8af52119fc2585e1ffe48ad5165ca1,22431b7607f6214b,data/evaluation/robustness_v1/rob_hf_hi_en_00590__mp3.wav
rob_hf_hi_en_00590__opus,hf_hi_en_00590,fake,Hinglish,nameissakthi_hindi_english_bilingual,Indic_Parler_TTS,test,opus,1.3227,WAV/PCM_16,48de7460074633b178d2f0bbc36877e83d604444772574326e034c0ed86b7e10,22431b7607f6214b,data/evaluation/robustness_v1/rob_hf_hi_en_00590__opus.wav
rob_hf_hi_en_00590__telephone,hf_hi_en_00590,fake,Hinglish,nameissakthi_hindi_english_bilingual,Indic_Parler_TTS,test,telephone,1.3228,WAV/PCM_16,47de63e5d6dba64f0ffc253a5ce07b0f06a47fa3aacf6571b626d763df74b08b,22431b7607f6214b,data/evaluation/robustness_v1/rob_hf_hi_en_00590__telephone.wav
rob_hf_hi_en_00590__lowpass,hf_hi_en_00590,fake,Hinglish,nameissakthi_hindi_english_bilingual,Indic_Parler_TTS,test,lowpass,1.3227,WAV/PCM_16,ed6ab8dbf6c6f99a636f667882c8a259b0e1d8958cda916e922ecc7bef0f110b,22431b7607f6214b,data/evaluation/robustness_v1/rob_hf_hi_en_00590__lowpass.wav
rob_hf_hi_en_00590__multi_codec,hf_hi_en_00590,fake,Hinglish,nameissakthi_hindi_english_bilingual,Indic_Parler_TTS,test,multi_codec,1.3227,WAV/PCM_16,90042ea7b84e5557a18b0f3106c8a18c78e517d4fef6f1dbb82ed48e0f02f986,22431b7607f6214b,data/evaluation/robustness_v1/rob_hf_hi_en_00590__multi_codec.wav
rob_hf_hi_en_00827__mp3,hf_hi_en_00827,fake,Hinglish,nameissakthi_hindi_english_bilingual,Indic_Parler_TTS,test,mp3,1.4294,WAV/PCM_16,743e907ce2aed7e780df48faf681a2e4b2fce3b0552086b063d0189c3c2ce77e,c3ad5a8b6bf7ff43,data/evaluation/robustness_v1/rob_hf_hi_en_00827__mp3.wav
rob_hf_hi_en_00827__opus,hf_hi_en_00827,fake,Hinglish,nameissakthi_hindi_english_bilingual,Indic_Parler_TTS,test,opus,1.4294,WAV/PCM_16,c0b0fc1758dc124dc2c2417c30dbc9604eeaf8fcadf9a355dd0c0af8edca44a5,c3ad5a8b6bf7ff43,data/evaluation/robustness_v1/rob_hf_hi_en_00827__opus.wav
rob_hf_hi_en_00827__telephone,hf_hi_en_00827,fake,Hinglish,nameissakthi_hindi_english_bilingual,Indic_Parler_TTS,test,telephone,1.4294,WAV/PCM_16,b816282bda4621614702cc3ba4f896d691a93925c7d293e82176a847c982fd57,c3ad5a8b6bf7ff43,data/evaluation/robustness_v1/rob_hf_hi_en_00827__telephone.wav
rob_hf_hi_en_00827__lowpass,hf_hi_en_00827,fake,Hinglish,nameissakthi_hindi_english_bilingual,Indic_Parler_TTS,test,lowpass,1.4294,WAV/PCM_16,048e13add1c22d7190f8a036365361856d3b76eea0908ac99c30c41babd0f342,c3ad5a8b6bf7ff43,data/evaluation/robustness_v1/rob_hf_hi_en_00827__lowpass.wav
rob_hf_hi_en_00827__multi_codec,hf_hi_en_00827,fake,Hinglish,nameissakthi_hindi_english_bilingual,Indic_Parler_TTS,test,multi_codec,1.4294,WAV/PCM_16,2d221c60b9d57ce3a7e46606a9017edf6e609bb71ad567c5726ec401a3a86b49,c3ad5a8b6bf7ff43,data/evaluation/robustness_v1/rob_hf_hi_en_00827__multi_codec.wav
rob_hf_hi_en_00856__mp3,hf_hi_en_00856,fake,Hinglish,nameissakthi_hindi_english_bilingual,Indic_Parler_TTS,test,mp3,1.2587,WAV/PCM_16,6f617c4f393a198deb265d869e03ce8959773402f95f3b39928e3296aa8323dc,06920a9ab72ad8bd,data/evaluation/robustness_v1/rob_hf_hi_en_00856__mp3.wav
rob_hf_hi_en_00856__opus,hf_hi_en_00856,fake,Hinglish,nameissakthi_hindi_english_bilingual,Indic_Parler_TTS,test,opus,1.2587,WAV/PCM_16,856968fa468dc9f04086ab10b66c5dcb0d9b39634e61a013daeae182437e867b,06920a9ab72ad8bd,data/evaluation/robustness_v1/rob_hf_hi_en_00856__opus.wav
rob_hf_hi_en_00856__telephone,hf_hi_en_00856,fake,Hinglish,nameissakthi_hindi_english_bilingual,Indic_Parler_TTS,test,telephone,1.2588,WAV/PCM_16,671a103873c9396dc451920bc9b38a346dfdf0e84503c686ebb0a503a1e9762b,06920a9ab72ad8bd,data/evaluation/robustness_v1/rob_hf_hi_en_00856__telephone.wav
rob_hf_hi_en_00856__lowpass,hf_hi_en_00856,fake,Hinglish,nameissakthi_hindi_english_bilingual,Indic_Parler_TTS,test,lowpass,1.2587,WAV/PCM_16,ee8091b44ded31dd8ed7b9751d782767548612f2ba97deabd5df1be51527ef5a,06920a9ab72ad8bd,data/evaluation/robustness_v1/rob_hf_hi_en_00856__lowpass.wav
rob_hf_hi_en_00856__multi_codec,hf_hi_en_00856,fake,Hinglish,nameissakthi_hindi_english_bilingual,Indic_Parler_TTS,test,multi_codec,1.2587,WAV/PCM_16,27178713676b9ee160fbb71fa8b1dc07f3e3228b306cd84c18631c6c66a7eb4a,06920a9ab72ad8bd,data/evaluation/robustness_v1/rob_hf_hi_en_00856__multi_codec.wav
rob_hf_hi_en_00907__mp3,hf_hi_en_00907,fake,Hinglish,nameissakthi_hindi_english_bilingual,Indic_Parler_TTS,test,mp3,1.8134,WAV/PCM_16,46a8f70c5590fdfcd610e293c5d9e11af0223861529429cb10c6f39fc58a521a,ac2338cbf84f6f9a,data/evaluation/robustness_v1/rob_hf_hi_en_00907__mp3.wav
rob_hf_hi_en_00907__opus,hf_hi_en_00907,fake,Hinglish,nameissakthi_hindi_english_bilingual,Indic_Parler_TTS,test,opus,1.8134,WAV/PCM_16,cbff600196de635c1158d1f9c9fb1bbdae368cfc079e3a9735a9053d2d2454f3,ac2338cbf84f6f9a,data/evaluation/robustness_v1/rob_hf_hi_en_00907__opus.wav
rob_hf_hi_en_00907__telephone,hf_hi_en_00907,fake,Hinglish,nameissakthi_hindi_english_bilingual,Indic_Parler_TTS,test,telephone,1.8134,WAV/PCM_16,3f7a42db002673b8f1ec6841c7e9edc51de364c441935ac2febaf8c5f3ddea7e,ac2338cbf84f6f9a,data/evaluation/robustness_v1/rob_hf_hi_en_00907__telephone.wav
rob_hf_hi_en_00907__lowpass,hf_hi_en_00907,fake,Hinglish,nameissakthi_hindi_english_bilingual,Indic_Parler_TTS,test,lowpass,1.8134,WAV/PCM_16,5fd4c123e9043fbdb2b0bcc4d91622e71d31e5b43e7ae96dad4d35e6e3b5d5e6,ac2338cbf84f6f9a,data/evaluation/robustness_v1/rob_hf_hi_en_00907__lowpass.wav
rob_hf_hi_en_00907__multi_codec,hf_hi_en_00907,fake,Hinglish,nameissakthi_hindi_english_bilingual,Indic_Parler_TTS,test,multi_codec,1.8134,WAV/PCM_16,ecc9c129bbaa7a23cb04d331da0171be848ab23022e14bd346b5ae9135ad68dc,ac2338cbf84f6f9a,data/evaluation/robustness_v1/rob_hf_hi_en_00907__multi_codec.wav
rob_hf_hi_en_00913__mp3,hf_hi_en_00913,fake,Hinglish,nameissakthi_hindi_english_bilingual,Indic_Parler_TTS,test,mp3,1.472,WAV/PCM_16,1d09f21ba65fc3874824d35ad302415a6251afe2943522a2302b67a07841c8bf,d08566fa273d62a6,data/evaluation/robustness_v1/rob_hf_hi_en_00913__mp3.wav
rob_hf_hi_en_00913__opus,hf_hi_en_00913,fake,Hinglish,nameissakthi_hindi_english_bilingual,Indic_Parler_TTS,test,opus,1.472,WAV/PCM_16,c968de2e26912baa977d6e4133aefe4654968a2c723ea7ecf8d39649139915ec,d08566fa273d62a6,data/evaluation/robustness_v1/rob_hf_hi_en_00913__opus.wav
rob_hf_hi_en_00913__telephone,hf_hi_en_00913,fake,Hinglish,nameissakthi_hindi_english_bilingual,Indic_Parler_TTS,test,telephone,1.472,WAV/PCM_16,c03e184f9faf141cce3d054f1ddd0f7013eb41e2eb10a0c1ed49741a44a5d747,d08566fa273d62a6,data/evaluation/robustness_v1/rob_hf_hi_en_00913__telephone.wav
rob_hf_hi_en_00913__lowpass,hf_hi_en_00913,fake,Hinglish,nameissakthi_hindi_english_bilingual,Indic_Parler_TTS,test,lowpass,1.472,WAV/PCM_16,4cc7aa8e7cf977a400d664df26ba77adce0aae836a5d9e6b7f65d6706b1c9fb3,d08566fa273d62a6,data/evaluation/robustness_v1/rob_hf_hi_en_00913__lowpass.wav
rob_hf_hi_en_00913__multi_codec,hf_hi_en_00913,fake,Hinglish,nameissakthi_hindi_english_bilingual,Indic_Parler_TTS,test,multi_codec,1.472,WAV/PCM_16,8c6a983e4adbff5f7c01c722f0d626bb8a7e80b026a0b928816970d8c45e141d,d08566fa273d62a6,data/evaluation/robustness_v1/rob_hf_hi_en_00913__multi_codec.wav
rob_hf_hi_en_00958__mp3,hf_hi_en_00958,fake,Hinglish,nameissakthi_hindi_english_bilingual,Indic_Parler_TTS,test,mp3,1.1307,WAV/PCM_16,2c499824197db9c776289f38a9e4fce8737a9b3a6d0765062ce02f4a79ef035a,d4773ad825ff7b95,data/evaluation/robustness_v1/rob_hf_hi_en_00958__mp3.wav
rob_hf_hi_en_00958__opus,hf_hi_en_00958,fake,Hinglish,nameissakthi_hindi_english_bilingual,Indic_Parler_TTS,test,opus,1.1307,WAV/PCM_16,742a37ad10982944009a9eac1f1cef580bead8c84995f22b6fd10cd4cd5ad3da,d4773ad825ff7b95,data/evaluation/robustness_v1/rob_hf_hi_en_00958__opus.wav
rob_hf_hi_en_00958__telephone,hf_hi_en_00958,fake,Hinglish,nameissakthi_hindi_english_bilingual,Indic_Parler_TTS,test,telephone,1.1307,WAV/PCM_16,54cad3076c1acbfd143e27eddf6e9834112b342d59c506316a78eeb3b3e4ea44,d4773ad825ff7b95,data/evaluation/robustness_v1/rob_hf_hi_en_00958__telephone.wav
rob_hf_hi_en_00958__lowpass,hf_hi_en_00958,fake,Hinglish,nameissakthi_hindi_english_bilingual,Indic_Parler_TTS,test,lowpass,1.1307,WAV/PCM_16,74bb785434b08c109e3d8969904f2a00bb753570b5e9a8bc447481ad9a511bb0,d4773ad825ff7b95,data/evaluation/robustness_v1/rob_hf_hi_en_00958__lowpass.wav
rob_hf_hi_en_00958__multi_codec,hf_hi_en_00958,fake,Hinglish,nameissakthi_hindi_english_bilingual,Indic_Parler_TTS,test,multi_codec,1.1307,WAV/PCM_16,6a656487b0edf8b062fb5ebf4207715eab2817feaa6b0fe99003a955d1fd960f,d4773ad825ff7b95,data/evaluation/robustness_v1/rob_hf_hi_en_00958__multi_codec.wav
rob_hf_hi_en_00972__mp3,hf_hi_en_00972,fake,Hinglish,nameissakthi_hindi_english_bilingual,Indic_Parler_TTS,test,mp3,1.7067,WAV/PCM_16,6d718a64ed02879edbb93c25040c374f83be8d9e4ab3cdf7c5b530e18a4181b5,e0ea5784acd7bab4,data/evaluation/robustness_v1/rob_hf_hi_en_00972__mp3.wav
rob_hf_hi_en_00972__opus,hf_hi_en_00972,fake,Hinglish,nameissakthi_hindi_english_bilingual,Indic_Parler_TTS,test,opus,1.7067,WAV/PCM_16,aca9f693a169005d3c4955a5f122247b3acbc2bb8ce6e1a7df0a520d35c1b7d1,e0ea5784acd7bab4,data/evaluation/robustness_v1/rob_hf_hi_en_00972__opus.wav
rob_hf_hi_en_00972__telephone,hf_hi_en_00972,fake,Hinglish,nameissakthi_hindi_english_bilingual,Indic_Parler_TTS,test,telephone,1.7067,WAV/PCM_16,b3c54528e9b9096f5321162091a37fdfc7f299ab314e1825895ab8f02b3223fe,e0ea5784acd7bab4,data/evaluation/robustness_v1/rob_hf_hi_en_00972__telephone.wav
rob_hf_hi_en_00972__lowpass,hf_hi_en_00972,fake,Hinglish,nameissakthi_hindi_english_bilingual,Indic_Parler_TTS,test,lowpass,1.7067,WAV/PCM_16,3cd661029e28c74719b54dc33fd3caa479ab6aafe0dd252f1c44c4b4e32bc7e5,e0ea5784acd7bab4,data/evaluation/robustness_v1/rob_hf_hi_en_00972__lowpass.wav
rob_hf_hi_en_00972__multi_codec,hf_hi_en_00972,fake,Hinglish,nameissakthi_hindi_english_bilingual,Indic_Parler_TTS,test,multi_codec,1.7067,WAV/PCM_16,c3ed682d52c06ffb5401676ede9bfa932b4075ba395559bf198a873696d696b0,e0ea5784acd7bab4,data/evaluation/robustness_v1/rob_hf_hi_en_00972__multi_codec.wav
rob_hf_hi_en_01048__mp3,hf_hi_en_01048,fake,Hinglish,nameissakthi_hindi_english_bilingual,Indic_Parler_TTS,test,mp3,0.96,WAV/PCM_16,cbb44b18ab34fdf88e250a4024b960523c1a38cc05d8e69a6e950a1d2ba0a0f8,27137d07939abd3b,data/evaluation/robustness_v1/rob_hf_hi_en_01048__mp3.wav
rob_hf_hi_en_01048__opus,hf_hi_en_01048,fake,Hinglish,nameissakthi_hindi_english_bilingual,Indic_Parler_TTS,test,opus,0.96,WAV/PCM_16,c7d5b20cef78dd09619f62fc1b3656d98de00d857c551320b7b1c46b56e03d31,27137d07939abd3b,data/evaluation/robustness_v1/rob_hf_hi_en_01048__opus.wav
rob_hf_hi_en_01048__telephone,hf_hi_en_01048,fake,Hinglish,nameissakthi_hindi_english_bilingual,Indic_Parler_TTS,test,telephone,0.96,WAV/PCM_16,41dac30e908bded5778fc47b851ec364313823bde2d491c50186509b2cd41c04,27137d07939abd3b,data/evaluation/robustness_v1/rob_hf_hi_en_01048__telephone.wav
rob_hf_hi_en_01048__lowpass,hf_hi_en_01048,fake,Hinglish,nameissakthi_hindi_english_bilingual,Indic_Parler_TTS,test,lowpass,0.96,WAV/PCM_16,050b6f496a1e67c4f4c46ecc183d0bc15bf9a646d1437cb38bf02202499de556,27137d07939abd3b,data/evaluation/robustness_v1/rob_hf_hi_en_01048__lowpass.wav
rob_hf_hi_en_01048__multi_codec,hf_hi_en_01048,fake,Hinglish,nameissakthi_hindi_english_bilingual,Indic_Parler_TTS,test,multi_codec,0.96,WAV/PCM_16,6c00a230790844c393e7f0a27cf371057c959b601c50a9a785bc378f67c622dc,27137d07939abd3b,data/evaluation/robustness_v1/rob_hf_hi_en_01048__multi_codec.wav
rob_hf_hi_en_01235__mp3,hf_hi_en_01235,fake,Hinglish,nameissakthi_hindi_english_bilingual,Indic_Parler_TTS,test,mp3,1.0667,WAV/PCM_16,bd4efaef89791f156391caea8a9e5292c05cd1fe1181feaeb9c5b505d3ad43ce,d061498ad88a966d,data/evaluation/robustness_v1/rob_hf_hi_en_01235__mp3.wav
rob_hf_hi_en_01235__opus,hf_hi_en_01235,fake,Hinglish,nameissakthi_hindi_english_bilingual,Indic_Parler_TTS,test,opus,1.0667,WAV/PCM_16,ddac33d739d626416b6d40b21135e877409a37ed7c507986a7695e044138975d,d061498ad88a966d,data/evaluation/robustness_v1/rob_hf_hi_en_01235__opus.wav
rob_hf_hi_en_01235__telephone,hf_hi_en_01235,fake,Hinglish,nameissakthi_hindi_english_bilingual,Indic_Parler_TTS,test,telephone,1.0668,WAV/PCM_16,0cdad3893ec5fdbbcae4cc4e9275194bf83a87f21e2139b74c2e3afd0b6d4fe6,d061498ad88a966d,data/evaluation/robustness_v1/rob_hf_hi_en_01235__telephone.wav
rob_hf_hi_en_01235__lowpass,hf_hi_en_01235,fake,Hinglish,nameissakthi_hindi_english_bilingual,Indic_Parler_TTS,test,lowpass,1.0667,WAV/PCM_16,121e12a632abf22f6e54aaccd689af0544fb5c89de92aea182b2c1eea0d85905,d061498ad88a966d,data/evaluation/robustness_v1/rob_hf_hi_en_01235__lowpass.wav
rob_hf_hi_en_01235__multi_codec,hf_hi_en_01235,fake,Hinglish,nameissakthi_hindi_english_bilingual,Indic_Parler_TTS,test,multi_codec,1.0667,WAV/PCM_16,69cbabb07d511185daf088c23b0a5c17f8ab065f92d8400bf4da029e702031e9,d061498ad88a966d,data/evaluation/robustness_v1/rob_hf_hi_en_01235__multi_codec.wav
rob_hf_hi_en_01257__mp3,hf_hi_en_01257,fake,Hinglish,nameissakthi_hindi_english_bilingual,Indic_Parler_TTS,test,mp3,1.28,WAV/PCM_16,38e1bc2decb258c8b111045f7c71ae85018297fcb90cfc88a1f17a2a3045c5c1,aac69e5e643d40d4,data/evaluation/robustness_v1/rob_hf_hi_en_01257__mp3.wav
rob_hf_hi_en_01257__opus,hf_hi_en_01257,fake,Hinglish,nameissakthi_hindi_english_bilingual,Indic_Parler_TTS,test,opus,1.28,WAV/PCM_16,053f722c027f80340910f22d427074d6e6093cf8a06d2b3e198177d2e2adfcc9,aac69e5e643d40d4,data/evaluation/robustness_v1/rob_hf_hi_en_01257__opus.wav
rob_hf_hi_en_01257__telephone,hf_hi_en_01257,fake,Hinglish,nameissakthi_hindi_english_bilingual,Indic_Parler_TTS,test,telephone,1.28,WAV/PCM_16,7dc54e03f9eaf955eea37b1bead02b79e4907f887f3c63859fb7d316c269b0ce,aac69e5e643d40d4,data/evaluation/robustness_v1/rob_hf_hi_en_01257__telephone.wav
rob_hf_hi_en_01257__lowpass,hf_hi_en_01257,fake,Hinglish,nameissakthi_hindi_english_bilingual,Indic_Parler_TTS,test,lowpass,1.28,WAV/PCM_16,8c6b1f750535f60a2dbb5bfc1bdd43d68653872be38e2047fc514cd2daa4c4e2,aac69e5e643d40d4,data/evaluation/robustness_v1/rob_hf_hi_en_01257__lowpass.wav
rob_hf_hi_en_01257__multi_codec,hf_hi_en_01257,fake,Hinglish,nameissakthi_hindi_english_bilingual,Indic_Parler_TTS,test,multi_codec,1.28,WAV/PCM_16,f0068e350bd1511706d2a809dd592e2e90af8b28b282af9381b8fdcaa97df1e5,aac69e5e643d40d4,data/evaluation/robustness_v1/rob_hf_hi_en_01257__multi_codec.wav
rob_hf_hi_en_01495__mp3,hf_hi_en_01495,fake,Hinglish,nameissakthi_hindi_english_bilingual,Indic_Parler_TTS,test,mp3,2.0054,WAV/PCM_16,9a8c66a4864c9f3ad2c644ef206c38e45c3bdb7e4678f4c269e19b77362d5e3d,5f1eb764ceaf61db,data/evaluation/robustness_v1/rob_hf_hi_en_01495__mp3.wav
rob_hf_hi_en_01495__opus,hf_hi_en_01495,fake,Hinglish,nameissakthi_hindi_english_bilingual,Indic_Parler_TTS,test,opus,2.0054,WAV/PCM_16,2bff33c0d4f5aa919002b2c6f8056527e04e062a619b11db0ca1d5c5bf602dc6,5f1eb764ceaf61db,data/evaluation/robustness_v1/rob_hf_hi_en_01495__opus.wav
rob_hf_hi_en_01495__telephone,hf_hi_en_01495,fake,Hinglish,nameissakthi_hindi_english_bilingual,Indic_Parler_TTS,test,telephone,2.0054,WAV/PCM_16,46befde4bc21ec393bcc7239dd39ec81c41e1d2ed216f215bcd7f08ba3a3f2e3,5f1eb764ceaf61db,data/evaluation/robustness_v1/rob_hf_hi_en_01495__telephone.wav
rob_hf_hi_en_01495__lowpass,hf_hi_en_01495,fake,Hinglish,nameissakthi_hindi_english_bilingual,Indic_Parler_TTS,test,lowpass,2.0054,WAV/PCM_16,3df70ee26d6aeaf702d8eb1a05aaee46c7bfcbfb1bca497c8f6fe4888930f3f4,5f1eb764ceaf61db,data/evaluation/robustness_v1/rob_hf_hi_en_01495__lowpass.wav
rob_hf_hi_en_01495__multi_codec,hf_hi_en_01495,fake,Hinglish,nameissakthi_hindi_english_bilingual,Indic_Parler_TTS,test,multi_codec,2.0054,WAV/PCM_16,d57747084fa6b199f27e6bb872415293cdf6bbe8a788513823697906c14c022b,5f1eb764ceaf61db,data/evaluation/robustness_v1/rob_hf_hi_en_01495__multi_codec.wav
rob_hf_hi_en_01551__mp3,hf_hi_en_01551,fake,Hinglish,nameissakthi_hindi_english_bilingual,Indic_Parler_TTS,test,mp3,1.6,WAV/PCM_16,84744de5ef6bc15d25f25b2a50e3757dcc2cd1bc705330bf4ea6a3d0eb818c0d,e68db59f0b54ab49,data/evaluation/robustness_v1/rob_hf_hi_en_01551__mp3.wav
rob_hf_hi_en_01551__opus,hf_hi_en_01551,fake,Hinglish,nameissakthi_hindi_english_bilingual,Indic_Parler_TTS,test,opus,1.6,WAV/PCM_16,70bfcc4e95d5f8863b5348546cb90390418fcf28b63a1f3aea4196ff1508fe12,e68db59f0b54ab49,data/evaluation/robustness_v1/rob_hf_hi_en_01551__opus.wav
rob_hf_hi_en_01551__telephone,hf_hi_en_01551,fake,Hinglish,nameissakthi_hindi_english_bilingual,Indic_Parler_TTS,test,telephone,1.6,WAV/PCM_16,ebd1200fec37fe0265ae0348e4cbe7e85590e1e8f57aa1764138683d8bf019a3,e68db59f0b54ab49,data/evaluation/robustness_v1/rob_hf_hi_en_01551__telephone.wav
rob_hf_hi_en_01551__lowpass,hf_hi_en_01551,fake,Hinglish,nameissakthi_hindi_english_bilingual,Indic_Parler_TTS,test,lowpass,1.6,WAV/PCM_16,a67cb2d676c0db261fd7edcd1d67d936a858999718f4d0e1d8f9540c2bd02e95,e68db59f0b54ab49,data/evaluation/robustness_v1/rob_hf_hi_en_01551__lowpass.wav
rob_hf_hi_en_01551__multi_codec,hf_hi_en_01551,fake,Hinglish,nameissakthi_hindi_english_bilingual,Indic_Parler_TTS,test,multi_codec,1.6,WAV/PCM_16,e716de6e3ad0b871287287c2f169000a6106cb3c7e966cf2416e441972d204ec,e68db59f0b54ab49,data/evaluation/robustness_v1/rob_hf_hi_en_01551__multi_codec.wav
rob_hf_hi_en_01629__mp3,hf_hi_en_01629,fake,Hinglish,nameissakthi_hindi_english_bilingual,Indic_Parler_TTS,test,mp3,1.8134,WAV/PCM_16,cc40e20a1ad8e160f6fbe0b3680168be7a0c67b4ae3651934d92482ced3d581c,39194573b5aecbcb,data/evaluation/robustness_v1/rob_hf_hi_en_01629__mp3.wav
rob_hf_hi_en_01629__opus,hf_hi_en_01629,fake,Hinglish,nameissakthi_hindi_english_bilingual,Indic_Parler_TTS,test,opus,1.8134,WAV/PCM_16,0d6dc3c5f3f1e7bee17aa03f53c6125f625cb71e76c10c71c8c2314f222be821,39194573b5aecbcb,data/evaluation/robustness_v1/rob_hf_hi_en_01629__opus.wav
rob_hf_hi_en_01629__telephone,hf_hi_en_01629,fake,Hinglish,nameissakthi_hindi_english_bilingual,Indic_Parler_TTS,test,telephone,1.8134,WAV/PCM_16,398ecc372144228a4b0b6ea5bbd7be856428733604a1eb5f8b511621d34c6975,39194573b5aecbcb,data/evaluation/robustness_v1/rob_hf_hi_en_01629__telephone.wav
rob_hf_hi_en_01629__lowpass,hf_hi_en_01629,fake,Hinglish,nameissakthi_hindi_english_bilingual,Indic_Parler_TTS,test,lowpass,1.8134,WAV/PCM_16,8ee1ae420f8979deef600afb2ef485fd2e1d0d58458443bb81897e04671e24c0,39194573b5aecbcb,data/evaluation/robustness_v1/rob_hf_hi_en_01629__lowpass.wav
rob_hf_hi_en_01629__multi_codec,hf_hi_en_01629,fake,Hinglish,nameissakthi_hindi_english_bilingual,Indic_Parler_TTS,test,multi_codec,1.8134,WAV/PCM_16,fb7d8ca67ad7864bd563f06580c1f905bef590285b8709893d6766753529943a,39194573b5aecbcb,data/evaluation/robustness_v1/rob_hf_hi_en_01629__multi_codec.wav
rob_hf_hi_en_01658__mp3,hf_hi_en_01658,fake,Hinglish,nameissakthi_hindi_english_bilingual,Indic_Parler_TTS,test,mp3,1.3654,WAV/PCM_16,a051bcbc02a062b44e1e076658dde53d660349376c21b23f562394e1ab28e945,43923bf45ba13ce4,data/evaluation/robustness_v1/rob_hf_hi_en_01658__mp3.wav
rob_hf_hi_en_01658__opus,hf_hi_en_01658,fake,Hinglish,nameissakthi_hindi_english_bilingual,Indic_Parler_TTS,test,opus,1.3654,WAV/PCM_16,efce8c525d971a07f1b7f8e357f29e68aa8f35a3672b73a568a454aec01a1e0d,43923bf45ba13ce4,data/evaluation/robustness_v1/rob_hf_hi_en_01658__opus.wav
rob_hf_hi_en_01658__telephone,hf_hi_en_01658,fake,Hinglish,nameissakthi_hindi_english_bilingual,Indic_Parler_TTS,test,telephone,1.3654,WAV/PCM_16,e7a6424b35f10cba00d67a7e7277ed9e212953c52132a494b4a9844596b905e3,43923bf45ba13ce4,data/evaluation/robustness_v1/rob_hf_hi_en_01658__telephone.wav
rob_hf_hi_en_01658__lowpass,hf_hi_en_01658,fake,Hinglish,nameissakthi_hindi_english_bilingual,Indic_Parler_TTS,test,lowpass,1.3654,WAV/PCM_16,311f6e37ff9f082d1dfe47bd341cb3a863545a6de5a9cb6d79c5fb502782f442,43923bf45ba13ce4,data/evaluation/robustness_v1/rob_hf_hi_en_01658__lowpass.wav
rob_hf_hi_en_01658__multi_codec,hf_hi_en_01658,fake,Hinglish,nameissakthi_hindi_english_bilingual,Indic_Parler_TTS,test,multi_codec,1.3654,WAV/PCM_16,5ade1e68002167457c2ec1cd01cb899c004145568396b39ccd5e5236bb358c5d,43923bf45ba13ce4,data/evaluation/robustness_v1/rob_hf_hi_en_01658__multi_codec.wav
rob_hf_hi_en_01674__mp3,hf_hi_en_01674,fake,Hinglish,nameissakthi_hindi_english_bilingual,Indic_Parler_TTS,test,mp3,7.9787,WAV/PCM_16,aedc48f96ac6436aa91f0e2225492a8b8fd8dba0b76522fa2974421f7c97fdf2,f968d2a3f850704c,data/evaluation/robustness_v1/rob_hf_hi_en_01674__mp3.wav
rob_hf_hi_en_01674__opus,hf_hi_en_01674,fake,Hinglish,nameissakthi_hindi_english_bilingual,Indic_Parler_TTS,test,opus,7.9787,WAV/PCM_16,36c1a6c1c6584edf871882447c151a19e12d377ea9b6b69d8b51ad4a5aa1aaad,f968d2a3f850704c,data/evaluation/robustness_v1/rob_hf_hi_en_01674__opus.wav
rob_hf_hi_en_01674__telephone,hf_hi_en_01674,fake,Hinglish,nameissakthi_hindi_english_bilingual,Indic_Parler_TTS,test,telephone,7.9787,WAV/PCM_16,06c2dc4ba687d17775181972155697a663afb5ff4dd89aaf801242fd8331f40e,f968d2a3f850704c,data/evaluation/robustness_v1/rob_hf_hi_en_01674__telephone.wav
rob_hf_hi_en_01674__lowpass,hf_hi_en_01674,fake,Hinglish,nameissakthi_hindi_english_bilingual,Indic_Parler_TTS,test,lowpass,7.9787,WAV/PCM_16,a3d9f53189c57560f91717c5b59fa6f58f629c76746776d8f5e45234bfa5cea9,f968d2a3f850704c,data/evaluation/robustness_v1/rob_hf_hi_en_01674__lowpass.wav
rob_hf_hi_en_01674__multi_codec,hf_hi_en_01674,fake,Hinglish,nameissakthi_hindi_english_bilingual,Indic_Parler_TTS,test,multi_codec,7.9787,WAV/PCM_16,aa825fb83fa560f013ade83e908ee716e24054c72ff351b44c06a62f3fcbf967,f968d2a3f850704c,data/evaluation/robustness_v1/rob_hf_hi_en_01674__multi_codec.wav
rob_hf_hi_en_b_00015__mp3,hf_hi_en_b_00015,fake,Hinglish,lingamvamshikrishnareddy_octopus_tts_hinglish,Azure_Edge_Neural_TTS,test,mp3,5.472,WAV/PCM_16,4bf5c6403c5fa537f0fafc1a36770fd87e53134e8df0e8a46e7776ad41e328c4,480f9d8b2e1c446a,data/evaluation/robustness_v1/rob_hf_hi_en_b_00015__mp3.wav
rob_hf_hi_en_b_00015__opus,hf_hi_en_b_00015,fake,Hinglish,lingamvamshikrishnareddy_octopus_tts_hinglish,Azure_Edge_Neural_TTS,test,opus,5.472,WAV/PCM_16,f8c45582e9aed75fb2223e9f83e80db0e9a1adebfdb722c60ae3aad1a58cec9a,480f9d8b2e1c446a,data/evaluation/robustness_v1/rob_hf_hi_en_b_00015__opus.wav
rob_hf_hi_en_b_00015__telephone,hf_hi_en_b_00015,fake,Hinglish,lingamvamshikrishnareddy_octopus_tts_hinglish,Azure_Edge_Neural_TTS,test,telephone,5.472,WAV/PCM_16,a167839fb6c9a117f02afcb952d89ed47166ae0559537ca9d1e5127d64868b85,480f9d8b2e1c446a,data/evaluation/robustness_v1/rob_hf_hi_en_b_00015__telephone.wav
rob_hf_hi_en_b_00015__lowpass,hf_hi_en_b_00015,fake,Hinglish,lingamvamshikrishnareddy_octopus_tts_hinglish,Azure_Edge_Neural_TTS,test,lowpass,5.472,WAV/PCM_16,23a545ff7d838226005bcae0fb2d175f2cef614af12a617b49ff0eb13042c7df,480f9d8b2e1c446a,data/evaluation/robustness_v1/rob_hf_hi_en_b_00015__lowpass.wav
rob_hf_hi_en_b_00015__multi_codec,hf_hi_en_b_00015,fake,Hinglish,lingamvamshikrishnareddy_octopus_tts_hinglish,Azure_Edge_Neural_TTS,test,multi_codec,5.472,WAV/PCM_16,3b1874cd6e35bf00c6ad41b0f1c87b483b67054222ec5b60914276120a48b052,480f9d8b2e1c446a,data/evaluation/robustness_v1/rob_hf_hi_en_b_00015__multi_codec.wav
rob_hf_hi_en_b_00180__mp3,hf_hi_en_b_00180,fake,Hinglish,lingamvamshikrishnareddy_octopus_tts_hinglish,Azure_Edge_Neural_TTS,test,mp3,6.768,WAV/PCM_16,c39f1bc8be33562673ff433d342ffec06210300ccd31f96301905d488fe286df,7ec51b8019db3016,data/evaluation/robustness_v1/rob_hf_hi_en_b_00180__mp3.wav
rob_hf_hi_en_b_00180__opus,hf_hi_en_b_00180,fake,Hinglish,lingamvamshikrishnareddy_octopus_tts_hinglish,Azure_Edge_Neural_TTS,test,opus,6.768,WAV/PCM_16,7bc548d5974287b14090f076549cd12c414870f77162f4976551a5b9962e7561,7ec51b8019db3016,data/evaluation/robustness_v1/rob_hf_hi_en_b_00180__opus.wav
rob_hf_hi_en_b_00180__telephone,hf_hi_en_b_00180,fake,Hinglish,lingamvamshikrishnareddy_octopus_tts_hinglish,Azure_Edge_Neural_TTS,test,telephone,6.768,WAV/PCM_16,810222492fb06ad473573ffdea4c0d3e2aa1faf7f22d9f847d9babc6dba5550b,7ec51b8019db3016,data/evaluation/robustness_v1/rob_hf_hi_en_b_00180__telephone.wav
rob_hf_hi_en_b_00180__lowpass,hf_hi_en_b_00180,fake,Hinglish,lingamvamshikrishnareddy_octopus_tts_hinglish,Azure_Edge_Neural_TTS,test,lowpass,6.768,WAV/PCM_16,25bd1a9000e811cd570ded85318cc15fe975a2198628cbe62a5d63ced0dd1632,7ec51b8019db3016,data/evaluation/robustness_v1/rob_hf_hi_en_b_00180__lowpass.wav
rob_hf_hi_en_b_00180__multi_codec,hf_hi_en_b_00180,fake,Hinglish,lingamvamshikrishnareddy_octopus_tts_hinglish,Azure_Edge_Neural_TTS,test,multi_codec,6.768,WAV/PCM_16,ad7ee250d2d0a8bf5098fe5f7e474496fa300ab9cc55a41e040c44d0eb5c5074,7ec51b8019db3016,data/evaluation/robustness_v1/rob_hf_hi_en_b_00180__multi_codec.wav
rob_hf_hi_en_b_00256__mp3,hf_hi_en_b_00256,fake,Hinglish,lingamvamshikrishnareddy_octopus_tts_hinglish,Azure_Edge_Neural_TTS,test,mp3,4.632,WAV/PCM_16,09f7b77a214e523a85c409faaf960a75e257b311e0e173ef4629d0c869e5805b,23bc0d5a39a575fa,data/evaluation/robustness_v1/rob_hf_hi_en_b_00256__mp3.wav
rob_hf_hi_en_b_00256__opus,hf_hi_en_b_00256,fake,Hinglish,lingamvamshikrishnareddy_octopus_tts_hinglish,Azure_Edge_Neural_TTS,test,opus,4.632,WAV/PCM_16,55f141aa59e172b406a632758e5f165f772a490612867c92755268fefda9aa6f,23bc0d5a39a575fa,data/evaluation/robustness_v1/rob_hf_hi_en_b_00256__opus.wav
rob_hf_hi_en_b_00256__telephone,hf_hi_en_b_00256,fake,Hinglish,lingamvamshikrishnareddy_octopus_tts_hinglish,Azure_Edge_Neural_TTS,test,telephone,4.632,WAV/PCM_16,64f6e4fa157b2c806cd9caa3fb3e6aa59b99f2cf3c0bd6cc5f39c1b61761f7d5,23bc0d5a39a575fa,data/evaluation/robustness_v1/rob_hf_hi_en_b_00256__telephone.wav
rob_hf_hi_en_b_00256__lowpass,hf_hi_en_b_00256,fake,Hinglish,lingamvamshikrishnareddy_octopus_tts_hinglish,Azure_Edge_Neural_TTS,test,lowpass,4.632,WAV/PCM_16,9f08c0e8b44ce7f3533b6cac8b5eeba6e65156aff14bf495f0f0ac916ad67779,23bc0d5a39a575fa,data/evaluation/robustness_v1/rob_hf_hi_en_b_00256__lowpass.wav
rob_hf_hi_en_b_00256__multi_codec,hf_hi_en_b_00256,fake,Hinglish,lingamvamshikrishnareddy_octopus_tts_hinglish,Azure_Edge_Neural_TTS,test,multi_codec,4.632,WAV/PCM_16,95441c7def92bf831cc84886d0c884f1c14d8ae068b26bf913ee0591951f1cbe,23bc0d5a39a575fa,data/evaluation/robustness_v1/rob_hf_hi_en_b_00256__multi_codec.wav
rob_hf_hi_en_b_00362__mp3,hf_hi_en_b_00362,fake,Hinglish,lingamvamshikrishnareddy_octopus_tts_hinglish,Azure_Edge_Neural_TTS,test,mp3,6.504,WAV/PCM_16,4d7bae04654b2956b9b46bf056d5e955adbd0587f3a1f188d604aefe3d55c975,cbf290a2c6bddc35,data/evaluation/robustness_v1/rob_hf_hi_en_b_00362__mp3.wav
rob_hf_hi_en_b_00362__opus,hf_hi_en_b_00362,fake,Hinglish,lingamvamshikrishnareddy_octopus_tts_hinglish,Azure_Edge_Neural_TTS,test,opus,6.504,WAV/PCM_16,bb5b115f890372fda78a84777cea99f1cf2ce4bf8b1b32b69dab14c7678d07a0,cbf290a2c6bddc35,data/evaluation/robustness_v1/rob_hf_hi_en_b_00362__opus.wav
rob_hf_hi_en_b_00362__telephone,hf_hi_en_b_00362,fake,Hinglish,lingamvamshikrishnareddy_octopus_tts_hinglish,Azure_Edge_Neural_TTS,test,telephone,6.504,WAV/PCM_16,bf9444601ce1063d1a2aee9e7e7e2796901c7369dd73b4bd81f606264e7abb5a,cbf290a2c6bddc35,data/evaluation/robustness_v1/rob_hf_hi_en_b_00362__telephone.wav
rob_hf_hi_en_b_00362__lowpass,hf_hi_en_b_00362,fake,Hinglish,lingamvamshikrishnareddy_octopus_tts_hinglish,Azure_Edge_Neural_TTS,test,lowpass,6.504,WAV/PCM_16,f00c3a6a41df9ac14fb84eb8367c0a7f7098f270c5ec2fae336de72220a6ba08,cbf290a2c6bddc35,data/evaluation/robustness_v1/rob_hf_hi_en_b_00362__lowpass.wav
rob_hf_hi_en_b_00362__multi_codec,hf_hi_en_b_00362,fake,Hinglish,lingamvamshikrishnareddy_octopus_tts_hinglish,Azure_Edge_Neural_TTS,test,multi_codec,6.504,WAV/PCM_16,4c70b9433c5e8cffd5addc511e8f68f8fa381ef48e4c530060b3ce365dd782a5,cbf290a2c6bddc35,data/evaluation/robustness_v1/rob_hf_hi_en_b_00362__multi_codec.wav
rob_hf_hi_en_b_00443__mp3,hf_hi_en_b_00443,fake,Hinglish,lingamvamshikrishnareddy_octopus_tts_hinglish,Azure_Edge_Neural_TTS,test,mp3,5.544,WAV/PCM_16,f2955051f4f7a834181f89445919bd8bfa9c517bc4699f3eef0e7c67097237ae,76f4f69a910a52c2,data/evaluation/robustness_v1/rob_hf_hi_en_b_00443__mp3.wav
rob_hf_hi_en_b_00443__opus,hf_hi_en_b_00443,fake,Hinglish,lingamvamshikrishnareddy_octopus_tts_hinglish,Azure_Edge_Neural_TTS,test,opus,5.544,WAV/PCM_16,e7e5fb09c634ddaef9e18767e409e80b4688f2f532e95a774666b756e9ed8ad8,76f4f69a910a52c2,data/evaluation/robustness_v1/rob_hf_hi_en_b_00443__opus.wav
rob_hf_hi_en_b_00443__telephone,hf_hi_en_b_00443,fake,Hinglish,lingamvamshikrishnareddy_octopus_tts_hinglish,Azure_Edge_Neural_TTS,test,telephone,5.544,WAV/PCM_16,a529294b95d450e5e762d9d74d547b57932100f673951ca3b69756f6932ad7e2,76f4f69a910a52c2,data/evaluation/robustness_v1/rob_hf_hi_en_b_00443__telephone.wav
rob_hf_hi_en_b_00443__lowpass,hf_hi_en_b_00443,fake,Hinglish,lingamvamshikrishnareddy_octopus_tts_hinglish,Azure_Edge_Neural_TTS,test,lowpass,5.544,WAV/PCM_16,29556d7f7bcdf13100b65f3d1775449d27310581ed64428069fd2c4adca15b17,76f4f69a910a52c2,data/evaluation/robustness_v1/rob_hf_hi_en_b_00443__lowpass.wav
rob_hf_hi_en_b_00443__multi_codec,hf_hi_en_b_00443,fake,Hinglish,lingamvamshikrishnareddy_octopus_tts_hinglish,Azure_Edge_Neural_TTS,test,multi_codec,5.544,WAV/PCM_16,d2cc0dc701c18da86c04194e7939ca96a234c660b88d339d5cf708eaed49f96a,76f4f69a910a52c2,data/evaluation/robustness_v1/rob_hf_hi_en_b_00443__multi_codec.wav
rob_hf_hi_en_b_00496__mp3,hf_hi_en_b_00496,fake,Hinglish,lingamvamshikrishnareddy_octopus_tts_hinglish,Azure_Edge_Neural_TTS,test,mp3,6.096,WAV/PCM_16,4b19347bc47b4d55e59e353109fe49b24f0266aee50ce0d9b67db1d90ee099ce,3bec6e893037da45,data/evaluation/robustness_v1/rob_hf_hi_en_b_00496__mp3.wav
rob_hf_hi_en_b_00496__opus,hf_hi_en_b_00496,fake,Hinglish,lingamvamshikrishnareddy_octopus_tts_hinglish,Azure_Edge_Neural_TTS,test,opus,6.096,WAV/PCM_16,0438a3a5c1f96ebc2bb589a82035def2c1f769e3087429f55b7e968b4ceb47d5,3bec6e893037da45,data/evaluation/robustness_v1/rob_hf_hi_en_b_00496__opus.wav
rob_hf_hi_en_b_00496__telephone,hf_hi_en_b_00496,fake,Hinglish,lingamvamshikrishnareddy_octopus_tts_hinglish,Azure_Edge_Neural_TTS,test,telephone,6.096,WAV/PCM_16,a0fc7a3b3c531841f5881cfcc773ca73df80e74238a8da3f5d0e78e4666b3903,3bec6e893037da45,data/evaluation/robustness_v1/rob_hf_hi_en_b_00496__telephone.wav
rob_hf_hi_en_b_00496__lowpass,hf_hi_en_b_00496,fake,Hinglish,lingamvamshikrishnareddy_octopus_tts_hinglish,Azure_Edge_Neural_TTS,test,lowpass,6.096,WAV/PCM_16,8ad38517a44de2261ef48dd0c5042ce2b6761d7fd0fc93e1fd56456d1926cb9d,3bec6e893037da45,data/evaluation/robustness_v1/rob_hf_hi_en_b_00496__lowpass.wav
rob_hf_hi_en_b_00496__multi_codec,hf_hi_en_b_00496,fake,Hinglish,lingamvamshikrishnareddy_octopus_tts_hinglish,Azure_Edge_Neural_TTS,test,multi_codec,6.096,WAV/PCM_16,ac110d122d18acddbeb33ea3e7d1cfa0c8f79e155155745c9ae46f0274f535be,3bec6e893037da45,data/evaluation/robustness_v1/rob_hf_hi_en_b_00496__multi_codec.wav
rob_hf_hi_en_b_00521__mp3,hf_hi_en_b_00521,fake,Hinglish,lingamvamshikrishnareddy_octopus_tts_hinglish,Azure_Edge_Neural_TTS,test,mp3,5.208,WAV/PCM_16,0ad1f907b0b7a340a195199ac944980ed9f1cc6136a9a8d609032234e39515d9,4cd85ad03b14cb93,data/evaluation/robustness_v1/rob_hf_hi_en_b_00521__mp3.wav
rob_hf_hi_en_b_00521__opus,hf_hi_en_b_00521,fake,Hinglish,lingamvamshikrishnareddy_octopus_tts_hinglish,Azure_Edge_Neural_TTS,test,opus,5.208,WAV/PCM_16,71c813b944b256ec84e8913e3d7b78e361abeb4dd7110e9d59bc7ca13cc32b54,4cd85ad03b14cb93,data/evaluation/robustness_v1/rob_hf_hi_en_b_00521__opus.wav
rob_hf_hi_en_b_00521__telephone,hf_hi_en_b_00521,fake,Hinglish,lingamvamshikrishnareddy_octopus_tts_hinglish,Azure_Edge_Neural_TTS,test,telephone,5.208,WAV/PCM_16,1ce168201bf0d205bd73a9d4a8765f5a8efd6d17c3ecbfef9dd6b52730fdfed9,4cd85ad03b14cb93,data/evaluation/robustness_v1/rob_hf_hi_en_b_00521__telephone.wav
rob_hf_hi_en_b_00521__lowpass,hf_hi_en_b_00521,fake,Hinglish,lingamvamshikrishnareddy_octopus_tts_hinglish,Azure_Edge_Neural_TTS,test,lowpass,5.208,WAV/PCM_16,2896a67ea80d12deee3261224cfd07699c5f00aab314c0d35a56203497780826,4cd85ad03b14cb93,data/evaluation/robustness_v1/rob_hf_hi_en_b_00521__lowpass.wav
rob_hf_hi_en_b_00521__multi_codec,hf_hi_en_b_00521,fake,Hinglish,lingamvamshikrishnareddy_octopus_tts_hinglish,Azure_Edge_Neural_TTS,test,multi_codec,5.208,WAV/PCM_16,0ae1688a1805656e1ff14ef9f1357edc6b65782042bb48355848039e0f045c25,4cd85ad03b14cb93,data/evaluation/robustness_v1/rob_hf_hi_en_b_00521__multi_codec.wav
rob_hf_hi_en_b_00533__mp3,hf_hi_en_b_00533,fake,Hinglish,lingamvamshikrishnareddy_octopus_tts_hinglish,Azure_Edge_Neural_TTS,test,mp3,5.016,WAV/PCM_16,d9db2c11db55fb54a01c5154624346778e825255e3b656785b770bd2ea116a01,b27a91c1f4679066,data/evaluation/robustness_v1/rob_hf_hi_en_b_00533__mp3.wav
rob_hf_hi_en_b_00533__opus,hf_hi_en_b_00533,fake,Hinglish,lingamvamshikrishnareddy_octopus_tts_hinglish,Azure_Edge_Neural_TTS,test,opus,5.016,WAV/PCM_16,fa28def7d5f729593c5b302817c0f3455ff4417495d9d0147dfaf30c3a14a7cf,b27a91c1f4679066,data/evaluation/robustness_v1/rob_hf_hi_en_b_00533__opus.wav
rob_hf_hi_en_b_00533__telephone,hf_hi_en_b_00533,fake,Hinglish,lingamvamshikrishnareddy_octopus_tts_hinglish,Azure_Edge_Neural_TTS,test,telephone,5.016,WAV/PCM_16,a724325d3ffab0a8415e8f1d5a9dc5ca4481befaba9ca0a43193b622fb3745f2,b27a91c1f4679066,data/evaluation/robustness_v1/rob_hf_hi_en_b_00533__telephone.wav
rob_hf_hi_en_b_00533__lowpass,hf_hi_en_b_00533,fake,Hinglish,lingamvamshikrishnareddy_octopus_tts_hinglish,Azure_Edge_Neural_TTS,test,lowpass,5.016,WAV/PCM_16,004423578cb84e8e92dd691f4f42f9bb0f313e182302a67aee02ca9dbc7762d1,b27a91c1f4679066,data/evaluation/robustness_v1/rob_hf_hi_en_b_00533__lowpass.wav
rob_hf_hi_en_b_00533__multi_codec,hf_hi_en_b_00533,fake,Hinglish,lingamvamshikrishnareddy_octopus_tts_hinglish,Azure_Edge_Neural_TTS,test,multi_codec,5.016,WAV/PCM_16,0706d13782b5cc4468a0c18fef2a7b98e54c9486196d6cc0294012d58ad9ea95,b27a91c1f4679066,data/evaluation/robustness_v1/rob_hf_hi_en_b_00533__multi_codec.wav
rob_hf_hi_en_b_00657__mp3,hf_hi_en_b_00657,fake,Hinglish,lingamvamshikrishnareddy_octopus_tts_hinglish,Azure_Edge_Neural_TTS,test,mp3,4.896,WAV/PCM_16,3fbd03eb85b9701a9e510f98586fb1b16c5af6e10008367bd6b825cac2c64b3b,d4c54c970554121b,data/evaluation/robustness_v1/rob_hf_hi_en_b_00657__mp3.wav
rob_hf_hi_en_b_00657__opus,hf_hi_en_b_00657,fake,Hinglish,lingamvamshikrishnareddy_octopus_tts_hinglish,Azure_Edge_Neural_TTS,test,opus,4.896,WAV/PCM_16,8f9eff7ab2b9e633aaddac7d0e1d9b30c8fff7c2ec8354731cd6d2d581e855c4,d4c54c970554121b,data/evaluation/robustness_v1/rob_hf_hi_en_b_00657__opus.wav
rob_hf_hi_en_b_00657__telephone,hf_hi_en_b_00657,fake,Hinglish,lingamvamshikrishnareddy_octopus_tts_hinglish,Azure_Edge_Neural_TTS,test,telephone,4.896,WAV/PCM_16,c9d5e507ff415e13ff6e3af010a45f12e10a53d9e8d6c80f33d6e194ab2cba53,d4c54c970554121b,data/evaluation/robustness_v1/rob_hf_hi_en_b_00657__telephone.wav
rob_hf_hi_en_b_00657__lowpass,hf_hi_en_b_00657,fake,Hinglish,lingamvamshikrishnareddy_octopus_tts_hinglish,Azure_Edge_Neural_TTS,test,lowpass,4.896,WAV/PCM_16,11adfc271dd0f18ffd397377849a7e249f713189e791fb4436073c613d59ae6e,d4c54c970554121b,data/evaluation/robustness_v1/rob_hf_hi_en_b_00657__lowpass.wav
rob_hf_hi_en_b_00657__multi_codec,hf_hi_en_b_00657,fake,Hinglish,lingamvamshikrishnareddy_octopus_tts_hinglish,Azure_Edge_Neural_TTS,test,multi_codec,4.896,WAV/PCM_16,a8f03a20a52e599ac73db2fe063ddee54a73c5b3f903018f159ff7edf0f43e1b,d4c54c970554121b,data/evaluation/robustness_v1/rob_hf_hi_en_b_00657__multi_codec.wav
rob_hf_hi_en_b_00671__mp3,hf_hi_en_b_00671,fake,Hinglish,lingamvamshikrishnareddy_octopus_tts_hinglish,Azure_Edge_Neural_TTS,test,mp3,5.328,WAV/PCM_16,32af142feb7caa1baa31a6fe00a331c9c640ccb7ee46e5ad247732f972e63712,cd0e6024638db992,data/evaluation/robustness_v1/rob_hf_hi_en_b_00671__mp3.wav
rob_hf_hi_en_b_00671__opus,hf_hi_en_b_00671,fake,Hinglish,lingamvamshikrishnareddy_octopus_tts_hinglish,Azure_Edge_Neural_TTS,test,opus,5.328,WAV/PCM_16,38f4264eb35c9de283bf3f157c03ebf4d2557a531c66a9a21bc13779a95eb87f,cd0e6024638db992,data/evaluation/robustness_v1/rob_hf_hi_en_b_00671__opus.wav
rob_hf_hi_en_b_00671__telephone,hf_hi_en_b_00671,fake,Hinglish,lingamvamshikrishnareddy_octopus_tts_hinglish,Azure_Edge_Neural_TTS,test,telephone,5.328,WAV/PCM_16,99292e1a7e1a58ea007d670c88cab941e6fee455cba8ccb1c3b58f5031a9984a,cd0e6024638db992,data/evaluation/robustness_v1/rob_hf_hi_en_b_00671__telephone.wav
rob_hf_hi_en_b_00671__lowpass,hf_hi_en_b_00671,fake,Hinglish,lingamvamshikrishnareddy_octopus_tts_hinglish,Azure_Edge_Neural_TTS,test,lowpass,5.328,WAV/PCM_16,fe530ad73b59bff8208ea571f2d1d7698002aef18dfe9f542898501dfce32da0,cd0e6024638db992,data/evaluation/robustness_v1/rob_hf_hi_en_b_00671__lowpass.wav
rob_hf_hi_en_b_00671__multi_codec,hf_hi_en_b_00671,fake,Hinglish,lingamvamshikrishnareddy_octopus_tts_hinglish,Azure_Edge_Neural_TTS,test,multi_codec,5.328,WAV/PCM_16,5a435751cc6818d3376f010a7c5598359dd09772bd589a89091dd7878ded3a43,cd0e6024638db992,data/evaluation/robustness_v1/rob_hf_hi_en_b_00671__multi_codec.wav
rob_hf_hi_en_b_00690__mp3,hf_hi_en_b_00690,fake,Hinglish,lingamvamshikrishnareddy_octopus_tts_hinglish,Azure_Edge_Neural_TTS,test,mp3,6.96,WAV/PCM_16,35c7f7aa9fb68e531c4c16e5430be8005412f0b6a2472fbae3be11dae17b09f7,c067ab2f720461db,data/evaluation/robustness_v1/rob_hf_hi_en_b_00690__mp3.wav
rob_hf_hi_en_b_00690__opus,hf_hi_en_b_00690,fake,Hinglish,lingamvamshikrishnareddy_octopus_tts_hinglish,Azure_Edge_Neural_TTS,test,opus,6.96,WAV/PCM_16,03fa128b27b1ddf82c2d2922a8d8387b7b749071715baab3558dbdd2f978e785,c067ab2f720461db,data/evaluation/robustness_v1/rob_hf_hi_en_b_00690__opus.wav
rob_hf_hi_en_b_00690__telephone,hf_hi_en_b_00690,fake,Hinglish,lingamvamshikrishnareddy_octopus_tts_hinglish,Azure_Edge_Neural_TTS,test,telephone,6.96,WAV/PCM_16,44c554ad38e2db7b184ca376c0cd2afd008b8d582e8afa9e58fd811f3dfd3e72,c067ab2f720461db,data/evaluation/robustness_v1/rob_hf_hi_en_b_00690__telephone.wav
rob_hf_hi_en_b_00690__lowpass,hf_hi_en_b_00690,fake,Hinglish,lingamvamshikrishnareddy_octopus_tts_hinglish,Azure_Edge_Neural_TTS,test,lowpass,6.96,WAV/PCM_16,ca053e05d4b8fd3451ce44b16c99c50328bac042cf2e2e13aab62bf518b8da74,c067ab2f720461db,data/evaluation/robustness_v1/rob_hf_hi_en_b_00690__lowpass.wav
rob_hf_hi_en_b_00690__multi_codec,hf_hi_en_b_00690,fake,Hinglish,lingamvamshikrishnareddy_octopus_tts_hinglish,Azure_Edge_Neural_TTS,test,multi_codec,6.96,WAV/PCM_16,0944c70eab8fc0297c283090ec0536a7c976ffd3a0b07ff3a27a00a3b319aae8,c067ab2f720461db,data/evaluation/robustness_v1/rob_hf_hi_en_b_00690__multi_codec.wav
rob_hf_hi_en_b_00774__mp3,hf_hi_en_b_00774,fake,Hinglish,lingamvamshikrishnareddy_octopus_tts_hinglish,Azure_Edge_Neural_TTS,test,mp3,7.344,WAV/PCM_16,4e863a28512cc872c4c37cf779f39a33c59c64e98b13a86f986e4531f526078c,bee1ed1f49454184,data/evaluation/robustness_v1/rob_hf_hi_en_b_00774__mp3.wav
rob_hf_hi_en_b_00774__opus,hf_hi_en_b_00774,fake,Hinglish,lingamvamshikrishnareddy_octopus_tts_hinglish,Azure_Edge_Neural_TTS,test,opus,7.344,WAV/PCM_16,8e1458856a3cc68cb96f6d021787146c7875124b1bf2681a19b9485d17c183a9,bee1ed1f49454184,data/evaluation/robustness_v1/rob_hf_hi_en_b_00774__opus.wav
rob_hf_hi_en_b_00774__telephone,hf_hi_en_b_00774,fake,Hinglish,lingamvamshikrishnareddy_octopus_tts_hinglish,Azure_Edge_Neural_TTS,test,telephone,7.344,WAV/PCM_16,c7a5d0d33fcd34554eaadc9b489b95534296e1f9154bea29c905928dd8ce2756,bee1ed1f49454184,data/evaluation/robustness_v1/rob_hf_hi_en_b_00774__telephone.wav
rob_hf_hi_en_b_00774__lowpass,hf_hi_en_b_00774,fake,Hinglish,lingamvamshikrishnareddy_octopus_tts_hinglish,Azure_Edge_Neural_TTS,test,lowpass,7.344,WAV/PCM_16,8c799d370893de91c4fee3aeaebf6a359907c77bddf0747b2fab5b402f155715,bee1ed1f49454184,data/evaluation/robustness_v1/rob_hf_hi_en_b_00774__lowpass.wav
rob_hf_hi_en_b_00774__multi_codec,hf_hi_en_b_00774,fake,Hinglish,lingamvamshikrishnareddy_octopus_tts_hinglish,Azure_Edge_Neural_TTS,test,multi_codec,7.344,WAV/PCM_16,257fd8368b18e0adc91024317a8635f3069bd1dd21afbb396b4a6e395650caeb,bee1ed1f49454184,data/evaluation/robustness_v1/rob_hf_hi_en_b_00774__multi_codec.wav
rob_hf_hi_en_b_00793__mp3,hf_hi_en_b_00793,fake,Hinglish,lingamvamshikrishnareddy_octopus_tts_hinglish,Azure_Edge_Neural_TTS,test,mp3,7.488,WAV/PCM_16,b338f5a11005b9916a103c8ac0d34ab81bed727df677c687684d2b7d195e856d,c31248b90567e8f6,data/evaluation/robustness_v1/rob_hf_hi_en_b_00793__mp3.wav
rob_hf_hi_en_b_00793__opus,hf_hi_en_b_00793,fake,Hinglish,lingamvamshikrishnareddy_octopus_tts_hinglish,Azure_Edge_Neural_TTS,test,opus,7.488,WAV/PCM_16,c2fd599e1f8c487ad25fdde887d929c2025342569282fed0b1e89143e7d8a24d,c31248b90567e8f6,data/evaluation/robustness_v1/rob_hf_hi_en_b_00793__opus.wav
rob_hf_hi_en_b_00793__telephone,hf_hi_en_b_00793,fake,Hinglish,lingamvamshikrishnareddy_octopus_tts_hinglish,Azure_Edge_Neural_TTS,test,telephone,7.488,WAV/PCM_16,4b5f850aa8d917cbe69030632bd1f0a9c0bd82a21e74111ca2a8d6208e91e2c0,c31248b90567e8f6,data/evaluation/robustness_v1/rob_hf_hi_en_b_00793__telephone.wav
rob_hf_hi_en_b_00793__lowpass,hf_hi_en_b_00793,fake,Hinglish,lingamvamshikrishnareddy_octopus_tts_hinglish,Azure_Edge_Neural_TTS,test,lowpass,7.488,WAV/PCM_16,bbd469d12bf256955693f358179f0378d4494de115be4b71def4b79bbf1d5126,c31248b90567e8f6,data/evaluation/robustness_v1/rob_hf_hi_en_b_00793__lowpass.wav
rob_hf_hi_en_b_00793__multi_codec,hf_hi_en_b_00793,fake,Hinglish,lingamvamshikrishnareddy_octopus_tts_hinglish,Azure_Edge_Neural_TTS,test,multi_codec,7.488,WAV/PCM_16,dc92c29a16be86d8a0a0c49d0f069adc84dafb7a30adf5ac2158a4d22b313f45,c31248b90567e8f6,data/evaluation/robustness_v1/rob_hf_hi_en_b_00793__multi_codec.wav
rob_hf_hi_en_b_00902__mp3,hf_hi_en_b_00902,fake,Hinglish,lingamvamshikrishnareddy_octopus_tts_hinglish,Azure_Edge_Neural_TTS,test,mp3,4.8,WAV/PCM_16,a4fa54c26d7b01aa51326610548d98931ed5f76c0a14903485a625568a1107c6,34edb42869c816da,data/evaluation/robustness_v1/rob_hf_hi_en_b_00902__mp3.wav
rob_hf_hi_en_b_00902__opus,hf_hi_en_b_00902,fake,Hinglish,lingamvamshikrishnareddy_octopus_tts_hinglish,Azure_Edge_Neural_TTS,test,opus,4.8,WAV/PCM_16,e0b241840ffcc3c24df2c43383b9898535b464bb186b65264c69349d142426e6,34edb42869c816da,data/evaluation/robustness_v1/rob_hf_hi_en_b_00902__opus.wav
rob_hf_hi_en_b_00902__telephone,hf_hi_en_b_00902,fake,Hinglish,lingamvamshikrishnareddy_octopus_tts_hinglish,Azure_Edge_Neural_TTS,test,telephone,4.8,WAV/PCM_16,94dcb6430ecad489f5775fd6557ec4ff6e6ce02979b41235b205fbfae13e8e81,34edb42869c816da,data/evaluation/robustness_v1/rob_hf_hi_en_b_00902__telephone.wav
rob_hf_hi_en_b_00902__lowpass,hf_hi_en_b_00902,fake,Hinglish,lingamvamshikrishnareddy_octopus_tts_hinglish,Azure_Edge_Neural_TTS,test,lowpass,4.8,WAV/PCM_16,9c498072b670c0a5fdb4eb3b71133c9fd2f45cf74ccf3d56a31ef28c4f4df9fa,34edb42869c816da,data/evaluation/robustness_v1/rob_hf_hi_en_b_00902__lowpass.wav
rob_hf_hi_en_b_00902__multi_codec,hf_hi_en_b_00902,fake,Hinglish,lingamvamshikrishnareddy_octopus_tts_hinglish,Azure_Edge_Neural_TTS,test,multi_codec,4.8,WAV/PCM_16,f21cf7242e8e4b143e5908ce36966a18000b9ceec6ff2743585587eefe1aabf3,34edb42869c816da,data/evaluation/robustness_v1/rob_hf_hi_en_b_00902__multi_codec.wav
rob_hf_hi_en_b_00944__mp3,hf_hi_en_b_00944,fake,Hinglish,lingamvamshikrishnareddy_octopus_tts_hinglish,Azure_Edge_Neural_TTS,test,mp3,4.704,WAV/PCM_16,f49671062d8ebb4d715abc470d384147a2c617675fc92d58d6980c7351740b48,0674c27531500794,data/evaluation/robustness_v1/rob_hf_hi_en_b_00944__mp3.wav
rob_hf_hi_en_b_00944__opus,hf_hi_en_b_00944,fake,Hinglish,lingamvamshikrishnareddy_octopus_tts_hinglish,Azure_Edge_Neural_TTS,test,opus,4.704,WAV/PCM_16,a1800cc3782c2bb3fc6aef9f2bb50ef38f98fa60f20e0a2d0198642147aec380,0674c27531500794,data/evaluation/robustness_v1/rob_hf_hi_en_b_00944__opus.wav
rob_hf_hi_en_b_00944__telephone,hf_hi_en_b_00944,fake,Hinglish,lingamvamshikrishnareddy_octopus_tts_hinglish,Azure_Edge_Neural_TTS,test,telephone,4.704,WAV/PCM_16,2552cc59656b1157cafea5eb113209b3602292c0573bdf40523a2e2186018dfb,0674c27531500794,data/evaluation/robustness_v1/rob_hf_hi_en_b_00944__telephone.wav
rob_hf_hi_en_b_00944__lowpass,hf_hi_en_b_00944,fake,Hinglish,lingamvamshikrishnareddy_octopus_tts_hinglish,Azure_Edge_Neural_TTS,test,lowpass,4.704,WAV/PCM_16,011dc385748694f1893ac10c8cf962dccafc674fbb9ab4cc13964f14b79d455d,0674c27531500794,data/evaluation/robustness_v1/rob_hf_hi_en_b_00944__lowpass.wav
rob_hf_hi_en_b_00944__multi_codec,hf_hi_en_b_00944,fake,Hinglish,lingamvamshikrishnareddy_octopus_tts_hinglish,Azure_Edge_Neural_TTS,test,multi_codec,4.704,WAV/PCM_16,33ec8d87ee4e2cdf8f62e4b33839890df98186efc8d30155d351c023445072d2,0674c27531500794,data/evaluation/robustness_v1/rob_hf_hi_en_b_00944__multi_codec.wav
rob_hf_hi_en_b_00954__mp3,hf_hi_en_b_00954,fake,Hinglish,lingamvamshikrishnareddy_octopus_tts_hinglish,Azure_Edge_Neural_TTS,test,mp3,5.208,WAV/PCM_16,6bbf47faee7d3ddd6ccc20a2f6f2abc74e5c4f437315e87f3acf5b1f04a3d2d0,3b1bc95dc0ead803,data/evaluation/robustness_v1/rob_hf_hi_en_b_00954__mp3.wav
rob_hf_hi_en_b_00954__opus,hf_hi_en_b_00954,fake,Hinglish,lingamvamshikrishnareddy_octopus_tts_hinglish,Azure_Edge_Neural_TTS,test,opus,5.208,WAV/PCM_16,be899a765ab65f69fde123ed8ba3aa8659b83013233f771aeee40aeecf133a77,3b1bc95dc0ead803,data/evaluation/robustness_v1/rob_hf_hi_en_b_00954__opus.wav
rob_hf_hi_en_b_00954__telephone,hf_hi_en_b_00954,fake,Hinglish,lingamvamshikrishnareddy_octopus_tts_hinglish,Azure_Edge_Neural_TTS,test,telephone,5.208,WAV/PCM_16,b3b3e1110353bcb3e06c5573dbd9c42b758c1dbf60143b326f28dbb29b5df87c,3b1bc95dc0ead803,data/evaluation/robustness_v1/rob_hf_hi_en_b_00954__telephone.wav
rob_hf_hi_en_b_00954__lowpass,hf_hi_en_b_00954,fake,Hinglish,lingamvamshikrishnareddy_octopus_tts_hinglish,Azure_Edge_Neural_TTS,test,lowpass,5.208,WAV/PCM_16,22d928e820345bcf584ce25b66a07ac4a6aa5b94c80583aeb19a04a7ee1b648f,3b1bc95dc0ead803,data/evaluation/robustness_v1/rob_hf_hi_en_b_00954__lowpass.wav
rob_hf_hi_en_b_00954__multi_codec,hf_hi_en_b_00954,fake,Hinglish,lingamvamshikrishnareddy_octopus_tts_hinglish,Azure_Edge_Neural_TTS,test,multi_codec,5.208,WAV/PCM_16,500f67cc8789f320d9555f03bdcf58870dae1a0d74177b254b4b3ebb40dc94c9,3b1bc95dc0ead803,data/evaluation/robustness_v1/rob_hf_hi_en_b_00954__multi_codec.wav
rob_hf_hi_en_b_00959__mp3,hf_hi_en_b_00959,fake,Hinglish,lingamvamshikrishnareddy_octopus_tts_hinglish,Azure_Edge_Neural_TTS,test,mp3,5.808,WAV/PCM_16,47fe7cd4b8df5016e6b883baa960a112a6139de6f7762332eb7e2b71686e2868,d8279dec4f0a96f1,data/evaluation/robustness_v1/rob_hf_hi_en_b_00959__mp3.wav
rob_hf_hi_en_b_00959__opus,hf_hi_en_b_00959,fake,Hinglish,lingamvamshikrishnareddy_octopus_tts_hinglish,Azure_Edge_Neural_TTS,test,opus,5.808,WAV/PCM_16,020fe899522bccffa755b6b613afef3b0e625e77eab96f6bb825f5510235473e,d8279dec4f0a96f1,data/evaluation/robustness_v1/rob_hf_hi_en_b_00959__opus.wav
rob_hf_hi_en_b_00959__telephone,hf_hi_en_b_00959,fake,Hinglish,lingamvamshikrishnareddy_octopus_tts_hinglish,Azure_Edge_Neural_TTS,test,telephone,5.808,WAV/PCM_16,531573b485afed2ff4a794f9c06726d5f04a91bc478fbb58fe78b38056a7a0c0,d8279dec4f0a96f1,data/evaluation/robustness_v1/rob_hf_hi_en_b_00959__telephone.wav
rob_hf_hi_en_b_00959__lowpass,hf_hi_en_b_00959,fake,Hinglish,lingamvamshikrishnareddy_octopus_tts_hinglish,Azure_Edge_Neural_TTS,test,lowpass,5.808,WAV/PCM_16,f34bd325f3dee95d9fc2b457d47e3682ded2a4a4ee144247523f38eaf8af0c0b,d8279dec4f0a96f1,data/evaluation/robustness_v1/rob_hf_hi_en_b_00959__lowpass.wav
rob_hf_hi_en_b_00959__multi_codec,hf_hi_en_b_00959,fake,Hinglish,lingamvamshikrishnareddy_octopus_tts_hinglish,Azure_Edge_Neural_TTS,test,multi_codec,5.808,WAV/PCM_16,4f526c15cd453991b89eb08e100b4d98bae4b73ba0d8cfb1236f27d8d5532a6f,d8279dec4f0a96f1,data/evaluation/robustness_v1/rob_hf_hi_en_b_00959__multi_codec.wav
rob_hf_hi_en_b_00993__mp3,hf_hi_en_b_00993,fake,Hinglish,lingamvamshikrishnareddy_octopus_tts_hinglish,Azure_Edge_Neural_TTS,test,mp3,4.416,WAV/PCM_16,a8c48ba0d7009f7b8c28d89437f38b8ad918a98c83682750b6103f207aecfb5f,dce70ab314b2f33b,data/evaluation/robustness_v1/rob_hf_hi_en_b_00993__mp3.wav
rob_hf_hi_en_b_00993__opus,hf_hi_en_b_00993,fake,Hinglish,lingamvamshikrishnareddy_octopus_tts_hinglish,Azure_Edge_Neural_TTS,test,opus,4.416,WAV/PCM_16,e63db7dcb5297a6c7ca1ec60aff566dafa8d09f504a9750a55509a71522d3d1c,dce70ab314b2f33b,data/evaluation/robustness_v1/rob_hf_hi_en_b_00993__opus.wav
rob_hf_hi_en_b_00993__telephone,hf_hi_en_b_00993,fake,Hinglish,lingamvamshikrishnareddy_octopus_tts_hinglish,Azure_Edge_Neural_TTS,test,telephone,4.416,WAV/PCM_16,fab8ef30f66acf77ce120594166ab6398f233f54051567b9d3bc8cab100b5507,dce70ab314b2f33b,data/evaluation/robustness_v1/rob_hf_hi_en_b_00993__telephone.wav
rob_hf_hi_en_b_00993__lowpass,hf_hi_en_b_00993,fake,Hinglish,lingamvamshikrishnareddy_octopus_tts_hinglish,Azure_Edge_Neural_TTS,test,lowpass,4.416,WAV/PCM_16,6c2761f069d16b7e17c1af43222b55ef282edaa402885549cb4b3eb4a1c250cf,dce70ab314b2f33b,data/evaluation/robustness_v1/rob_hf_hi_en_b_00993__lowpass.wav
rob_hf_hi_en_b_00993__multi_codec,hf_hi_en_b_00993,fake,Hinglish,lingamvamshikrishnareddy_octopus_tts_hinglish,Azure_Edge_Neural_TTS,test,multi_codec,4.416,WAV/PCM_16,df3a50b7bcfc23df2809be583ba71fa6caabe6b0c96fc068fe38903206a2ae8f,dce70ab314b2f33b,data/evaluation/robustness_v1/rob_hf_hi_en_b_00993__multi_codec.wav
rob_hf_hi_en_b_01077__mp3,hf_hi_en_b_01077,fake,Hinglish,lingamvamshikrishnareddy_octopus_tts_hinglish,Azure_Edge_Neural_TTS,test,mp3,5.016,WAV/PCM_16,fc1f4420f4e2acbeccd203e1545f765d102147dcd9b15cbc29817fe62a837af1,7485f6ef7590ece6,data/evaluation/robustness_v1/rob_hf_hi_en_b_01077__mp3.wav
rob_hf_hi_en_b_01077__opus,hf_hi_en_b_01077,fake,Hinglish,lingamvamshikrishnareddy_octopus_tts_hinglish,Azure_Edge_Neural_TTS,test,opus,5.016,WAV/PCM_16,b55369bb17a72460d4928f8641760b91392298f91089461f8c16f434c6acd865,7485f6ef7590ece6,data/evaluation/robustness_v1/rob_hf_hi_en_b_01077__opus.wav
rob_hf_hi_en_b_01077__telephone,hf_hi_en_b_01077,fake,Hinglish,lingamvamshikrishnareddy_octopus_tts_hinglish,Azure_Edge_Neural_TTS,test,telephone,5.016,WAV/PCM_16,8ff55614f2b64eb39b0b3db37d45cd3c4e0499c2cb9c71c1a13906a416a16f14,7485f6ef7590ece6,data/evaluation/robustness_v1/rob_hf_hi_en_b_01077__telephone.wav
rob_hf_hi_en_b_01077__lowpass,hf_hi_en_b_01077,fake,Hinglish,lingamvamshikrishnareddy_octopus_tts_hinglish,Azure_Edge_Neural_TTS,test,lowpass,5.016,WAV/PCM_16,5121909e50819df0291872bcee001deff481b313a41d67189482e6a7ea60177e,7485f6ef7590ece6,data/evaluation/robustness_v1/rob_hf_hi_en_b_01077__lowpass.wav
rob_hf_hi_en_b_01077__multi_codec,hf_hi_en_b_01077,fake,Hinglish,lingamvamshikrishnareddy_octopus_tts_hinglish,Azure_Edge_Neural_TTS,test,multi_codec,5.016,WAV/PCM_16,af0deed17019668dbce27e3c30b379b3be3d5fc89563e521c1e2547e6b2730c8,7485f6ef7590ece6,data/evaluation/robustness_v1/rob_hf_hi_en_b_01077__multi_codec.wav
rob_hf_hi_en_b_01098__mp3,hf_hi_en_b_01098,fake,Hinglish,lingamvamshikrishnareddy_octopus_tts_hinglish,Azure_Edge_Neural_TTS,test,mp3,5.016,WAV/PCM_16,01b9e95670247ae2c78ff3ce0ee9a9cb1c70ba0e0db56c4d85ce08ed8a216fdd,81a436675a6de045,data/evaluation/robustness_v1/rob_hf_hi_en_b_01098__mp3.wav
rob_hf_hi_en_b_01098__opus,hf_hi_en_b_01098,fake,Hinglish,lingamvamshikrishnareddy_octopus_tts_hinglish,Azure_Edge_Neural_TTS,test,opus,5.016,WAV/PCM_16,23cddf44c4872ee352500067a385c0aeb268829bc133e7f1bb18c94375f45462,81a436675a6de045,data/evaluation/robustness_v1/rob_hf_hi_en_b_01098__opus.wav
rob_hf_hi_en_b_01098__telephone,hf_hi_en_b_01098,fake,Hinglish,lingamvamshikrishnareddy_octopus_tts_hinglish,Azure_Edge_Neural_TTS,test,telephone,5.016,WAV/PCM_16,412835b2dbe590a0bc76ce47163b75ffc983c58df12765d3a50091b79f2e4929,81a436675a6de045,data/evaluation/robustness_v1/rob_hf_hi_en_b_01098__telephone.wav
rob_hf_hi_en_b_01098__lowpass,hf_hi_en_b_01098,fake,Hinglish,lingamvamshikrishnareddy_octopus_tts_hinglish,Azure_Edge_Neural_TTS,test,lowpass,5.016,WAV/PCM_16,57910a06728220f4a1476ca44bcfc3591389758b0efce57e66a365c367d1bb82,81a436675a6de045,data/evaluation/robustness_v1/rob_hf_hi_en_b_01098__lowpass.wav
rob_hf_hi_en_b_01098__multi_codec,hf_hi_en_b_01098,fake,Hinglish,lingamvamshikrishnareddy_octopus_tts_hinglish,Azure_Edge_Neural_TTS,test,multi_codec,5.016,WAV/PCM_16,16489c9bafb36e309d5c578896e623e9a2dd2f53bff014784135744bb990d2c6,81a436675a6de045,data/evaluation/robustness_v1/rob_hf_hi_en_b_01098__multi_codec.wav
rob_hf_hi_en_b_01162__mp3,hf_hi_en_b_01162,fake,Hinglish,lingamvamshikrishnareddy_octopus_tts_hinglish,Azure_Edge_Neural_TTS,test,mp3,5.664,WAV/PCM_16,f39dbde8914afdcb222ef2474c772ad0727c56456b70cad4918351a566d9c87f,938a544ba95c9ddf,data/evaluation/robustness_v1/rob_hf_hi_en_b_01162__mp3.wav
rob_hf_hi_en_b_01162__opus,hf_hi_en_b_01162,fake,Hinglish,lingamvamshikrishnareddy_octopus_tts_hinglish,Azure_Edge_Neural_TTS,test,opus,5.664,WAV/PCM_16,c1fd238dcdf734a69aa354389afd0e0d97488a2582dfa3146c91207b6d82a5de,938a544ba95c9ddf,data/evaluation/robustness_v1/rob_hf_hi_en_b_01162__opus.wav
rob_hf_hi_en_b_01162__telephone,hf_hi_en_b_01162,fake,Hinglish,lingamvamshikrishnareddy_octopus_tts_hinglish,Azure_Edge_Neural_TTS,test,telephone,5.664,WAV/PCM_16,459bc9ae7bfe257be7154e877d7fa8206f71715e3e2ebaa075364e70c41e3f4e,938a544ba95c9ddf,data/evaluation/robustness_v1/rob_hf_hi_en_b_01162__telephone.wav
rob_hf_hi_en_b_01162__lowpass,hf_hi_en_b_01162,fake,Hinglish,lingamvamshikrishnareddy_octopus_tts_hinglish,Azure_Edge_Neural_TTS,test,lowpass,5.664,WAV/PCM_16,0aa8666987cb9d1bcd1d04fb96f475dd3b7b6f3597e1a509a9599668799d7738,938a544ba95c9ddf,data/evaluation/robustness_v1/rob_hf_hi_en_b_01162__lowpass.wav
rob_hf_hi_en_b_01162__multi_codec,hf_hi_en_b_01162,fake,Hinglish,lingamvamshikrishnareddy_octopus_tts_hinglish,Azure_Edge_Neural_TTS,test,multi_codec,5.664,WAV/PCM_16,7ed3e16703574540d6656492e1ffd86ac808a228ea7ae318397d5e1775944ddb,938a544ba95c9ddf,data/evaluation/robustness_v1/rob_hf_hi_en_b_01162__multi_codec.wav
rob_hf_hi_en_b_01218__mp3,hf_hi_en_b_01218,fake,Hinglish,lingamvamshikrishnareddy_octopus_tts_hinglish,Azure_Edge_Neural_TTS,test,mp3,4.32,WAV/PCM_16,c2db3933208da4df0dc2a4cf6e7aaa9847a3bbd8003d117c6a265bcc649eed26,684eb1476dc9602d,data/evaluation/robustness_v1/rob_hf_hi_en_b_01218__mp3.wav
rob_hf_hi_en_b_01218__opus,hf_hi_en_b_01218,fake,Hinglish,lingamvamshikrishnareddy_octopus_tts_hinglish,Azure_Edge_Neural_TTS,test,opus,4.32,WAV/PCM_16,48e578b0b6071ffeed29a6e081b15980b26fc26d2ab311a5b711c80e2f52e9bc,684eb1476dc9602d,data/evaluation/robustness_v1/rob_hf_hi_en_b_01218__opus.wav
rob_hf_hi_en_b_01218__telephone,hf_hi_en_b_01218,fake,Hinglish,lingamvamshikrishnareddy_octopus_tts_hinglish,Azure_Edge_Neural_TTS,test,telephone,4.32,WAV/PCM_16,fc4ebe9d20747857080b5e610360179c3ad6a910984d72fcfc868971862de6cd,684eb1476dc9602d,data/evaluation/robustness_v1/rob_hf_hi_en_b_01218__telephone.wav
rob_hf_hi_en_b_01218__lowpass,hf_hi_en_b_01218,fake,Hinglish,lingamvamshikrishnareddy_octopus_tts_hinglish,Azure_Edge_Neural_TTS,test,lowpass,4.32,WAV/PCM_16,dcfa60e922e81da24391c6ebb9c80eb87a82ca99dad14dd3cbaa503d3e3791b4,684eb1476dc9602d,data/evaluation/robustness_v1/rob_hf_hi_en_b_01218__lowpass.wav
rob_hf_hi_en_b_01218__multi_codec,hf_hi_en_b_01218,fake,Hinglish,lingamvamshikrishnareddy_octopus_tts_hinglish,Azure_Edge_Neural_TTS,test,multi_codec,4.32,WAV/PCM_16,adc582f402c7078484bf2fd446f2743656fa6472f3ec0bfe040f264c60376482,684eb1476dc9602d,data/evaluation/robustness_v1/rob_hf_hi_en_b_01218__multi_codec.wav
rob_hf_hi_en_b_01261__mp3,hf_hi_en_b_01261,fake,Hinglish,lingamvamshikrishnareddy_octopus_tts_hinglish,Azure_Edge_Neural_TTS,test,mp3,3.912,WAV/PCM_16,3ab09a3ed6b42ec34606f67a8a5e8e1194774e088d85f9301151367b3347e9b7,30eced18bffec023,data/evaluation/robustness_v1/rob_hf_hi_en_b_01261__mp3.wav
rob_hf_hi_en_b_01261__opus,hf_hi_en_b_01261,fake,Hinglish,lingamvamshikrishnareddy_octopus_tts_hinglish,Azure_Edge_Neural_TTS,test,opus,3.912,WAV/PCM_16,4a20f241863d54969acc67a02bb87f29e121a63ea9497c99366944d415558115,30eced18bffec023,data/evaluation/robustness_v1/rob_hf_hi_en_b_01261__opus.wav
rob_hf_hi_en_b_01261__telephone,hf_hi_en_b_01261,fake,Hinglish,lingamvamshikrishnareddy_octopus_tts_hinglish,Azure_Edge_Neural_TTS,test,telephone,3.912,WAV/PCM_16,360e6bb0c1f604b073bd7c5ab6551676cd3eef98158cb58699b798af74a41787,30eced18bffec023,data/evaluation/robustness_v1/rob_hf_hi_en_b_01261__telephone.wav
rob_hf_hi_en_b_01261__lowpass,hf_hi_en_b_01261,fake,Hinglish,lingamvamshikrishnareddy_octopus_tts_hinglish,Azure_Edge_Neural_TTS,test,lowpass,3.912,WAV/PCM_16,16e1ca85bb438c6ac63350c49aa5aae937d86c5404ae9e32394c05a8816af23b,30eced18bffec023,data/evaluation/robustness_v1/rob_hf_hi_en_b_01261__lowpass.wav
rob_hf_hi_en_b_01261__multi_codec,hf_hi_en_b_01261,fake,Hinglish,lingamvamshikrishnareddy_octopus_tts_hinglish,Azure_Edge_Neural_TTS,test,multi_codec,3.912,WAV/PCM_16,6a2c2db70dbeaad4f44873058f6b4c6cc26c0c93bdd487615f296becc153773a,30eced18bffec023,data/evaluation/robustness_v1/rob_hf_hi_en_b_01261__multi_codec.wav
rob_hf_hi_en_b_01351__mp3,hf_hi_en_b_01351,fake,Hinglish,lingamvamshikrishnareddy_octopus_tts_hinglish,Azure_Edge_Neural_TTS,test,mp3,6.504,WAV/PCM_16,209ae4828f0aba86b697e801d8370287ad915e80ac038ac649b9b9aab0f283c8,cf8f341e1618156f,data/evaluation/robustness_v1/rob_hf_hi_en_b_01351__mp3.wav
rob_hf_hi_en_b_01351__opus,hf_hi_en_b_01351,fake,Hinglish,lingamvamshikrishnareddy_octopus_tts_hinglish,Azure_Edge_Neural_TTS,test,opus,6.504,WAV/PCM_16,df7578f30842c15a381bb76afa220b35be041dcf0bb9e3e313a73ba3b7b279c5,cf8f341e1618156f,data/evaluation/robustness_v1/rob_hf_hi_en_b_01351__opus.wav
rob_hf_hi_en_b_01351__telephone,hf_hi_en_b_01351,fake,Hinglish,lingamvamshikrishnareddy_octopus_tts_hinglish,Azure_Edge_Neural_TTS,test,telephone,6.504,WAV/PCM_16,69d1872e33305f72beb8b7769efd8af2fe07122d00a9e99184ccb587af94962f,cf8f341e1618156f,data/evaluation/robustness_v1/rob_hf_hi_en_b_01351__telephone.wav
rob_hf_hi_en_b_01351__lowpass,hf_hi_en_b_01351,fake,Hinglish,lingamvamshikrishnareddy_octopus_tts_hinglish,Azure_Edge_Neural_TTS,test,lowpass,6.504,WAV/PCM_16,f686324d7e36327e8062c037ecd64c1d640387e89d7c45dc10ff1ff3bf566d2b,cf8f341e1618156f,data/evaluation/robustness_v1/rob_hf_hi_en_b_01351__lowpass.wav
rob_hf_hi_en_b_01351__multi_codec,hf_hi_en_b_01351,fake,Hinglish,lingamvamshikrishnareddy_octopus_tts_hinglish,Azure_Edge_Neural_TTS,test,multi_codec,6.504,WAV/PCM_16,1d153cec05db5d7e19ecbf9df79bb80af41073c101e9a7224e1bb49462304780,cf8f341e1618156f,data/evaluation/robustness_v1/rob_hf_hi_en_b_01351__multi_codec.wav
rob_hf_hi_en_b_01413__mp3,hf_hi_en_b_01413,fake,Hinglish,lingamvamshikrishnareddy_octopus_tts_hinglish,Azure_Edge_Neural_TTS,test,mp3,5.424,WAV/PCM_16,8c3441992b8095503cca2453a82f45280cd78d77b60d57d0ab5f4f8d8df28d63,0f268b5f771417c3,data/evaluation/robustness_v1/rob_hf_hi_en_b_01413__mp3.wav
rob_hf_hi_en_b_01413__opus,hf_hi_en_b_01413,fake,Hinglish,lingamvamshikrishnareddy_octopus_tts_hinglish,Azure_Edge_Neural_TTS,test,opus,5.424,WAV/PCM_16,03d2de5d18cce3570772450d27b0ad452d01383fb345812095edcbc9c80973d5,0f268b5f771417c3,data/evaluation/robustness_v1/rob_hf_hi_en_b_01413__opus.wav
rob_hf_hi_en_b_01413__telephone,hf_hi_en_b_01413,fake,Hinglish,lingamvamshikrishnareddy_octopus_tts_hinglish,Azure_Edge_Neural_TTS,test,telephone,5.424,WAV/PCM_16,c3796374b9796da478e3621560785c45ec6598322943293675135f8da9242fc9,0f268b5f771417c3,data/evaluation/robustness_v1/rob_hf_hi_en_b_01413__telephone.wav
rob_hf_hi_en_b_01413__lowpass,hf_hi_en_b_01413,fake,Hinglish,lingamvamshikrishnareddy_octopus_tts_hinglish,Azure_Edge_Neural_TTS,test,lowpass,5.424,WAV/PCM_16,e220124cb3579eccafa6b8d2c012144b2513aebf7861bba0b0396389afd3e9e2,0f268b5f771417c3,data/evaluation/robustness_v1/rob_hf_hi_en_b_01413__lowpass.wav
rob_hf_hi_en_b_01413__multi_codec,hf_hi_en_b_01413,fake,Hinglish,lingamvamshikrishnareddy_octopus_tts_hinglish,Azure_Edge_Neural_TTS,test,multi_codec,5.424,WAV/PCM_16,fca0780814616325813fd88486c5f55aaee352de744d8cd9ef70e31bc19b0be5,0f268b5f771417c3,data/evaluation/robustness_v1/rob_hf_hi_en_b_01413__multi_codec.wav
rob_hf_hi_en_b_01515__mp3,hf_hi_en_b_01515,fake,Hinglish,lingamvamshikrishnareddy_octopus_tts_hinglish,Azure_Edge_Neural_TTS,test,mp3,6.024,WAV/PCM_16,448d9582fe00e5a3cdcbec8fc7ecb36c3a2b5a5e056124db1612d766347aeaa5,c8f8eb411c984cc6,data/evaluation/robustness_v1/rob_hf_hi_en_b_01515__mp3.wav
rob_hf_hi_en_b_01515__opus,hf_hi_en_b_01515,fake,Hinglish,lingamvamshikrishnareddy_octopus_tts_hinglish,Azure_Edge_Neural_TTS,test,opus,6.024,WAV/PCM_16,60072e691b4ebd470f5c186ca87e2ef53ee75fe8dd84eb9d47ffa91dc68b2c74,c8f8eb411c984cc6,data/evaluation/robustness_v1/rob_hf_hi_en_b_01515__opus.wav
rob_hf_hi_en_b_01515__telephone,hf_hi_en_b_01515,fake,Hinglish,lingamvamshikrishnareddy_octopus_tts_hinglish,Azure_Edge_Neural_TTS,test,telephone,6.024,WAV/PCM_16,eb2db1a39ac5f76675abfabd912e4649cc16ac0b79bf709cfaa4f88d9076f767,c8f8eb411c984cc6,data/evaluation/robustness_v1/rob_hf_hi_en_b_01515__telephone.wav
rob_hf_hi_en_b_01515__lowpass,hf_hi_en_b_01515,fake,Hinglish,lingamvamshikrishnareddy_octopus_tts_hinglish,Azure_Edge_Neural_TTS,test,lowpass,6.024,WAV/PCM_16,3b85e5e44d7cf77778a5503a622e200ff76a639ab36be3dcbec370bbdf2de316,c8f8eb411c984cc6,data/evaluation/robustness_v1/rob_hf_hi_en_b_01515__lowpass.wav
rob_hf_hi_en_b_01515__multi_codec,hf_hi_en_b_01515,fake,Hinglish,lingamvamshikrishnareddy_octopus_tts_hinglish,Azure_Edge_Neural_TTS,test,multi_codec,6.024,WAV/PCM_16,f164621bb1f80be90809d98cf0c127cd7a3713787d1fa31566105758b9b8ec0a,c8f8eb411c984cc6,data/evaluation/robustness_v1/rob_hf_hi_en_b_01515__multi_codec.wav
rob_hf_hi_en_b_01534__mp3,hf_hi_en_b_01534,fake,Hinglish,lingamvamshikrishnareddy_octopus_tts_hinglish,Azure_Edge_Neural_TTS,test,mp3,5.184,WAV/PCM_16,87db1f679bb174e32e69eec8b695dc12deff06d5ac315a9909104e9ec1f11dc8,64a0490e6204aa5e,data/evaluation/robustness_v1/rob_hf_hi_en_b_01534__mp3.wav
rob_hf_hi_en_b_01534__opus,hf_hi_en_b_01534,fake,Hinglish,lingamvamshikrishnareddy_octopus_tts_hinglish,Azure_Edge_Neural_TTS,test,opus,5.184,WAV/PCM_16,c2a8d919d5834126581df03d4784e3bf6a944e9131dc9f74894c8c1df0ddd38f,64a0490e6204aa5e,data/evaluation/robustness_v1/rob_hf_hi_en_b_01534__opus.wav
rob_hf_hi_en_b_01534__telephone,hf_hi_en_b_01534,fake,Hinglish,lingamvamshikrishnareddy_octopus_tts_hinglish,Azure_Edge_Neural_TTS,test,telephone,5.184,WAV/PCM_16,cb6c9aed71328cb0874a137b906c08591d86c0c9f5a0e787373871bd0e9d582b,64a0490e6204aa5e,data/evaluation/robustness_v1/rob_hf_hi_en_b_01534__telephone.wav
rob_hf_hi_en_b_01534__lowpass,hf_hi_en_b_01534,fake,Hinglish,lingamvamshikrishnareddy_octopus_tts_hinglish,Azure_Edge_Neural_TTS,test,lowpass,5.184,WAV/PCM_16,09210f6585ffd1d42f82f489a3f3f879c5ac3a075907cd64019ac1c1d2d7adc7,64a0490e6204aa5e,data/evaluation/robustness_v1/rob_hf_hi_en_b_01534__lowpass.wav
rob_hf_hi_en_b_01534__multi_codec,hf_hi_en_b_01534,fake,Hinglish,lingamvamshikrishnareddy_octopus_tts_hinglish,Azure_Edge_Neural_TTS,test,multi_codec,5.184,WAV/PCM_16,402720a51c73765118cd9b40df593e7dc462f148b6a803ef777548b9ed2c3757,64a0490e6204aa5e,data/evaluation/robustness_v1/rob_hf_hi_en_b_01534__multi_codec.wav
rob_hf_hi_en_b_01583__mp3,hf_hi_en_b_01583,fake,Hinglish,lingamvamshikrishnareddy_octopus_tts_hinglish,Azure_Edge_Neural_TTS,test,mp3,3.864,WAV/PCM_16,764fc93e57645f1a534d48125cb83b2dfcf0daa50be6bb86490b11f5055d317d,b40df4b38a925962,data/evaluation/robustness_v1/rob_hf_hi_en_b_01583__mp3.wav
rob_hf_hi_en_b_01583__opus,hf_hi_en_b_01583,fake,Hinglish,lingamvamshikrishnareddy_octopus_tts_hinglish,Azure_Edge_Neural_TTS,test,opus,3.864,WAV/PCM_16,31a827d80aba6bbb6568baceec045f2d4f6944abeeded396f0e8d0e8235ffc72,b40df4b38a925962,data/evaluation/robustness_v1/rob_hf_hi_en_b_01583__opus.wav
rob_hf_hi_en_b_01583__telephone,hf_hi_en_b_01583,fake,Hinglish,lingamvamshikrishnareddy_octopus_tts_hinglish,Azure_Edge_Neural_TTS,test,telephone,3.864,WAV/PCM_16,1125f29116f08438ca98f523ee9cefd6181dd568b0c8cfcd22fb8ae3b23afb29,b40df4b38a925962,data/evaluation/robustness_v1/rob_hf_hi_en_b_01583__telephone.wav
rob_hf_hi_en_b_01583__lowpass,hf_hi_en_b_01583,fake,Hinglish,lingamvamshikrishnareddy_octopus_tts_hinglish,Azure_Edge_Neural_TTS,test,lowpass,3.864,WAV/PCM_16,92237d25bc3e7e5288733ae8e96bc7230fb9d539964d3bddbb0e6b4d31bcea1f,b40df4b38a925962,data/evaluation/robustness_v1/rob_hf_hi_en_b_01583__lowpass.wav
rob_hf_hi_en_b_01583__multi_codec,hf_hi_en_b_01583,fake,Hinglish,lingamvamshikrishnareddy_octopus_tts_hinglish,Azure_Edge_Neural_TTS,test,multi_codec,3.864,WAV/PCM_16,902abcbcb471136bd6808242b5873f063caa474e35fd037be1f179e15a9a41c3,b40df4b38a925962,data/evaluation/robustness_v1/rob_hf_hi_en_b_01583__multi_codec.wav
rob_hf_hi_en_b_01589__mp3,hf_hi_en_b_01589,fake,Hinglish,lingamvamshikrishnareddy_octopus_tts_hinglish,Azure_Edge_Neural_TTS,test,mp3,6.312,WAV/PCM_16,e79107002789a1a1dad16178276be87c35816d6ab950b40e1a7a379bfcb39d76,8de8c9055bae47ec,data/evaluation/robustness_v1/rob_hf_hi_en_b_01589__mp3.wav
rob_hf_hi_en_b_01589__opus,hf_hi_en_b_01589,fake,Hinglish,lingamvamshikrishnareddy_octopus_tts_hinglish,Azure_Edge_Neural_TTS,test,opus,6.312,WAV/PCM_16,405994047e5b87c17665825d698e69b3b4b1cd848bca5b4dff6a39f24100cbf9,8de8c9055bae47ec,data/evaluation/robustness_v1/rob_hf_hi_en_b_01589__opus.wav
rob_hf_hi_en_b_01589__telephone,hf_hi_en_b_01589,fake,Hinglish,lingamvamshikrishnareddy_octopus_tts_hinglish,Azure_Edge_Neural_TTS,test,telephone,6.312,WAV/PCM_16,31816cddc2b9e9ecdf2f1721cceb6e894be5679cf54d5386f6dee43a0464848c,8de8c9055bae47ec,data/evaluation/robustness_v1/rob_hf_hi_en_b_01589__telephone.wav
rob_hf_hi_en_b_01589__lowpass,hf_hi_en_b_01589,fake,Hinglish,lingamvamshikrishnareddy_octopus_tts_hinglish,Azure_Edge_Neural_TTS,test,lowpass,6.312,WAV/PCM_16,1746399829fbbc98807e4ba291cfb8e6851a1c54edc3cdb4e0a2b6716ce90145,8de8c9055bae47ec,data/evaluation/robustness_v1/rob_hf_hi_en_b_01589__lowpass.wav
rob_hf_hi_en_b_01589__multi_codec,hf_hi_en_b_01589,fake,Hinglish,lingamvamshikrishnareddy_octopus_tts_hinglish,Azure_Edge_Neural_TTS,test,multi_codec,6.312,WAV/PCM_16,c6daa3d0f7d72720ca709b6d409bc8bffa4dd6d1b6cad678fdda6ef5b0f8a286,8de8c9055bae47ec,data/evaluation/robustness_v1/rob_hf_hi_en_b_01589__multi_codec.wav
rob_hf_hi_en_b_01721__mp3,hf_hi_en_b_01721,fake,Hinglish,lingamvamshikrishnareddy_octopus_tts_hinglish,Azure_Edge_Neural_TTS,test,mp3,4.392,WAV/PCM_16,b9f8f490ea413089eb4e5cde69fd1858daed4df46a8ac53d67345a3d1038bdeb,168b09b267b69f23,data/evaluation/robustness_v1/rob_hf_hi_en_b_01721__mp3.wav
rob_hf_hi_en_b_01721__opus,hf_hi_en_b_01721,fake,Hinglish,lingamvamshikrishnareddy_octopus_tts_hinglish,Azure_Edge_Neural_TTS,test,opus,4.392,WAV/PCM_16,29e299f662784c832d909e47c63e1414d015538fd52ec3cf644b31d3e5f45f52,168b09b267b69f23,data/evaluation/robustness_v1/rob_hf_hi_en_b_01721__opus.wav
rob_hf_hi_en_b_01721__telephone,hf_hi_en_b_01721,fake,Hinglish,lingamvamshikrishnareddy_octopus_tts_hinglish,Azure_Edge_Neural_TTS,test,telephone,4.392,WAV/PCM_16,2ed5fe0f75d834ecf90b16cd2b6a30ee95c466390f119f579131d8de683791db,168b09b267b69f23,data/evaluation/robustness_v1/rob_hf_hi_en_b_01721__telephone.wav
rob_hf_hi_en_b_01721__lowpass,hf_hi_en_b_01721,fake,Hinglish,lingamvamshikrishnareddy_octopus_tts_hinglish,Azure_Edge_Neural_TTS,test,lowpass,4.392,WAV/PCM_16,a4a47606d83b4a2257221f0cdeaa512592a0a61cce97c61143749c5ac1e26465,168b09b267b69f23,data/evaluation/robustness_v1/rob_hf_hi_en_b_01721__lowpass.wav
rob_hf_hi_en_b_01721__multi_codec,hf_hi_en_b_01721,fake,Hinglish,lingamvamshikrishnareddy_octopus_tts_hinglish,Azure_Edge_Neural_TTS,test,multi_codec,4.392,WAV/PCM_16,3d0c214116a61c1831ef075022f403055aecb4644a32f02eae0ca45b74ed91db,168b09b267b69f23,data/evaluation/robustness_v1/rob_hf_hi_en_b_01721__multi_codec.wav
rob_hf_hi_en_b_01728__mp3,hf_hi_en_b_01728,fake,Hinglish,lingamvamshikrishnareddy_octopus_tts_hinglish,Azure_Edge_Neural_TTS,test,mp3,5.328,WAV/PCM_16,335d36d9aa872cc1f6b5636b2de37e7d2908c4286761ade26e30ececb86befd7,cd2eb6412da7c747,data/evaluation/robustness_v1/rob_hf_hi_en_b_01728__mp3.wav
rob_hf_hi_en_b_01728__opus,hf_hi_en_b_01728,fake,Hinglish,lingamvamshikrishnareddy_octopus_tts_hinglish,Azure_Edge_Neural_TTS,test,opus,5.328,WAV/PCM_16,991ce1ef43e31d6e6bc706246667693611d93d48482e0bed3c33def18e24391d,cd2eb6412da7c747,data/evaluation/robustness_v1/rob_hf_hi_en_b_01728__opus.wav
rob_hf_hi_en_b_01728__telephone,hf_hi_en_b_01728,fake,Hinglish,lingamvamshikrishnareddy_octopus_tts_hinglish,Azure_Edge_Neural_TTS,test,telephone,5.328,WAV/PCM_16,aaf1c11931ad8c8e53b37a4272d8caf6e967469b989e94511726074d02b3cefb,cd2eb6412da7c747,data/evaluation/robustness_v1/rob_hf_hi_en_b_01728__telephone.wav
rob_hf_hi_en_b_01728__lowpass,hf_hi_en_b_01728,fake,Hinglish,lingamvamshikrishnareddy_octopus_tts_hinglish,Azure_Edge_Neural_TTS,test,lowpass,5.328,WAV/PCM_16,73fe4b12dc64c17fcdd5a432766c5ed7bdfcc88c901e85842bc576acb52e52e3,cd2eb6412da7c747,data/evaluation/robustness_v1/rob_hf_hi_en_b_01728__lowpass.wav
rob_hf_hi_en_b_01728__multi_codec,hf_hi_en_b_01728,fake,Hinglish,lingamvamshikrishnareddy_octopus_tts_hinglish,Azure_Edge_Neural_TTS,test,multi_codec,5.328,WAV/PCM_16,9c3d48837a8bc625a4e4ac19e5db67e2874f2813cbce7e183e688467b6fcf96d,cd2eb6412da7c747,data/evaluation/robustness_v1/rob_hf_hi_en_b_01728__multi_codec.wav
rob_hf_hi_en_b_01737__mp3,hf_hi_en_b_01737,fake,Hinglish,lingamvamshikrishnareddy_octopus_tts_hinglish,Azure_Edge_Neural_TTS,test,mp3,6.288,WAV/PCM_16,ac64afac45bf67be8184f482c3df40b5bbc86c863be9dd7bdac81d50d37fac16,b33ec132d1d31993,data/evaluation/robustness_v1/rob_hf_hi_en_b_01737__mp3.wav
rob_hf_hi_en_b_01737__opus,hf_hi_en_b_01737,fake,Hinglish,lingamvamshikrishnareddy_octopus_tts_hinglish,Azure_Edge_Neural_TTS,test,opus,6.288,WAV/PCM_16,4d284f7dfbc47beb14a29c0b394711bcaa5310844a20cc4baedb4f3e0df430ef,b33ec132d1d31993,data/evaluation/robustness_v1/rob_hf_hi_en_b_01737__opus.wav
rob_hf_hi_en_b_01737__telephone,hf_hi_en_b_01737,fake,Hinglish,lingamvamshikrishnareddy_octopus_tts_hinglish,Azure_Edge_Neural_TTS,test,telephone,6.288,WAV/PCM_16,cff870ec180dafa8b3d7cee9a868cdb4430341801bc4028202a4ba2ae41b65c0,b33ec132d1d31993,data/evaluation/robustness_v1/rob_hf_hi_en_b_01737__telephone.wav
rob_hf_hi_en_b_01737__lowpass,hf_hi_en_b_01737,fake,Hinglish,lingamvamshikrishnareddy_octopus_tts_hinglish,Azure_Edge_Neural_TTS,test,lowpass,6.288,WAV/PCM_16,cab4b78cf551c19301933e90952a37c23d5b4b97cd88dcba8402abc74742d91e,b33ec132d1d31993,data/evaluation/robustness_v1/rob_hf_hi_en_b_01737__lowpass.wav
rob_hf_hi_en_b_01737__multi_codec,hf_hi_en_b_01737,fake,Hinglish,lingamvamshikrishnareddy_octopus_tts_hinglish,Azure_Edge_Neural_TTS,test,multi_codec,6.288,WAV/PCM_16,0337c88674757a5d7e480a3b7e1baffb577adbae4c56684cddf36cc437da4717,b33ec132d1d31993,data/evaluation/robustness_v1/rob_hf_hi_en_b_01737__multi_codec.wav
rob_hf_hi_en_b_01784__mp3,hf_hi_en_b_01784,fake,Hinglish,lingamvamshikrishnareddy_octopus_tts_hinglish,Azure_Edge_Neural_TTS,test,mp3,5.88,WAV/PCM_16,e7b0ad000d70790ba79565b9b8a5ace717bc8d629b554a0d12bc968e899ee0ab,c72c13479b081b10,data/evaluation/robustness_v1/rob_hf_hi_en_b_01784__mp3.wav
rob_hf_hi_en_b_01784__opus,hf_hi_en_b_01784,fake,Hinglish,lingamvamshikrishnareddy_octopus_tts_hinglish,Azure_Edge_Neural_TTS,test,opus,5.88,WAV/PCM_16,3771898fa66395641b0a69d1831b1f470eb741226d92f1b65f41d9dc7d592f93,c72c13479b081b10,data/evaluation/robustness_v1/rob_hf_hi_en_b_01784__opus.wav
rob_hf_hi_en_b_01784__telephone,hf_hi_en_b_01784,fake,Hinglish,lingamvamshikrishnareddy_octopus_tts_hinglish,Azure_Edge_Neural_TTS,test,telephone,5.88,WAV/PCM_16,edf9e18e2fb38928a7e5b02795a39f52a414021bfdd5b5782f826149a729dd9f,c72c13479b081b10,data/evaluation/robustness_v1/rob_hf_hi_en_b_01784__telephone.wav
rob_hf_hi_en_b_01784__lowpass,hf_hi_en_b_01784,fake,Hinglish,lingamvamshikrishnareddy_octopus_tts_hinglish,Azure_Edge_Neural_TTS,test,lowpass,5.88,WAV/PCM_16,9d1801a9ba64e672b2d6880ab561c56d47cdc23886f4c3c6f79bd5531dcead8b,c72c13479b081b10,data/evaluation/robustness_v1/rob_hf_hi_en_b_01784__lowpass.wav
rob_hf_hi_en_b_01784__multi_codec,hf_hi_en_b_01784,fake,Hinglish,lingamvamshikrishnareddy_octopus_tts_hinglish,Azure_Edge_Neural_TTS,test,multi_codec,5.88,WAV/PCM_16,c82af92fa67bbc46dfd779e6dc53ca708e36fe6137208bb3242b342e0d29697f,c72c13479b081b10,data/evaluation/robustness_v1/rob_hf_hi_en_b_01784__multi_codec.wav
rob_hf_hi_en_b_01878__mp3,hf_hi_en_b_01878,fake,Hinglish,lingamvamshikrishnareddy_octopus_tts_hinglish,Azure_Edge_Neural_TTS,test,mp3,4.992,WAV/PCM_16,bc7984b10b65848ae6181895d331895b4d27f1ce6b325306bbc3060bb0142fd4,c309e91321c47ee9,data/evaluation/robustness_v1/rob_hf_hi_en_b_01878__mp3.wav
rob_hf_hi_en_b_01878__opus,hf_hi_en_b_01878,fake,Hinglish,lingamvamshikrishnareddy_octopus_tts_hinglish,Azure_Edge_Neural_TTS,test,opus,4.992,WAV/PCM_16,95856cc8788bcf488e30a3595086cc32d2ae68699899f80cef4a44fd7de96204,c309e91321c47ee9,data/evaluation/robustness_v1/rob_hf_hi_en_b_01878__opus.wav
rob_hf_hi_en_b_01878__telephone,hf_hi_en_b_01878,fake,Hinglish,lingamvamshikrishnareddy_octopus_tts_hinglish,Azure_Edge_Neural_TTS,test,telephone,4.992,WAV/PCM_16,46aaf6a58cab7595ab2581b7b8efc6c53b991e137e0240992c1bb0ca7c6c4e94,c309e91321c47ee9,data/evaluation/robustness_v1/rob_hf_hi_en_b_01878__telephone.wav
rob_hf_hi_en_b_01878__lowpass,hf_hi_en_b_01878,fake,Hinglish,lingamvamshikrishnareddy_octopus_tts_hinglish,Azure_Edge_Neural_TTS,test,lowpass,4.992,WAV/PCM_16,6f08762c213de952a9e3301feb2d62099a8ed81e5522beb00dfd79d6fc04f19e,c309e91321c47ee9,data/evaluation/robustness_v1/rob_hf_hi_en_b_01878__lowpass.wav
rob_hf_hi_en_b_01878__multi_codec,hf_hi_en_b_01878,fake,Hinglish,lingamvamshikrishnareddy_octopus_tts_hinglish,Azure_Edge_Neural_TTS,test,multi_codec,4.992,WAV/PCM_16,dcb643894a34014db3d3f0b6ce00254ebea34366b5b4b3bcaff9e7a5bc0a9670,c309e91321c47ee9,data/evaluation/robustness_v1/rob_hf_hi_en_b_01878__multi_codec.wav
rob_hf_hi_en_b_01898__mp3,hf_hi_en_b_01898,fake,Hinglish,lingamvamshikrishnareddy_octopus_tts_hinglish,Azure_Edge_Neural_TTS,test,mp3,4.992,WAV/PCM_16,0ae4f57d8b27153b6bc5249eec8d320e8b9cea04ea410fb479febd0f6a9c0397,02394ff5d8769d27,data/evaluation/robustness_v1/rob_hf_hi_en_b_01898__mp3.wav
rob_hf_hi_en_b_01898__opus,hf_hi_en_b_01898,fake,Hinglish,lingamvamshikrishnareddy_octopus_tts_hinglish,Azure_Edge_Neural_TTS,test,opus,4.992,WAV/PCM_16,04783d6df914030c7f1196462a8fe303a088f2a7a74ebe3dbba279e829323958,02394ff5d8769d27,data/evaluation/robustness_v1/rob_hf_hi_en_b_01898__opus.wav
rob_hf_hi_en_b_01898__telephone,hf_hi_en_b_01898,fake,Hinglish,lingamvamshikrishnareddy_octopus_tts_hinglish,Azure_Edge_Neural_TTS,test,telephone,4.992,WAV/PCM_16,4ca9ddc993f5362222668e4512234e126fa9ff2256e244ae30fd938bf2eafa18,02394ff5d8769d27,data/evaluation/robustness_v1/rob_hf_hi_en_b_01898__telephone.wav
rob_hf_hi_en_b_01898__lowpass,hf_hi_en_b_01898,fake,Hinglish,lingamvamshikrishnareddy_octopus_tts_hinglish,Azure_Edge_Neural_TTS,test,lowpass,4.992,WAV/PCM_16,79538d5ed31305047ca912f4d52feeec66998b349983e09fa70dd8cabdc1465b,02394ff5d8769d27,data/evaluation/robustness_v1/rob_hf_hi_en_b_01898__lowpass.wav
rob_hf_hi_en_b_01898__multi_codec,hf_hi_en_b_01898,fake,Hinglish,lingamvamshikrishnareddy_octopus_tts_hinglish,Azure_Edge_Neural_TTS,test,multi_codec,4.992,WAV/PCM_16,5a85f129604355b915b3145e2ae70792804f2898ce22ade13d5eac3104059f2d,02394ff5d8769d27,data/evaluation/robustness_v1/rob_hf_hi_en_b_01898__multi_codec.wav
rob_hf_hi_en_b_01912__mp3,hf_hi_en_b_01912,fake,Hinglish,lingamvamshikrishnareddy_octopus_tts_hinglish,Azure_Edge_Neural_TTS,test,mp3,5.976,WAV/PCM_16,f4383108f70d94edc71117094afdce432149da65c540dc1c93f72dca8d7478d1,5a0794330cdcbf1b,data/evaluation/robustness_v1/rob_hf_hi_en_b_01912__mp3.wav
rob_hf_hi_en_b_01912__opus,hf_hi_en_b_01912,fake,Hinglish,lingamvamshikrishnareddy_octopus_tts_hinglish,Azure_Edge_Neural_TTS,test,opus,5.976,WAV/PCM_16,ed22dd8a7f5224281aa28cb14489a9af6302342a9bbc340ffd1cd92f06a57d67,5a0794330cdcbf1b,data/evaluation/robustness_v1/rob_hf_hi_en_b_01912__opus.wav
rob_hf_hi_en_b_01912__telephone,hf_hi_en_b_01912,fake,Hinglish,lingamvamshikrishnareddy_octopus_tts_hinglish,Azure_Edge_Neural_TTS,test,telephone,5.976,WAV/PCM_16,34c4dc6131d01a3584b37b1884f3c1cbb61a87cad0d2a4de06eeb941ab6619ed,5a0794330cdcbf1b,data/evaluation/robustness_v1/rob_hf_hi_en_b_01912__telephone.wav
rob_hf_hi_en_b_01912__lowpass,hf_hi_en_b_01912,fake,Hinglish,lingamvamshikrishnareddy_octopus_tts_hinglish,Azure_Edge_Neural_TTS,test,lowpass,5.976,WAV/PCM_16,cf12cd76352acf74614b896699684c5d22b7e43280615835944363009c0b67a9,5a0794330cdcbf1b,data/evaluation/robustness_v1/rob_hf_hi_en_b_01912__lowpass.wav
rob_hf_hi_en_b_01912__multi_codec,hf_hi_en_b_01912,fake,Hinglish,lingamvamshikrishnareddy_octopus_tts_hinglish,Azure_Edge_Neural_TTS,test,multi_codec,5.976,WAV/PCM_16,a1049d6de081b52e27912ac0901a3df7e9a6a9c4959f8dad4b848133f44200c7,5a0794330cdcbf1b,data/evaluation/robustness_v1/rob_hf_hi_en_b_01912__multi_codec.wav
rob_hf_hi_en_b_01941__mp3,hf_hi_en_b_01941,fake,Hinglish,lingamvamshikrishnareddy_octopus_tts_hinglish,Azure_Edge_Neural_TTS,test,mp3,5.616,WAV/PCM_16,ad08ac8c79a5bc63f315809ed72e3e476ab22529757b41dc6c3f034e6606edce,36ae17f0f7e3bd7f,data/evaluation/robustness_v1/rob_hf_hi_en_b_01941__mp3.wav
rob_hf_hi_en_b_01941__opus,hf_hi_en_b_01941,fake,Hinglish,lingamvamshikrishnareddy_octopus_tts_hinglish,Azure_Edge_Neural_TTS,test,opus,5.616,WAV/PCM_16,91be679f9256f22e6bd694fe714fd4c2fd486de7d11ebfa1b4b95c085975c70b,36ae17f0f7e3bd7f,data/evaluation/robustness_v1/rob_hf_hi_en_b_01941__opus.wav
rob_hf_hi_en_b_01941__telephone,hf_hi_en_b_01941,fake,Hinglish,lingamvamshikrishnareddy_octopus_tts_hinglish,Azure_Edge_Neural_TTS,test,telephone,5.616,WAV/PCM_16,dcd327efedd8c7f3cabad63cb2fbfc58ae9efe3628d676a42dd0b957b473c167,36ae17f0f7e3bd7f,data/evaluation/robustness_v1/rob_hf_hi_en_b_01941__telephone.wav
rob_hf_hi_en_b_01941__lowpass,hf_hi_en_b_01941,fake,Hinglish,lingamvamshikrishnareddy_octopus_tts_hinglish,Azure_Edge_Neural_TTS,test,lowpass,5.616,WAV/PCM_16,d7abc1e41887ee0271464db32c7cbc69bcc7015135e62b7347553131f036c13e,36ae17f0f7e3bd7f,data/evaluation/robustness_v1/rob_hf_hi_en_b_01941__lowpass.wav
rob_hf_hi_en_b_01941__multi_codec,hf_hi_en_b_01941,fake,Hinglish,lingamvamshikrishnareddy_octopus_tts_hinglish,Azure_Edge_Neural_TTS,test,multi_codec,5.616,WAV/PCM_16,8a99071deae820bfc38e3f70e7c5f7394f0d0ea276065be6e9f4a9798aacdeb3,36ae17f0f7e3bd7f,data/evaluation/robustness_v1/rob_hf_hi_en_b_01941__multi_codec.wav
rob_hf_hi_en_b_01995__mp3,hf_hi_en_b_01995,fake,Hinglish,lingamvamshikrishnareddy_octopus_tts_hinglish,Azure_Edge_Neural_TTS,test,mp3,5.88,WAV/PCM_16,473f59924131a151a134fdec2eea3bea8cd8b2376c8d0475fda67dbf8be0a642,962bec47c1373fea,data/evaluation/robustness_v1/rob_hf_hi_en_b_01995__mp3.wav
rob_hf_hi_en_b_01995__opus,hf_hi_en_b_01995,fake,Hinglish,lingamvamshikrishnareddy_octopus_tts_hinglish,Azure_Edge_Neural_TTS,test,opus,5.88,WAV/PCM_16,cb2a3b914c2c5af99c6746318242cf9a9edd238c385c520e7e6d4a82fdca387e,962bec47c1373fea,data/evaluation/robustness_v1/rob_hf_hi_en_b_01995__opus.wav
rob_hf_hi_en_b_01995__telephone,hf_hi_en_b_01995,fake,Hinglish,lingamvamshikrishnareddy_octopus_tts_hinglish,Azure_Edge_Neural_TTS,test,telephone,5.88,WAV/PCM_16,a88e79b9b614188abd7741f571f90d2fc9faeef56817b5f094b89afa4486eaff,962bec47c1373fea,data/evaluation/robustness_v1/rob_hf_hi_en_b_01995__telephone.wav
rob_hf_hi_en_b_01995__lowpass,hf_hi_en_b_01995,fake,Hinglish,lingamvamshikrishnareddy_octopus_tts_hinglish,Azure_Edge_Neural_TTS,test,lowpass,5.88,WAV/PCM_16,e1dab4d59651883e5f83c0602710340fc07da553a504d0a1aa37d58d59eb4cf9,962bec47c1373fea,data/evaluation/robustness_v1/rob_hf_hi_en_b_01995__lowpass.wav
rob_hf_hi_en_b_01995__multi_codec,hf_hi_en_b_01995,fake,Hinglish,lingamvamshikrishnareddy_octopus_tts_hinglish,Azure_Edge_Neural_TTS,test,multi_codec,5.88,WAV/PCM_16,22219e94ca6e589c50cb42ea63c809fa2463c74f88ce988da34723347e9e1ef0,962bec47c1373fea,data/evaluation/robustness_v1/rob_hf_hi_en_b_01995__multi_codec.wav
rob_hf_hi_en_b_02021__mp3,hf_hi_en_b_02021,fake,Hinglish,lingamvamshikrishnareddy_octopus_tts_hinglish,Azure_Edge_Neural_TTS,test,mp3,5.256,WAV/PCM_16,ad1a6b45c844e587216a331b03f4c0dd217c0c7d1cf9383ac7757c18f72c63b3,8000067e6e58e573,data/evaluation/robustness_v1/rob_hf_hi_en_b_02021__mp3.wav
rob_hf_hi_en_b_02021__opus,hf_hi_en_b_02021,fake,Hinglish,lingamvamshikrishnareddy_octopus_tts_hinglish,Azure_Edge_Neural_TTS,test,opus,5.256,WAV/PCM_16,0d3b351180737584d71c32ffe9107ce0336bd4185ed2dc86eb4f45dde1fcefed,8000067e6e58e573,data/evaluation/robustness_v1/rob_hf_hi_en_b_02021__opus.wav
rob_hf_hi_en_b_02021__telephone,hf_hi_en_b_02021,fake,Hinglish,lingamvamshikrishnareddy_octopus_tts_hinglish,Azure_Edge_Neural_TTS,test,telephone,5.256,WAV/PCM_16,464218db29d06b35ebc4ae6c6a0935dc28097641440aafd4d5e74ed440c23ffe,8000067e6e58e573,data/evaluation/robustness_v1/rob_hf_hi_en_b_02021__telephone.wav
rob_hf_hi_en_b_02021__lowpass,hf_hi_en_b_02021,fake,Hinglish,lingamvamshikrishnareddy_octopus_tts_hinglish,Azure_Edge_Neural_TTS,test,lowpass,5.256,WAV/PCM_16,591d9b29f5ea4433a72c0e83a30ba20993737c3a2d8f0ce2ecd5a9cbdb708d26,8000067e6e58e573,data/evaluation/robustness_v1/rob_hf_hi_en_b_02021__lowpass.wav
rob_hf_hi_en_b_02021__multi_codec,hf_hi_en_b_02021,fake,Hinglish,lingamvamshikrishnareddy_octopus_tts_hinglish,Azure_Edge_Neural_TTS,test,multi_codec,5.256,WAV/PCM_16,ba9a916ec9d33feb98315fc98dfbd4fafb8b1d3cbfb60670d7e184cc1d570c2e,8000067e6e58e573,data/evaluation/robustness_v1/rob_hf_hi_en_b_02021__multi_codec.wav
rob_hf_hi_en_b_02077__mp3,hf_hi_en_b_02077,fake,Hinglish,lingamvamshikrishnareddy_octopus_tts_hinglish,Azure_Edge_Neural_TTS,test,mp3,5.664,WAV/PCM_16,da159b1b31f1c90aef0105f98c668eb080802d2f846097c244a3e623aff6441d,c124341c7daa8373,data/evaluation/robustness_v1/rob_hf_hi_en_b_02077__mp3.wav
rob_hf_hi_en_b_02077__opus,hf_hi_en_b_02077,fake,Hinglish,lingamvamshikrishnareddy_octopus_tts_hinglish,Azure_Edge_Neural_TTS,test,opus,5.664,WAV/PCM_16,dde45f34093a8e375ff87b42b6299343a086f526b8dbf0979be09e8d565b7f0b,c124341c7daa8373,data/evaluation/robustness_v1/rob_hf_hi_en_b_02077__opus.wav
rob_hf_hi_en_b_02077__telephone,hf_hi_en_b_02077,fake,Hinglish,lingamvamshikrishnareddy_octopus_tts_hinglish,Azure_Edge_Neural_TTS,test,telephone,5.664,WAV/PCM_16,a28caba3c1ae7c84bbc6e259478b9d480a752fddc57866bdf68b42751737061c,c124341c7daa8373,data/evaluation/robustness_v1/rob_hf_hi_en_b_02077__telephone.wav
rob_hf_hi_en_b_02077__lowpass,hf_hi_en_b_02077,fake,Hinglish,lingamvamshikrishnareddy_octopus_tts_hinglish,Azure_Edge_Neural_TTS,test,lowpass,5.664,WAV/PCM_16,baec79b0208ea53647c23deae5c678adfc460c68b2f5b744e33b3078e815c18c,c124341c7daa8373,data/evaluation/robustness_v1/rob_hf_hi_en_b_02077__lowpass.wav
rob_hf_hi_en_b_02077__multi_codec,hf_hi_en_b_02077,fake,Hinglish,lingamvamshikrishnareddy_octopus_tts_hinglish,Azure_Edge_Neural_TTS,test,multi_codec,5.664,WAV/PCM_16,7a5f7ee18c52e7155540fff5541b09376b779c7ec7c22d13671e7e4b1ee67902,c124341c7daa8373,data/evaluation/robustness_v1/rob_hf_hi_en_b_02077__multi_codec.wav
rob_hf_hi_en_b_02143__mp3,hf_hi_en_b_02143,fake,Hinglish,lingamvamshikrishnareddy_octopus_tts_hinglish,Azure_Edge_Neural_TTS,test,mp3,6.744,WAV/PCM_16,3093f8e9f0f0af28b06b3e725e816a57ad51057a95e4182fc3cb0b8132ef2b46,b4a6b5e6e788536e,data/evaluation/robustness_v1/rob_hf_hi_en_b_02143__mp3.wav
rob_hf_hi_en_b_02143__opus,hf_hi_en_b_02143,fake,Hinglish,lingamvamshikrishnareddy_octopus_tts_hinglish,Azure_Edge_Neural_TTS,test,opus,6.744,WAV/PCM_16,42d73aa27dbe867a4bda969bcf1cce40bbcf71eaf609af01513da8bbd4798406,b4a6b5e6e788536e,data/evaluation/robustness_v1/rob_hf_hi_en_b_02143__opus.wav
rob_hf_hi_en_b_02143__telephone,hf_hi_en_b_02143,fake,Hinglish,lingamvamshikrishnareddy_octopus_tts_hinglish,Azure_Edge_Neural_TTS,test,telephone,6.744,WAV/PCM_16,7cae5eb5391e4d282038200e34c27a0bd0ba77e588c4d4e4834757fa6669ca85,b4a6b5e6e788536e,data/evaluation/robustness_v1/rob_hf_hi_en_b_02143__telephone.wav
rob_hf_hi_en_b_02143__lowpass,hf_hi_en_b_02143,fake,Hinglish,lingamvamshikrishnareddy_octopus_tts_hinglish,Azure_Edge_Neural_TTS,test,lowpass,6.744,WAV/PCM_16,4ea5b628bfa7a7730352e15bd802f54c8592b40bea719c442d2ef5acfa7f6010,b4a6b5e6e788536e,data/evaluation/robustness_v1/rob_hf_hi_en_b_02143__lowpass.wav
rob_hf_hi_en_b_02143__multi_codec,hf_hi_en_b_02143,fake,Hinglish,lingamvamshikrishnareddy_octopus_tts_hinglish,Azure_Edge_Neural_TTS,test,multi_codec,6.744,WAV/PCM_16,f4b4458b9eabae9bc8923c8e6fbd684075942882314cb5440c1852fca43f0c41,b4a6b5e6e788536e,data/evaluation/robustness_v1/rob_hf_hi_en_b_02143__multi_codec.wav
rob_hf_hi_en_b_02147__mp3,hf_hi_en_b_02147,fake,Hinglish,lingamvamshikrishnareddy_octopus_tts_hinglish,Azure_Edge_Neural_TTS,test,mp3,5.088,WAV/PCM_16,98ce5ce21388a839edfc87dd42cb4182ec76face7a58f6d1ab7c2630b0122b1f,dab5607e81e16db9,data/evaluation/robustness_v1/rob_hf_hi_en_b_02147__mp3.wav
rob_hf_hi_en_b_02147__opus,hf_hi_en_b_02147,fake,Hinglish,lingamvamshikrishnareddy_octopus_tts_hinglish,Azure_Edge_Neural_TTS,test,opus,5.088,WAV/PCM_16,c0f7e4a645a580118bfb2c13d583c6c899960ae4849d26fb86c1f1decda94efb,dab5607e81e16db9,data/evaluation/robustness_v1/rob_hf_hi_en_b_02147__opus.wav
rob_hf_hi_en_b_02147__telephone,hf_hi_en_b_02147,fake,Hinglish,lingamvamshikrishnareddy_octopus_tts_hinglish,Azure_Edge_Neural_TTS,test,telephone,5.088,WAV/PCM_16,3d854c200b28c1c5876308395766826bbfd96a52ffb9cda0e351b51dcc0a3f2a,dab5607e81e16db9,data/evaluation/robustness_v1/rob_hf_hi_en_b_02147__telephone.wav
rob_hf_hi_en_b_02147__lowpass,hf_hi_en_b_02147,fake,Hinglish,lingamvamshikrishnareddy_octopus_tts_hinglish,Azure_Edge_Neural_TTS,test,lowpass,5.088,WAV/PCM_16,22dc2d5e70b13507db7f460cbaeecb873884255811d41a53f5478a472bcffc13,dab5607e81e16db9,data/evaluation/robustness_v1/rob_hf_hi_en_b_02147__lowpass.wav
rob_hf_hi_en_b_02147__multi_codec,hf_hi_en_b_02147,fake,Hinglish,lingamvamshikrishnareddy_octopus_tts_hinglish,Azure_Edge_Neural_TTS,test,multi_codec,5.088,WAV/PCM_16,1c90d146c8c748d8926090ace8c8476bb3f3f90c3ee3439547eb41bca58c7964,dab5607e81e16db9,data/evaluation/robustness_v1/rob_hf_hi_en_b_02147__multi_codec.wav
rob_hf_hi_en_b_02287__mp3,hf_hi_en_b_02287,fake,Hinglish,lingamvamshikrishnareddy_octopus_tts_hinglish,Azure_Edge_Neural_TTS,test,mp3,5.256,WAV/PCM_16,c7aeb58e0609158ad44087b0f9039298a4a3762c8f81d788e923745eae53a194,f0ae38d89f48c747,data/evaluation/robustness_v1/rob_hf_hi_en_b_02287__mp3.wav
rob_hf_hi_en_b_02287__opus,hf_hi_en_b_02287,fake,Hinglish,lingamvamshikrishnareddy_octopus_tts_hinglish,Azure_Edge_Neural_TTS,test,opus,5.256,WAV/PCM_16,283c70d81e4450e1081ff03cf2bc61c5a79b62e130f1ef0229110ee3f7323ce1,f0ae38d89f48c747,data/evaluation/robustness_v1/rob_hf_hi_en_b_02287__opus.wav
rob_hf_hi_en_b_02287__telephone,hf_hi_en_b_02287,fake,Hinglish,lingamvamshikrishnareddy_octopus_tts_hinglish,Azure_Edge_Neural_TTS,test,telephone,5.256,WAV/PCM_16,0b454b8475f745acbc62e7f7d5e07232996d525bfaa5953bcaba09d454c4612f,f0ae38d89f48c747,data/evaluation/robustness_v1/rob_hf_hi_en_b_02287__telephone.wav
rob_hf_hi_en_b_02287__lowpass,hf_hi_en_b_02287,fake,Hinglish,lingamvamshikrishnareddy_octopus_tts_hinglish,Azure_Edge_Neural_TTS,test,lowpass,5.256,WAV/PCM_16,37e28b2c14b189a98e07cf2ee06f5514dbe69317c3ef5b795c091d8d14aa3e75,f0ae38d89f48c747,data/evaluation/robustness_v1/rob_hf_hi_en_b_02287__lowpass.wav
rob_hf_hi_en_b_02287__multi_codec,hf_hi_en_b_02287,fake,Hinglish,lingamvamshikrishnareddy_octopus_tts_hinglish,Azure_Edge_Neural_TTS,test,multi_codec,5.256,WAV/PCM_16,b3299c3a571c6f30feac697daaa5f367368e734ef39e56170fe5963098fd99de,f0ae38d89f48c747,data/evaluation/robustness_v1/rob_hf_hi_en_b_02287__multi_codec.wav
rob_hf_hi_en_b_02304__mp3,hf_hi_en_b_02304,fake,Hinglish,lingamvamshikrishnareddy_octopus_tts_hinglish,Azure_Edge_Neural_TTS,test,mp3,6.312,WAV/PCM_16,e4856076559d4290a92fc7026a6f6d5bf002f5327a706bcc2cb9ed382c49e0a2,847f6f85ac9a2121,data/evaluation/robustness_v1/rob_hf_hi_en_b_02304__mp3.wav
rob_hf_hi_en_b_02304__opus,hf_hi_en_b_02304,fake,Hinglish,lingamvamshikrishnareddy_octopus_tts_hinglish,Azure_Edge_Neural_TTS,test,opus,6.312,WAV/PCM_16,8d6acbf940196d0d4b43f7e22cd460bfbd05205f4ff33c2d34af77f9f2f17ff9,847f6f85ac9a2121,data/evaluation/robustness_v1/rob_hf_hi_en_b_02304__opus.wav
rob_hf_hi_en_b_02304__telephone,hf_hi_en_b_02304,fake,Hinglish,lingamvamshikrishnareddy_octopus_tts_hinglish,Azure_Edge_Neural_TTS,test,telephone,6.312,WAV/PCM_16,598787d50b952f910029ca366bee6830e608f2f4ea9147f97fc4fab02f5dfba0,847f6f85ac9a2121,data/evaluation/robustness_v1/rob_hf_hi_en_b_02304__telephone.wav
rob_hf_hi_en_b_02304__lowpass,hf_hi_en_b_02304,fake,Hinglish,lingamvamshikrishnareddy_octopus_tts_hinglish,Azure_Edge_Neural_TTS,test,lowpass,6.312,WAV/PCM_16,063c40fa89aa35fb198d61142cd46c5834bad849dbc5e9153c19eed81791ceaf,847f6f85ac9a2121,data/evaluation/robustness_v1/rob_hf_hi_en_b_02304__lowpass.wav
rob_hf_hi_en_b_02304__multi_codec,hf_hi_en_b_02304,fake,Hinglish,lingamvamshikrishnareddy_octopus_tts_hinglish,Azure_Edge_Neural_TTS,test,multi_codec,6.312,WAV/PCM_16,4c28f559ab33263e199467ff65b58402e1516a604373d06f6b05552f0fbafca2,847f6f85ac9a2121,data/evaluation/robustness_v1/rob_hf_hi_en_b_02304__multi_codec.wav
rob_hf_hi_en_b_02331__mp3,hf_hi_en_b_02331,fake,Hinglish,lingamvamshikrishnareddy_octopus_tts_hinglish,Azure_Edge_Neural_TTS,test,mp3,5.088,WAV/PCM_16,70e2624a940cbe33149623489f37841c611d6f5a379d0afc7060783bd6400e44,297ae17b1c874f5e,data/evaluation/robustness_v1/rob_hf_hi_en_b_02331__mp3.wav
rob_hf_hi_en_b_02331__opus,hf_hi_en_b_02331,fake,Hinglish,lingamvamshikrishnareddy_octopus_tts_hinglish,Azure_Edge_Neural_TTS,test,opus,5.088,WAV/PCM_16,148642f96f78468868cad1f01f26335299adfaf7620289a76abd16760d3d5a92,297ae17b1c874f5e,data/evaluation/robustness_v1/rob_hf_hi_en_b_02331__opus.wav
rob_hf_hi_en_b_02331__telephone,hf_hi_en_b_02331,fake,Hinglish,lingamvamshikrishnareddy_octopus_tts_hinglish,Azure_Edge_Neural_TTS,test,telephone,5.088,WAV/PCM_16,4c1c0446621c6ff26a072a26595aa60a349dec1667390b6839b4cd48b4414a5f,297ae17b1c874f5e,data/evaluation/robustness_v1/rob_hf_hi_en_b_02331__telephone.wav
rob_hf_hi_en_b_02331__lowpass,hf_hi_en_b_02331,fake,Hinglish,lingamvamshikrishnareddy_octopus_tts_hinglish,Azure_Edge_Neural_TTS,test,lowpass,5.088,WAV/PCM_16,bb622e0f1e5074b9e3eb89488b0aa25481c749da140bf59eacd1212fa42082c2,297ae17b1c874f5e,data/evaluation/robustness_v1/rob_hf_hi_en_b_02331__lowpass.wav
rob_hf_hi_en_b_02331__multi_codec,hf_hi_en_b_02331,fake,Hinglish,lingamvamshikrishnareddy_octopus_tts_hinglish,Azure_Edge_Neural_TTS,test,multi_codec,5.088,WAV/PCM_16,7c12cff4e244b96110a4f29f2c8ae4e28bbe096115ddda1451d5e4b5bfb085ad,297ae17b1c874f5e,data/evaluation/robustness_v1/rob_hf_hi_en_b_02331__multi_codec.wav
rob_hf_hi_en_b_02372__mp3,hf_hi_en_b_02372,fake,Hinglish,lingamvamshikrishnareddy_octopus_tts_hinglish,Azure_Edge_Neural_TTS,test,mp3,4.584,WAV/PCM_16,229335e79ee81397866e8565ad7eb3dd1f63c3875e8c7de57fd50e05ba38328f,aa0ec44518106dc6,data/evaluation/robustness_v1/rob_hf_hi_en_b_02372__mp3.wav
rob_hf_hi_en_b_02372__opus,hf_hi_en_b_02372,fake,Hinglish,lingamvamshikrishnareddy_octopus_tts_hinglish,Azure_Edge_Neural_TTS,test,opus,4.584,WAV/PCM_16,f0df945a5f22e0f97786d19337e675403b2430d1f60aedcf3d036b2b25675243,aa0ec44518106dc6,data/evaluation/robustness_v1/rob_hf_hi_en_b_02372__opus.wav
rob_hf_hi_en_b_02372__telephone,hf_hi_en_b_02372,fake,Hinglish,lingamvamshikrishnareddy_octopus_tts_hinglish,Azure_Edge_Neural_TTS,test,telephone,4.584,WAV/PCM_16,bc1b6965dd1fb730a30d96dd5396c6797c9784d22e8dcf5fcb6040a28c5c885b,aa0ec44518106dc6,data/evaluation/robustness_v1/rob_hf_hi_en_b_02372__telephone.wav
rob_hf_hi_en_b_02372__lowpass,hf_hi_en_b_02372,fake,Hinglish,lingamvamshikrishnareddy_octopus_tts_hinglish,Azure_Edge_Neural_TTS,test,lowpass,4.584,WAV/PCM_16,1d2285b8d5f875ae93c58da66ea0127a1ebc15cb1a7722382c8dc9affc96773f,aa0ec44518106dc6,data/evaluation/robustness_v1/rob_hf_hi_en_b_02372__lowpass.wav
rob_hf_hi_en_b_02372__multi_codec,hf_hi_en_b_02372,fake,Hinglish,lingamvamshikrishnareddy_octopus_tts_hinglish,Azure_Edge_Neural_TTS,test,multi_codec,4.584,WAV/PCM_16,48f60b2a696cd7755e584de32c489cbf99784a942f9f90c60dd0a82156375d18,aa0ec44518106dc6,data/evaluation/robustness_v1/rob_hf_hi_en_b_02372__multi_codec.wav
rob_hf_hi_en_b_02380__mp3,hf_hi_en_b_02380,fake,Hinglish,lingamvamshikrishnareddy_octopus_tts_hinglish,Azure_Edge_Neural_TTS,test,mp3,5.04,WAV/PCM_16,c84250a2c865ac482e44d98196688c7e8b57c8970bc2687a769ed3b73e8861bd,30403cd0e0684e86,data/evaluation/robustness_v1/rob_hf_hi_en_b_02380__mp3.wav
rob_hf_hi_en_b_02380__opus,hf_hi_en_b_02380,fake,Hinglish,lingamvamshikrishnareddy_octopus_tts_hinglish,Azure_Edge_Neural_TTS,test,opus,5.04,WAV/PCM_16,b9e14bb5c3928b57e1217855dfc00a95e9e170eddf950c88579cc58a6c657be4,30403cd0e0684e86,data/evaluation/robustness_v1/rob_hf_hi_en_b_02380__opus.wav
rob_hf_hi_en_b_02380__telephone,hf_hi_en_b_02380,fake,Hinglish,lingamvamshikrishnareddy_octopus_tts_hinglish,Azure_Edge_Neural_TTS,test,telephone,5.04,WAV/PCM_16,6823efa45c57c63bd66952cac5415bb385c44ff308d44ad0b784def7d8487248,30403cd0e0684e86,data/evaluation/robustness_v1/rob_hf_hi_en_b_02380__telephone.wav
rob_hf_hi_en_b_02380__lowpass,hf_hi_en_b_02380,fake,Hinglish,lingamvamshikrishnareddy_octopus_tts_hinglish,Azure_Edge_Neural_TTS,test,lowpass,5.04,WAV/PCM_16,a67b375aaeac07c14120de7f27275adf1a8a96923e9bb309cd1a7c53e114b1eb,30403cd0e0684e86,data/evaluation/robustness_v1/rob_hf_hi_en_b_02380__lowpass.wav
rob_hf_hi_en_b_02380__multi_codec,hf_hi_en_b_02380,fake,Hinglish,lingamvamshikrishnareddy_octopus_tts_hinglish,Azure_Edge_Neural_TTS,test,multi_codec,5.04,WAV/PCM_16,7bddb795e41455165be43799b33847b166c26e2e47895fce72090adb6070c53d,30403cd0e0684e86,data/evaluation/robustness_v1/rob_hf_hi_en_b_02380__multi_codec.wav
rob_hf_hi_en_b_02388__mp3,hf_hi_en_b_02388,fake,Hinglish,lingamvamshikrishnareddy_octopus_tts_hinglish,Azure_Edge_Neural_TTS,test,mp3,5.448,WAV/PCM_16,ad5d15426ae8573802808c9e25ea285e6a192c5f37f424ebac3c6143564925e9,d7960aa514538648,data/evaluation/robustness_v1/rob_hf_hi_en_b_02388__mp3.wav
rob_hf_hi_en_b_02388__opus,hf_hi_en_b_02388,fake,Hinglish,lingamvamshikrishnareddy_octopus_tts_hinglish,Azure_Edge_Neural_TTS,test,opus,5.448,WAV/PCM_16,641dfcf089cc3ce289bafe216d0e647139af0be16aad39a472fbceaa5b688002,d7960aa514538648,data/evaluation/robustness_v1/rob_hf_hi_en_b_02388__opus.wav
rob_hf_hi_en_b_02388__telephone,hf_hi_en_b_02388,fake,Hinglish,lingamvamshikrishnareddy_octopus_tts_hinglish,Azure_Edge_Neural_TTS,test,telephone,5.448,WAV/PCM_16,4a6a248bd00fed58b6454ee9d456c2816381d6548a60cb9fb118b25360d1f797,d7960aa514538648,data/evaluation/robustness_v1/rob_hf_hi_en_b_02388__telephone.wav
rob_hf_hi_en_b_02388__lowpass,hf_hi_en_b_02388,fake,Hinglish,lingamvamshikrishnareddy_octopus_tts_hinglish,Azure_Edge_Neural_TTS,test,lowpass,5.448,WAV/PCM_16,467b895c37122f0865d81efeb786757422548f57779c928ed379fbbe80763c7c,d7960aa514538648,data/evaluation/robustness_v1/rob_hf_hi_en_b_02388__lowpass.wav
rob_hf_hi_en_b_02388__multi_codec,hf_hi_en_b_02388,fake,Hinglish,lingamvamshikrishnareddy_octopus_tts_hinglish,Azure_Edge_Neural_TTS,test,multi_codec,5.448,WAV/PCM_16,c640a1de299fd4581ad5033b93903abacef829fcd92bfbfa5ff9d0fcc2d92e79,d7960aa514538648,data/evaluation/robustness_v1/rob_hf_hi_en_b_02388__multi_codec.wav
rob_hf_hi_en_b_02396__mp3,hf_hi_en_b_02396,fake,Hinglish,lingamvamshikrishnareddy_octopus_tts_hinglish,Azure_Edge_Neural_TTS,test,mp3,4.824,WAV/PCM_16,1c6c68d7e1886572d1efadf81a52835ba0879b737b554aae9f7dc98ca7a33d52,5eacfb8a2eb654bc,data/evaluation/robustness_v1/rob_hf_hi_en_b_02396__mp3.wav
rob_hf_hi_en_b_02396__opus,hf_hi_en_b_02396,fake,Hinglish,lingamvamshikrishnareddy_octopus_tts_hinglish,Azure_Edge_Neural_TTS,test,opus,4.824,WAV/PCM_16,1ab05fb1f105e372f343bc3eb8fa6c7e4fb3e071d61b26d24fba70a8d1ef8901,5eacfb8a2eb654bc,data/evaluation/robustness_v1/rob_hf_hi_en_b_02396__opus.wav
rob_hf_hi_en_b_02396__telephone,hf_hi_en_b_02396,fake,Hinglish,lingamvamshikrishnareddy_octopus_tts_hinglish,Azure_Edge_Neural_TTS,test,telephone,4.824,WAV/PCM_16,e2ab628e08f099819ef80f97c8a43adfca5a77b9c8d8ee3d076efed22f4d4d40,5eacfb8a2eb654bc,data/evaluation/robustness_v1/rob_hf_hi_en_b_02396__telephone.wav
rob_hf_hi_en_b_02396__lowpass,hf_hi_en_b_02396,fake,Hinglish,lingamvamshikrishnareddy_octopus_tts_hinglish,Azure_Edge_Neural_TTS,test,lowpass,4.824,WAV/PCM_16,898ba83746fad8fca0b45a89786c1588639a6998888eb49398f154e91fa76553,5eacfb8a2eb654bc,data/evaluation/robustness_v1/rob_hf_hi_en_b_02396__lowpass.wav
rob_hf_hi_en_b_02396__multi_codec,hf_hi_en_b_02396,fake,Hinglish,lingamvamshikrishnareddy_octopus_tts_hinglish,Azure_Edge_Neural_TTS,test,multi_codec,4.824,WAV/PCM_16,6adb828d7102ce757fade6a5be666aed22d90584c4e811448759fc351c1f1392,5eacfb8a2eb654bc,data/evaluation/robustness_v1/rob_hf_hi_en_b_02396__multi_codec.wav
rob_hf_hi_en_b_02422__mp3,hf_hi_en_b_02422,fake,Hinglish,lingamvamshikrishnareddy_octopus_tts_hinglish,Azure_Edge_Neural_TTS,test,mp3,5.688,WAV/PCM_16,e152a012c41a230853f2d265dada2580d9c41aff7f2905893ee2ed3bb3bb4c2c,20a4252fddbc537c,data/evaluation/robustness_v1/rob_hf_hi_en_b_02422__mp3.wav
rob_hf_hi_en_b_02422__opus,hf_hi_en_b_02422,fake,Hinglish,lingamvamshikrishnareddy_octopus_tts_hinglish,Azure_Edge_Neural_TTS,test,opus,5.688,WAV/PCM_16,394fe0885f3b441aaa70b2871cc67377a0da55026d7af094be5ad2b12dac14cf,20a4252fddbc537c,data/evaluation/robustness_v1/rob_hf_hi_en_b_02422__opus.wav
rob_hf_hi_en_b_02422__telephone,hf_hi_en_b_02422,fake,Hinglish,lingamvamshikrishnareddy_octopus_tts_hinglish,Azure_Edge_Neural_TTS,test,telephone,5.688,WAV/PCM_16,729816d920b78ed9f285751faf3a1c4629ff006653e385877218f8ad672aee86,20a4252fddbc537c,data/evaluation/robustness_v1/rob_hf_hi_en_b_02422__telephone.wav
rob_hf_hi_en_b_02422__lowpass,hf_hi_en_b_02422,fake,Hinglish,lingamvamshikrishnareddy_octopus_tts_hinglish,Azure_Edge_Neural_TTS,test,lowpass,5.688,WAV/PCM_16,3ff4107942e5ac11159f9be3448ab5f8529fd5c1f415ec9ab43f46b1700c420f,20a4252fddbc537c,data/evaluation/robustness_v1/rob_hf_hi_en_b_02422__lowpass.wav
rob_hf_hi_en_b_02422__multi_codec,hf_hi_en_b_02422,fake,Hinglish,lingamvamshikrishnareddy_octopus_tts_hinglish,Azure_Edge_Neural_TTS,test,multi_codec,5.688,WAV/PCM_16,6135051f670948a0aab2475900ecab3c844266fd2b05fcc8f570006fd0b45463,20a4252fddbc537c,data/evaluation/robustness_v1/rob_hf_hi_en_b_02422__multi_codec.wav
rob_hf_hi_en_b_02445__mp3,hf_hi_en_b_02445,fake,Hinglish,lingamvamshikrishnareddy_octopus_tts_hinglish,Azure_Edge_Neural_TTS,test,mp3,5.232,WAV/PCM_16,7ee3da6496605abaa1b408b018c80603fe66b43543755ab3d0a02dc2ed35e91b,2f3885adfdc073bc,data/evaluation/robustness_v1/rob_hf_hi_en_b_02445__mp3.wav
rob_hf_hi_en_b_02445__opus,hf_hi_en_b_02445,fake,Hinglish,lingamvamshikrishnareddy_octopus_tts_hinglish,Azure_Edge_Neural_TTS,test,opus,5.232,WAV/PCM_16,48294496b8bf68659ab2415e819cb842b51c12cc8fb529a0eeee2b96f0b7dfae,2f3885adfdc073bc,data/evaluation/robustness_v1/rob_hf_hi_en_b_02445__opus.wav
rob_hf_hi_en_b_02445__telephone,hf_hi_en_b_02445,fake,Hinglish,lingamvamshikrishnareddy_octopus_tts_hinglish,Azure_Edge_Neural_TTS,test,telephone,5.232,WAV/PCM_16,9bba322723be618275c4a8a118099982d9e3291df6197b5c6d102a53cb88a1d8,2f3885adfdc073bc,data/evaluation/robustness_v1/rob_hf_hi_en_b_02445__telephone.wav
rob_hf_hi_en_b_02445__lowpass,hf_hi_en_b_02445,fake,Hinglish,lingamvamshikrishnareddy_octopus_tts_hinglish,Azure_Edge_Neural_TTS,test,lowpass,5.232,WAV/PCM_16,107e1f739f90cb0912c4836fe48683000a762102d3dbfe7496a5ad52dd6f7e69,2f3885adfdc073bc,data/evaluation/robustness_v1/rob_hf_hi_en_b_02445__lowpass.wav
rob_hf_hi_en_b_02445__multi_codec,hf_hi_en_b_02445,fake,Hinglish,lingamvamshikrishnareddy_octopus_tts_hinglish,Azure_Edge_Neural_TTS,test,multi_codec,5.232,WAV/PCM_16,bc35d640e88c984d507d85e8f2c37cd48980a96ab1781e0df7c91154d7d53805,2f3885adfdc073bc,data/evaluation/robustness_v1/rob_hf_hi_en_b_02445__multi_codec.wav
rob_hf_hi_en_b_02529__mp3,hf_hi_en_b_02529,fake,Hinglish,lingamvamshikrishnareddy_octopus_tts_hinglish,Azure_Edge_Neural_TTS,test,mp3,5.904,WAV/PCM_16,ec837d3db3f0a4673c07c366965f5d7767f7e3f05ab5065e1a94184de898a828,55491f3a79ba02d9,data/evaluation/robustness_v1/rob_hf_hi_en_b_02529__mp3.wav
rob_hf_hi_en_b_02529__opus,hf_hi_en_b_02529,fake,Hinglish,lingamvamshikrishnareddy_octopus_tts_hinglish,Azure_Edge_Neural_TTS,test,opus,5.904,WAV/PCM_16,0a76fece357bec285c48c7e97000daf27316ca1bac099691c94b0ccdca82a521,55491f3a79ba02d9,data/evaluation/robustness_v1/rob_hf_hi_en_b_02529__opus.wav
rob_hf_hi_en_b_02529__telephone,hf_hi_en_b_02529,fake,Hinglish,lingamvamshikrishnareddy_octopus_tts_hinglish,Azure_Edge_Neural_TTS,test,telephone,5.904,WAV/PCM_16,788aa1475c65d94fc974023ebe52d0491659bcae46eb3c04625840b0335d5519,55491f3a79ba02d9,data/evaluation/robustness_v1/rob_hf_hi_en_b_02529__telephone.wav
rob_hf_hi_en_b_02529__lowpass,hf_hi_en_b_02529,fake,Hinglish,lingamvamshikrishnareddy_octopus_tts_hinglish,Azure_Edge_Neural_TTS,test,lowpass,5.904,WAV/PCM_16,b988357431a8ad14eb0dd4b09b7c1f1763061d8c3e801f907b5dd23a1fce862e,55491f3a79ba02d9,data/evaluation/robustness_v1/rob_hf_hi_en_b_02529__lowpass.wav
rob_hf_hi_en_b_02529__multi_codec,hf_hi_en_b_02529,fake,Hinglish,lingamvamshikrishnareddy_octopus_tts_hinglish,Azure_Edge_Neural_TTS,test,multi_codec,5.904,WAV/PCM_16,5696b041570d213ca34b3fb2a3178298e581f31e8de170fe066a94e9a2c7c45e,55491f3a79ba02d9,data/evaluation/robustness_v1/rob_hf_hi_en_b_02529__multi_codec.wav
rob_hf_hi_en_b_02604__mp3,hf_hi_en_b_02604,fake,Hinglish,lingamvamshikrishnareddy_octopus_tts_hinglish,Azure_Edge_Neural_TTS,test,mp3,9.12,WAV/PCM_16,e7edc1aaf4d1e7ef0271b54764c9abc57ff30351761ff90b9a012a57c67c71b9,7ee17386117daeed,data/evaluation/robustness_v1/rob_hf_hi_en_b_02604__mp3.wav
rob_hf_hi_en_b_02604__opus,hf_hi_en_b_02604,fake,Hinglish,lingamvamshikrishnareddy_octopus_tts_hinglish,Azure_Edge_Neural_TTS,test,opus,9.12,WAV/PCM_16,6c82c7ed5143fb0dd4b4e45af999b9a407348b66eea8bbc4a952d0bb9dce635e,7ee17386117daeed,data/evaluation/robustness_v1/rob_hf_hi_en_b_02604__opus.wav
rob_hf_hi_en_b_02604__telephone,hf_hi_en_b_02604,fake,Hinglish,lingamvamshikrishnareddy_octopus_tts_hinglish,Azure_Edge_Neural_TTS,test,telephone,9.12,WAV/PCM_16,f0de14edcd4e9f84bda51ef797a8ff00ad1541dfce2f9e413d9adc7704461c20,7ee17386117daeed,data/evaluation/robustness_v1/rob_hf_hi_en_b_02604__telephone.wav
rob_hf_hi_en_b_02604__lowpass,hf_hi_en_b_02604,fake,Hinglish,lingamvamshikrishnareddy_octopus_tts_hinglish,Azure_Edge_Neural_TTS,test,lowpass,9.12,WAV/PCM_16,6dd568f70ef028ec408d514539a706b0185758029d0f2ac936ddb15530284de0,7ee17386117daeed,data/evaluation/robustness_v1/rob_hf_hi_en_b_02604__lowpass.wav
rob_hf_hi_en_b_02604__multi_codec,hf_hi_en_b_02604,fake,Hinglish,lingamvamshikrishnareddy_octopus_tts_hinglish,Azure_Edge_Neural_TTS,test,multi_codec,9.12,WAV/PCM_16,95a2e21b419aa3cf4f2ccf044768d44e58fb0e337714bd90b7c180a5c932681f,7ee17386117daeed,data/evaluation/robustness_v1/rob_hf_hi_en_b_02604__multi_codec.wav
rob_hf_hi_en_b_02661__mp3,hf_hi_en_b_02661,fake,Hinglish,lingamvamshikrishnareddy_octopus_tts_hinglish,Azure_Edge_Neural_TTS,test,mp3,5.832,WAV/PCM_16,fd2279cc4dd9311d394921d53c6ba7c3adb17635a01a3a6504e3b62386f0d09e,7cc6eafefe1f8e0c,data/evaluation/robustness_v1/rob_hf_hi_en_b_02661__mp3.wav
rob_hf_hi_en_b_02661__opus,hf_hi_en_b_02661,fake,Hinglish,lingamvamshikrishnareddy_octopus_tts_hinglish,Azure_Edge_Neural_TTS,test,opus,5.832,WAV/PCM_16,0fc721e8407f6406e455fc128f9f802c42570a59d47835539d75c05b6de2f0cd,7cc6eafefe1f8e0c,data/evaluation/robustness_v1/rob_hf_hi_en_b_02661__opus.wav
rob_hf_hi_en_b_02661__telephone,hf_hi_en_b_02661,fake,Hinglish,lingamvamshikrishnareddy_octopus_tts_hinglish,Azure_Edge_Neural_TTS,test,telephone,5.832,WAV/PCM_16,15728c72722749f561e19b11f7568d6bf1345c54b9b0c7e89910ecca852bae78,7cc6eafefe1f8e0c,data/evaluation/robustness_v1/rob_hf_hi_en_b_02661__telephone.wav
rob_hf_hi_en_b_02661__lowpass,hf_hi_en_b_02661,fake,Hinglish,lingamvamshikrishnareddy_octopus_tts_hinglish,Azure_Edge_Neural_TTS,test,lowpass,5.832,WAV/PCM_16,b3a65e18b504aacbba2c3564fc465f6b1caa6728225876b90674528e51be0172,7cc6eafefe1f8e0c,data/evaluation/robustness_v1/rob_hf_hi_en_b_02661__lowpass.wav
rob_hf_hi_en_b_02661__multi_codec,hf_hi_en_b_02661,fake,Hinglish,lingamvamshikrishnareddy_octopus_tts_hinglish,Azure_Edge_Neural_TTS,test,multi_codec,5.832,WAV/PCM_16,cd406448cbbf51ebe783e6b22993fb3f74c46558efdbaf8ab855ee1922fab4a4,7cc6eafefe1f8e0c,data/evaluation/robustness_v1/rob_hf_hi_en_b_02661__multi_codec.wav
rob_hf_hi_en_b_02663__mp3,hf_hi_en_b_02663,fake,Hinglish,lingamvamshikrishnareddy_octopus_tts_hinglish,Azure_Edge_Neural_TTS,test,mp3,4.104,WAV/PCM_16,f2e3396489ab96c92235b4b51a2083356b833dbbbe37aae4531a9cb8f3fbcef1,b55ec36a3d64cc24,data/evaluation/robustness_v1/rob_hf_hi_en_b_02663__mp3.wav
rob_hf_hi_en_b_02663__opus,hf_hi_en_b_02663,fake,Hinglish,lingamvamshikrishnareddy_octopus_tts_hinglish,Azure_Edge_Neural_TTS,test,opus,4.104,WAV/PCM_16,14b7b2ea25a81e75a52cd824e1eaa573fcff4fe3159fcbf7d49dcd83b885c34b,b55ec36a3d64cc24,data/evaluation/robustness_v1/rob_hf_hi_en_b_02663__opus.wav
rob_hf_hi_en_b_02663__telephone,hf_hi_en_b_02663,fake,Hinglish,lingamvamshikrishnareddy_octopus_tts_hinglish,Azure_Edge_Neural_TTS,test,telephone,4.104,WAV/PCM_16,598350a3e8f0c4e7b3544242a4545ba22ed89f9f28f9d359821db37698a862e6,b55ec36a3d64cc24,data/evaluation/robustness_v1/rob_hf_hi_en_b_02663__telephone.wav
rob_hf_hi_en_b_02663__lowpass,hf_hi_en_b_02663,fake,Hinglish,lingamvamshikrishnareddy_octopus_tts_hinglish,Azure_Edge_Neural_TTS,test,lowpass,4.104,WAV/PCM_16,e2fdd4744d5d8bd143cb8c11ce7564ea0e50d13739724e7aa708f3eac295e8a8,b55ec36a3d64cc24,data/evaluation/robustness_v1/rob_hf_hi_en_b_02663__lowpass.wav
rob_hf_hi_en_b_02663__multi_codec,hf_hi_en_b_02663,fake,Hinglish,lingamvamshikrishnareddy_octopus_tts_hinglish,Azure_Edge_Neural_TTS,test,multi_codec,4.104,WAV/PCM_16,7a9dbb1182b1673665802e1baadd619331122b3665d2ff7f4aeaa6f6297a8181,b55ec36a3d64cc24,data/evaluation/robustness_v1/rob_hf_hi_en_b_02663__multi_codec.wav
rob_hf_hi_en_b_02779__mp3,hf_hi_en_b_02779,fake,Hinglish,lingamvamshikrishnareddy_octopus_tts_hinglish,Azure_Edge_Neural_TTS,test,mp3,4.44,WAV/PCM_16,8e96ca2b14cdc55aba6146ba8b19918ffced8dd237acdb8fa843883021cec150,3b2c637fc4d0839c,data/evaluation/robustness_v1/rob_hf_hi_en_b_02779__mp3.wav
rob_hf_hi_en_b_02779__opus,hf_hi_en_b_02779,fake,Hinglish,lingamvamshikrishnareddy_octopus_tts_hinglish,Azure_Edge_Neural_TTS,test,opus,4.44,WAV/PCM_16,3ffbc1859b47ed21467b27b6c93606c1071ccd3bd712ca1f884c29862b614d0e,3b2c637fc4d0839c,data/evaluation/robustness_v1/rob_hf_hi_en_b_02779__opus.wav
rob_hf_hi_en_b_02779__telephone,hf_hi_en_b_02779,fake,Hinglish,lingamvamshikrishnareddy_octopus_tts_hinglish,Azure_Edge_Neural_TTS,test,telephone,4.44,WAV/PCM_16,3bac2dfbb4e52c65bcfd310355b812ecf7ce0debd260447a399c8ab272a84921,3b2c637fc4d0839c,data/evaluation/robustness_v1/rob_hf_hi_en_b_02779__telephone.wav
rob_hf_hi_en_b_02779__lowpass,hf_hi_en_b_02779,fake,Hinglish,lingamvamshikrishnareddy_octopus_tts_hinglish,Azure_Edge_Neural_TTS,test,lowpass,4.44,WAV/PCM_16,00b3d8293fe883e34c7799f25cffbf6aaf36d66406c3e64478a55cb6ab53ca62,3b2c637fc4d0839c,data/evaluation/robustness_v1/rob_hf_hi_en_b_02779__lowpass.wav
rob_hf_hi_en_b_02779__multi_codec,hf_hi_en_b_02779,fake,Hinglish,lingamvamshikrishnareddy_octopus_tts_hinglish,Azure_Edge_Neural_TTS,test,multi_codec,4.44,WAV/PCM_16,39120e1045f5cf035069a9e162e3db467e7f0fe8f37434729b198190980ab1e2,3b2c637fc4d0839c,data/evaluation/robustness_v1/rob_hf_hi_en_b_02779__multi_codec.wav
rob_hf_hi_en_b_02797__mp3,hf_hi_en_b_02797,fake,Hinglish,lingamvamshikrishnareddy_octopus_tts_hinglish,Azure_Edge_Neural_TTS,test,mp3,4.44,WAV/PCM_16,a069bc4e61501791032ceba4aa67ad64f4604eb77c7f79378c0f6afa24537632,fa60bdc057b08742,data/evaluation/robustness_v1/rob_hf_hi_en_b_02797__mp3.wav
rob_hf_hi_en_b_02797__opus,hf_hi_en_b_02797,fake,Hinglish,lingamvamshikrishnareddy_octopus_tts_hinglish,Azure_Edge_Neural_TTS,test,opus,4.44,WAV/PCM_16,e2dfb4916e1c9fa9201b63cad3443fe2ea5fa25da894c7b90fcab096573a3759,fa60bdc057b08742,data/evaluation/robustness_v1/rob_hf_hi_en_b_02797__opus.wav
rob_hf_hi_en_b_02797__telephone,hf_hi_en_b_02797,fake,Hinglish,lingamvamshikrishnareddy_octopus_tts_hinglish,Azure_Edge_Neural_TTS,test,telephone,4.44,WAV/PCM_16,2cfea2bada434c83936595f62447541bb1f62e43b0a5b107e233bbc7f6725b3e,fa60bdc057b08742,data/evaluation/robustness_v1/rob_hf_hi_en_b_02797__telephone.wav
rob_hf_hi_en_b_02797__lowpass,hf_hi_en_b_02797,fake,Hinglish,lingamvamshikrishnareddy_octopus_tts_hinglish,Azure_Edge_Neural_TTS,test,lowpass,4.44,WAV/PCM_16,b6913657acaba9d8b748a81f71f9e39813b4d6db25fe5764998c852324743bf0,fa60bdc057b08742,data/evaluation/robustness_v1/rob_hf_hi_en_b_02797__lowpass.wav
rob_hf_hi_en_b_02797__multi_codec,hf_hi_en_b_02797,fake,Hinglish,lingamvamshikrishnareddy_octopus_tts_hinglish,Azure_Edge_Neural_TTS,test,multi_codec,4.44,WAV/PCM_16,a44dac34535883af61937822231327f2bff5f1e6a1a2d9773e8142ef410f0b41,fa60bdc057b08742,data/evaluation/robustness_v1/rob_hf_hi_en_b_02797__multi_codec.wav
rob_hf_hi_en_b_02926__mp3,hf_hi_en_b_02926,fake,Hinglish,lingamvamshikrishnareddy_octopus_tts_hinglish,Azure_Edge_Neural_TTS,test,mp3,5.328,WAV/PCM_16,a5d62feb8cd79643a51e9eb0bba52c5a598c18c3a56725c39841418b640b0be5,e9740bd724bdf67e,data/evaluation/robustness_v1/rob_hf_hi_en_b_02926__mp3.wav
rob_hf_hi_en_b_02926__opus,hf_hi_en_b_02926,fake,Hinglish,lingamvamshikrishnareddy_octopus_tts_hinglish,Azure_Edge_Neural_TTS,test,opus,5.328,WAV/PCM_16,fb98504d5fad97671bea6159b5125d4b1cd914cb5daf988b81b77dc2e77c9e55,e9740bd724bdf67e,data/evaluation/robustness_v1/rob_hf_hi_en_b_02926__opus.wav
rob_hf_hi_en_b_02926__telephone,hf_hi_en_b_02926,fake,Hinglish,lingamvamshikrishnareddy_octopus_tts_hinglish,Azure_Edge_Neural_TTS,test,telephone,5.328,WAV/PCM_16,78dc3df40a2acdf386a9034877fdab3ab4d3276782087261625ed579d292febb,e9740bd724bdf67e,data/evaluation/robustness_v1/rob_hf_hi_en_b_02926__telephone.wav
rob_hf_hi_en_b_02926__lowpass,hf_hi_en_b_02926,fake,Hinglish,lingamvamshikrishnareddy_octopus_tts_hinglish,Azure_Edge_Neural_TTS,test,lowpass,5.328,WAV/PCM_16,e8336ce754e2cd73d87d764657a5acf651419d6abd63e0854e728474566693e3,e9740bd724bdf67e,data/evaluation/robustness_v1/rob_hf_hi_en_b_02926__lowpass.wav
rob_hf_hi_en_b_02926__multi_codec,hf_hi_en_b_02926,fake,Hinglish,lingamvamshikrishnareddy_octopus_tts_hinglish,Azure_Edge_Neural_TTS,test,multi_codec,5.328,WAV/PCM_16,4f8e69730197a09025a2caab6713bc809074ac12cf22149d0b66f9638c1aa383,e9740bd724bdf67e,data/evaluation/robustness_v1/rob_hf_hi_en_b_02926__multi_codec.wav
rob_hf_hi_en_b_02991__mp3,hf_hi_en_b_02991,fake,Hinglish,lingamvamshikrishnareddy_octopus_tts_hinglish,Azure_Edge_Neural_TTS,test,mp3,5.832,WAV/PCM_16,110aa13360fe94abf4e5da8bd7fc7951b726159eeee05761f239a1d7f851fa79,c07996d60a309444,data/evaluation/robustness_v1/rob_hf_hi_en_b_02991__mp3.wav
rob_hf_hi_en_b_02991__opus,hf_hi_en_b_02991,fake,Hinglish,lingamvamshikrishnareddy_octopus_tts_hinglish,Azure_Edge_Neural_TTS,test,opus,5.832,WAV/PCM_16,c72063ddbdf32fbfb95b566043667e67ea7313f662fd4ff26215e18a396f3102,c07996d60a309444,data/evaluation/robustness_v1/rob_hf_hi_en_b_02991__opus.wav
rob_hf_hi_en_b_02991__telephone,hf_hi_en_b_02991,fake,Hinglish,lingamvamshikrishnareddy_octopus_tts_hinglish,Azure_Edge_Neural_TTS,test,telephone,5.832,WAV/PCM_16,05e31ed9fae910eae17ef101ca98c4520f866b8c1f30fbc3d528e27294b61bb2,c07996d60a309444,data/evaluation/robustness_v1/rob_hf_hi_en_b_02991__telephone.wav
rob_hf_hi_en_b_02991__lowpass,hf_hi_en_b_02991,fake,Hinglish,lingamvamshikrishnareddy_octopus_tts_hinglish,Azure_Edge_Neural_TTS,test,lowpass,5.832,WAV/PCM_16,bec81e6d916d348302cc9ead02349a46faafbf633e232a0b2b3737f2bee72861,c07996d60a309444,data/evaluation/robustness_v1/rob_hf_hi_en_b_02991__lowpass.wav
rob_hf_hi_en_b_02991__multi_codec,hf_hi_en_b_02991,fake,Hinglish,lingamvamshikrishnareddy_octopus_tts_hinglish,Azure_Edge_Neural_TTS,test,multi_codec,5.832,WAV/PCM_16,6aea86baaf2868f8e9ed1fae39a2d63be48582beee44ae8376bdb82dc208d84d,c07996d60a309444,data/evaluation/robustness_v1/rob_hf_hi_en_b_02991__multi_codec.wav
rob_hf_hi_en_b_03055__mp3,hf_hi_en_b_03055,fake,Hinglish,lingamvamshikrishnareddy_octopus_tts_hinglish,Azure_Edge_Neural_TTS,test,mp3,4.8,WAV/PCM_16,74c973619b258ce7419e2b9d2d0b86ddbc7eaefb328a2c767824df8e24640bea,76fff5dbd7dd7322,data/evaluation/robustness_v1/rob_hf_hi_en_b_03055__mp3.wav
rob_hf_hi_en_b_03055__opus,hf_hi_en_b_03055,fake,Hinglish,lingamvamshikrishnareddy_octopus_tts_hinglish,Azure_Edge_Neural_TTS,test,opus,4.8,WAV/PCM_16,85d65b60054e4a37669633459323fdf5bf8d0e99eef2b76f7b19e0e3d497d47c,76fff5dbd7dd7322,data/evaluation/robustness_v1/rob_hf_hi_en_b_03055__opus.wav
rob_hf_hi_en_b_03055__telephone,hf_hi_en_b_03055,fake,Hinglish,lingamvamshikrishnareddy_octopus_tts_hinglish,Azure_Edge_Neural_TTS,test,telephone,4.8,WAV/PCM_16,3e80b8388f517f043e76351e7c34764878f01005debe824d5b6c69a29dd37055,76fff5dbd7dd7322,data/evaluation/robustness_v1/rob_hf_hi_en_b_03055__telephone.wav
rob_hf_hi_en_b_03055__lowpass,hf_hi_en_b_03055,fake,Hinglish,lingamvamshikrishnareddy_octopus_tts_hinglish,Azure_Edge_Neural_TTS,test,lowpass,4.8,WAV/PCM_16,be63d5cd88b491250a8de9cb3a33fb32f860572e0cb0f4881f14bad1e8309a97,76fff5dbd7dd7322,data/evaluation/robustness_v1/rob_hf_hi_en_b_03055__lowpass.wav
rob_hf_hi_en_b_03055__multi_codec,hf_hi_en_b_03055,fake,Hinglish,lingamvamshikrishnareddy_octopus_tts_hinglish,Azure_Edge_Neural_TTS,test,multi_codec,4.8,WAV/PCM_16,6f4c6c2f6b83b5694117eb45e7fd340caafe2bd1373d2a932cbed263a628ed1d,76fff5dbd7dd7322,data/evaluation/robustness_v1/rob_hf_hi_en_b_03055__multi_codec.wav
rob_hf_hi_en_b_03112__mp3,hf_hi_en_b_03112,fake,Hinglish,lingamvamshikrishnareddy_octopus_tts_hinglish,Azure_Edge_Neural_TTS,test,mp3,6.072,WAV/PCM_16,c17ed59124c4db802bd1e4497324a4f13e5987d2a912fc05e2174f74f7160d06,114b99cab5624074,data/evaluation/robustness_v1/rob_hf_hi_en_b_03112__mp3.wav
rob_hf_hi_en_b_03112__opus,hf_hi_en_b_03112,fake,Hinglish,lingamvamshikrishnareddy_octopus_tts_hinglish,Azure_Edge_Neural_TTS,test,opus,6.072,WAV/PCM_16,71cf433a71d9ca3ffb872e3626107a52bd8bb1a7c50c405ab5d22905817f1ae2,114b99cab5624074,data/evaluation/robustness_v1/rob_hf_hi_en_b_03112__opus.wav
rob_hf_hi_en_b_03112__telephone,hf_hi_en_b_03112,fake,Hinglish,lingamvamshikrishnareddy_octopus_tts_hinglish,Azure_Edge_Neural_TTS,test,telephone,6.072,WAV/PCM_16,59fc42e2b4b9d5352731be3873301c007bf29005242637d0fd2d54359a01f083,114b99cab5624074,data/evaluation/robustness_v1/rob_hf_hi_en_b_03112__telephone.wav
rob_hf_hi_en_b_03112__lowpass,hf_hi_en_b_03112,fake,Hinglish,lingamvamshikrishnareddy_octopus_tts_hinglish,Azure_Edge_Neural_TTS,test,lowpass,6.072,WAV/PCM_16,d959f65acf927886010bbe48bce4e5cc84d093a42fd8f9be4a92100b01127567,114b99cab5624074,data/evaluation/robustness_v1/rob_hf_hi_en_b_03112__lowpass.wav
rob_hf_hi_en_b_03112__multi_codec,hf_hi_en_b_03112,fake,Hinglish,lingamvamshikrishnareddy_octopus_tts_hinglish,Azure_Edge_Neural_TTS,test,multi_codec,6.072,WAV/PCM_16,8ec5e4455e8148dfa9d22f584713465682b619675e9de2aeedbd35c3198f6dc6,114b99cab5624074,data/evaluation/robustness_v1/rob_hf_hi_en_b_03112__multi_codec.wav
rob_hf_hi_en_b_03116__mp3,hf_hi_en_b_03116,fake,Hinglish,lingamvamshikrishnareddy_octopus_tts_hinglish,Azure_Edge_Neural_TTS,test,mp3,4.704,WAV/PCM_16,638a7bcfacbff4d061d1dcf1ce87a0419db039d401ba3919261ce57e64a32090,807f1c3457d3c625,data/evaluation/robustness_v1/rob_hf_hi_en_b_03116__mp3.wav
rob_hf_hi_en_b_03116__opus,hf_hi_en_b_03116,fake,Hinglish,lingamvamshikrishnareddy_octopus_tts_hinglish,Azure_Edge_Neural_TTS,test,opus,4.704,WAV/PCM_16,d40d47c7297db2e0c2209baa5fa2a00f45b4506898b5f625303afb4becd1a248,807f1c3457d3c625,data/evaluation/robustness_v1/rob_hf_hi_en_b_03116__opus.wav
rob_hf_hi_en_b_03116__telephone,hf_hi_en_b_03116,fake,Hinglish,lingamvamshikrishnareddy_octopus_tts_hinglish,Azure_Edge_Neural_TTS,test,telephone,4.704,WAV/PCM_16,6790ee68a2ee8a4d27a7249fc9d470652435bfad247ed92d8767397a394b419c,807f1c3457d3c625,data/evaluation/robustness_v1/rob_hf_hi_en_b_03116__telephone.wav
rob_hf_hi_en_b_03116__lowpass,hf_hi_en_b_03116,fake,Hinglish,lingamvamshikrishnareddy_octopus_tts_hinglish,Azure_Edge_Neural_TTS,test,lowpass,4.704,WAV/PCM_16,33805490ad9214c5e2c44e68d07fcba97131a17692c8a5367e26fce2421c3d3c,807f1c3457d3c625,data/evaluation/robustness_v1/rob_hf_hi_en_b_03116__lowpass.wav
rob_hf_hi_en_b_03116__multi_codec,hf_hi_en_b_03116,fake,Hinglish,lingamvamshikrishnareddy_octopus_tts_hinglish,Azure_Edge_Neural_TTS,test,multi_codec,4.704,WAV/PCM_16,4804daa76daf14ff9e3dc306986659a23c556e88ad963d7240a645af081e00a9,807f1c3457d3c625,data/evaluation/robustness_v1/rob_hf_hi_en_b_03116__multi_codec.wav
rob_hf_hi_en_b_03117__mp3,hf_hi_en_b_03117,fake,Hinglish,lingamvamshikrishnareddy_octopus_tts_hinglish,Azure_Edge_Neural_TTS,test,mp3,3.984,WAV/PCM_16,94f3325adac8a7b3f73e92fff79082e899172bdb05efdb56a5022d733e1ee743,807f1c3457d3c625,data/evaluation/robustness_v1/rob_hf_hi_en_b_03117__mp3.wav
rob_hf_hi_en_b_03117__opus,hf_hi_en_b_03117,fake,Hinglish,lingamvamshikrishnareddy_octopus_tts_hinglish,Azure_Edge_Neural_TTS,test,opus,3.984,WAV/PCM_16,b16828e5ad402e9ba3968787ead0038e8af9d8b2838e8ca3ac0e3f3b71e5562d,807f1c3457d3c625,data/evaluation/robustness_v1/rob_hf_hi_en_b_03117__opus.wav
rob_hf_hi_en_b_03117__telephone,hf_hi_en_b_03117,fake,Hinglish,lingamvamshikrishnareddy_octopus_tts_hinglish,Azure_Edge_Neural_TTS,test,telephone,3.984,WAV/PCM_16,7f3aea164d36268f257ea33dfa0f8874da3d8536fd5c5e84f5585fb9bc1942d3,807f1c3457d3c625,data/evaluation/robustness_v1/rob_hf_hi_en_b_03117__telephone.wav
rob_hf_hi_en_b_03117__lowpass,hf_hi_en_b_03117,fake,Hinglish,lingamvamshikrishnareddy_octopus_tts_hinglish,Azure_Edge_Neural_TTS,test,lowpass,3.984,WAV/PCM_16,da008c7d1f0a4a21e35e112e1f5a42dc97eef98247fb66661dd8d69f17f6e080,807f1c3457d3c625,data/evaluation/robustness_v1/rob_hf_hi_en_b_03117__lowpass.wav
rob_hf_hi_en_b_03117__multi_codec,hf_hi_en_b_03117,fake,Hinglish,lingamvamshikrishnareddy_octopus_tts_hinglish,Azure_Edge_Neural_TTS,test,multi_codec,3.984,WAV/PCM_16,0bfb942f781fc39edd071bc84f04625175ae4acff07a267ffff01dfa25e57e28,807f1c3457d3c625,data/evaluation/robustness_v1/rob_hf_hi_en_b_03117__multi_codec.wav
rob_hf_hi_en_b_03131__mp3,hf_hi_en_b_03131,fake,Hinglish,lingamvamshikrishnareddy_octopus_tts_hinglish,Azure_Edge_Neural_TTS,test,mp3,4.752,WAV/PCM_16,cb0af791efa808b91f0abc74bdfddaaf4ed9ff1bf3793cb97b2cb2941db65ae0,bd1e9d23a63ee52b,data/evaluation/robustness_v1/rob_hf_hi_en_b_03131__mp3.wav
rob_hf_hi_en_b_03131__opus,hf_hi_en_b_03131,fake,Hinglish,lingamvamshikrishnareddy_octopus_tts_hinglish,Azure_Edge_Neural_TTS,test,opus,4.752,WAV/PCM_16,f6dce057ed00eaac7c18489767944e1e255938450451ca40115ed2f0afe3c4cd,bd1e9d23a63ee52b,data/evaluation/robustness_v1/rob_hf_hi_en_b_03131__opus.wav
rob_hf_hi_en_b_03131__telephone,hf_hi_en_b_03131,fake,Hinglish,lingamvamshikrishnareddy_octopus_tts_hinglish,Azure_Edge_Neural_TTS,test,telephone,4.752,WAV/PCM_16,ec263602bedf8d6b5f6bdc571b4c8a8b36f2bfad5e7df48a98f7ec2b1b85dfe4,bd1e9d23a63ee52b,data/evaluation/robustness_v1/rob_hf_hi_en_b_03131__telephone.wav
rob_hf_hi_en_b_03131__lowpass,hf_hi_en_b_03131,fake,Hinglish,lingamvamshikrishnareddy_octopus_tts_hinglish,Azure_Edge_Neural_TTS,test,lowpass,4.752,WAV/PCM_16,0eae2626cd81adcc3416a3b50455507c98b0e3e1142f74155882ad13eed7190b,bd1e9d23a63ee52b,data/evaluation/robustness_v1/rob_hf_hi_en_b_03131__lowpass.wav
rob_hf_hi_en_b_03131__multi_codec,hf_hi_en_b_03131,fake,Hinglish,lingamvamshikrishnareddy_octopus_tts_hinglish,Azure_Edge_Neural_TTS,test,multi_codec,4.752,WAV/PCM_16,b548f73b101ea6c518eccf204b35fe0f5165c3980452d000059ce2152a27228f,bd1e9d23a63ee52b,data/evaluation/robustness_v1/rob_hf_hi_en_b_03131__multi_codec.wav
rob_hf_hi_en_b_03152__mp3,hf_hi_en_b_03152,fake,Hinglish,lingamvamshikrishnareddy_octopus_tts_hinglish,Azure_Edge_Neural_TTS,test,mp3,5.736,WAV/PCM_16,9c210d5b7a1b414fc4dccd3c8cf0191fc083e14d3df328b4c1c045c1c42beea3,9b82a6c2ccafdb2f,data/evaluation/robustness_v1/rob_hf_hi_en_b_03152__mp3.wav
rob_hf_hi_en_b_03152__opus,hf_hi_en_b_03152,fake,Hinglish,lingamvamshikrishnareddy_octopus_tts_hinglish,Azure_Edge_Neural_TTS,test,opus,5.736,WAV/PCM_16,8b7d164901fd88201109364424dd06ea9fda54ecff8ca489e3845b4eb5355cfc,9b82a6c2ccafdb2f,data/evaluation/robustness_v1/rob_hf_hi_en_b_03152__opus.wav
rob_hf_hi_en_b_03152__telephone,hf_hi_en_b_03152,fake,Hinglish,lingamvamshikrishnareddy_octopus_tts_hinglish,Azure_Edge_Neural_TTS,test,telephone,5.736,WAV/PCM_16,d035095b614ce0c136e991c50a18338141ba0f795e10e128823755d1530345c4,9b82a6c2ccafdb2f,data/evaluation/robustness_v1/rob_hf_hi_en_b_03152__telephone.wav
rob_hf_hi_en_b_03152__lowpass,hf_hi_en_b_03152,fake,Hinglish,lingamvamshikrishnareddy_octopus_tts_hinglish,Azure_Edge_Neural_TTS,test,lowpass,5.736,WAV/PCM_16,9032b03f6ad7bf8526e1a557b8c879693dc4e7fa0818932b7662740403357921,9b82a6c2ccafdb2f,data/evaluation/robustness_v1/rob_hf_hi_en_b_03152__lowpass.wav
rob_hf_hi_en_b_03152__multi_codec,hf_hi_en_b_03152,fake,Hinglish,lingamvamshikrishnareddy_octopus_tts_hinglish,Azure_Edge_Neural_TTS,test,multi_codec,5.736,WAV/PCM_16,5aadf096de6c7796daeac332e11028a568640bd54d04352af75cfc3b9acf55ab,9b82a6c2ccafdb2f,data/evaluation/robustness_v1/rob_hf_hi_en_b_03152__multi_codec.wav
rob_hf_hi_en_b_03188__mp3,hf_hi_en_b_03188,fake,Hinglish,lingamvamshikrishnareddy_octopus_tts_hinglish,Azure_Edge_Neural_TTS,test,mp3,4.608,WAV/PCM_16,f6a44e6d771f0f9a7b4ce1b6bc38975621644cc47d293afe7a9dc57bff42d783,18208ff9d560bbaa,data/evaluation/robustness_v1/rob_hf_hi_en_b_03188__mp3.wav
rob_hf_hi_en_b_03188__opus,hf_hi_en_b_03188,fake,Hinglish,lingamvamshikrishnareddy_octopus_tts_hinglish,Azure_Edge_Neural_TTS,test,opus,4.608,WAV/PCM_16,fbb7c4ca237833bb733b2db05ed635c59781383b0c8689fe0738315be07a1887,18208ff9d560bbaa,data/evaluation/robustness_v1/rob_hf_hi_en_b_03188__opus.wav
rob_hf_hi_en_b_03188__telephone,hf_hi_en_b_03188,fake,Hinglish,lingamvamshikrishnareddy_octopus_tts_hinglish,Azure_Edge_Neural_TTS,test,telephone,4.608,WAV/PCM_16,5a7e6880296119060486303de3597a8188328226bff1c895ffba037361cf21de,18208ff9d560bbaa,data/evaluation/robustness_v1/rob_hf_hi_en_b_03188__telephone.wav
rob_hf_hi_en_b_03188__lowpass,hf_hi_en_b_03188,fake,Hinglish,lingamvamshikrishnareddy_octopus_tts_hinglish,Azure_Edge_Neural_TTS,test,lowpass,4.608,WAV/PCM_16,08f83c15ab18fb925de967345b3ca62b6e398845e9c2e8f50c3e303bf85a4c14,18208ff9d560bbaa,data/evaluation/robustness_v1/rob_hf_hi_en_b_03188__lowpass.wav
rob_hf_hi_en_b_03188__multi_codec,hf_hi_en_b_03188,fake,Hinglish,lingamvamshikrishnareddy_octopus_tts_hinglish,Azure_Edge_Neural_TTS,test,multi_codec,4.608,WAV/PCM_16,3992e387eacd53c88826614743fd4cda1aa381741752906e170309bfde6be35e,18208ff9d560bbaa,data/evaluation/robustness_v1/rob_hf_hi_en_b_03188__multi_codec.wav
